DEBUG:root:
*********************************************
	Starting debug with standard test program
*********************************************

DEBUG:root:start <function program at 0x7f00d2e94578>
DEBUG:root:getsym: varsym var
DEBUG:root:start <function block at 0x7f00d2e94488>
DEBUG:root:accepting constsym == varsym
DEBUG:root:accepting varsym == varsym
DEBUG:root:getsym: ident x
DEBUG:root:expecting ident
DEBUG:root:accepting ident == ident
DEBUG:root:getsym: comma ,
DEBUG:root:accepting comma == comma
DEBUG:root:getsym: ident squ
DEBUG:root:expecting ident
DEBUG:root:accepting ident == ident
DEBUG:root:getsym: semicolon ;
DEBUG:root:accepting comma == semicolon
DEBUG:root:expecting semicolon
DEBUG:root:accepting semicolon == semicolon
DEBUG:root:getsym: procsym procedure
DEBUG:root:accepting procsym == procsym
DEBUG:root:getsym: ident square
DEBUG:root:expecting ident
DEBUG:root:accepting ident == ident
DEBUG:root:getsym: semicolon ;
DEBUG:root:expecting semicolon
DEBUG:root:accepting semicolon == semicolon
DEBUG:root:getsym: beginsym begin
DEBUG:root:start <function block at 0x7f00d2e94488>
DEBUG:root:accepting constsym == beginsym
DEBUG:root:accepting varsym == beginsym
DEBUG:root:accepting procsym == beginsym
DEBUG:root:start <function statement at 0x7f00d2e94398>
DEBUG:root:accepting ident == beginsym
DEBUG:root:accepting callsym == beginsym
DEBUG:root:accepting beginsym == beginsym
DEBUG:root:getsym: ident squ
DEBUG:root:StatList : new 139641515273680
DEBUG:root:start <function statement at 0x7f00d2e94398>
DEBUG:root:accepting ident == ident
DEBUG:root:getsym: becomes :=
DEBUG:root:Looking up squ
DEBUG:root:Looking up in parent
DEBUG:root:Looking up squ
DEBUG:root:expecting becomes
DEBUG:root:accepting becomes == becomes
DEBUG:root:getsym: ident x
DEBUG:root:start <function expression at 0x7f00d2e941b8>
DEBUG:root:start <function term at 0x7f00d2e940c8>
DEBUG:root:start <function factor at 0x7f00d2e93f50>
DEBUG:root:accepting ident == ident
DEBUG:root:getsym: times *
DEBUG:root:Looking up x
DEBUG:root:Looking up in parent
DEBUG:root:Looking up x
DEBUG:root:end <function factor at 0x7f00d2e93f50>
DEBUG:root:getsym: ident x
DEBUG:root:start <function factor at 0x7f00d2e93f50>
DEBUG:root:accepting ident == ident
DEBUG:root:getsym: endsym end
DEBUG:root:Looking up x
DEBUG:root:Looking up in parent
DEBUG:root:Looking up x
DEBUG:root:end <function factor at 0x7f00d2e93f50>
DEBUG:root:end <function term at 0x7f00d2e940c8>
DEBUG:root:end <function expression at 0x7f00d2e941b8>
DEBUG:root:end <function statement at 0x7f00d2e94398>
DEBUG:root:StatList: appending 139641494565200 of type <class 'ir2.AssignStat'> to 139641515273680
DEBUG:root:accepting semicolon == endsym
DEBUG:root:expecting endsym
DEBUG:root:accepting endsym == endsym
DEBUG:root:getsym: semicolon ;
DEBUG:root:StatList 139641515273680 : [
DEBUG:root:139641494565200 
DEBUG:root:]
DEBUG:root:end <function statement at 0x7f00d2e94398>
DEBUG:root:end <function block at 0x7f00d2e94488>
DEBUG:root:expecting semicolon
DEBUG:root:accepting semicolon == semicolon
DEBUG:root:getsym: beginsym begin
DEBUG:root:Looking up square
DEBUG:root:accepting procsym == beginsym
DEBUG:root:start <function statement at 0x7f00d2e94398>
DEBUG:root:accepting ident == beginsym
DEBUG:root:accepting callsym == beginsym
DEBUG:root:accepting beginsym == beginsym
DEBUG:root:getsym: ident x
DEBUG:root:StatList : new 139641494565392
DEBUG:root:start <function statement at 0x7f00d2e94398>
DEBUG:root:accepting ident == ident
DEBUG:root:getsym: becomes :=
DEBUG:root:Looking up x
DEBUG:root:expecting becomes
DEBUG:root:accepting becomes == becomes
DEBUG:root:getsym: number 1
DEBUG:root:start <function expression at 0x7f00d2e941b8>
DEBUG:root:start <function term at 0x7f00d2e940c8>
DEBUG:root:start <function factor at 0x7f00d2e93f50>
DEBUG:root:accepting ident == number
DEBUG:root:accepting number == number
DEBUG:root:getsym: semicolon ;
DEBUG:root:end <function factor at 0x7f00d2e93f50>
DEBUG:root:end <function term at 0x7f00d2e940c8>
DEBUG:root:end <function expression at 0x7f00d2e941b8>
DEBUG:root:end <function statement at 0x7f00d2e94398>
DEBUG:root:StatList: appending 139641494565584 of type <class 'ir2.AssignStat'> to 139641494565392
DEBUG:root:accepting semicolon == semicolon
DEBUG:root:getsym: whilesym while
DEBUG:root:start <function statement at 0x7f00d2e94398>
DEBUG:root:accepting ident == whilesym
DEBUG:root:accepting callsym == whilesym
DEBUG:root:accepting beginsym == whilesym
DEBUG:root:accepting ifsym == whilesym
DEBUG:root:accepting whilesym == whilesym
DEBUG:root:getsym: ident x
DEBUG:root:start <function condition at 0x7f00d2e942a8>
DEBUG:root:accepting oddsym == ident
DEBUG:root:start <function expression at 0x7f00d2e941b8>
DEBUG:root:start <function term at 0x7f00d2e940c8>
DEBUG:root:start <function factor at 0x7f00d2e93f50>
DEBUG:root:accepting ident == ident
DEBUG:root:getsym: leq <=
DEBUG:root:Looking up x
DEBUG:root:end <function factor at 0x7f00d2e93f50>
DEBUG:root:end <function term at 0x7f00d2e940c8>
DEBUG:root:end <function expression at 0x7f00d2e941b8>
DEBUG:root:getsym: number 10
DEBUG:root:condition operator leq number
DEBUG:root:start <function expression at 0x7f00d2e941b8>
DEBUG:root:start <function term at 0x7f00d2e940c8>
DEBUG:root:start <function factor at 0x7f00d2e93f50>
DEBUG:root:accepting ident == number
DEBUG:root:accepting number == number
DEBUG:root:getsym: dosym do
DEBUG:root:end <function factor at 0x7f00d2e93f50>
DEBUG:root:end <function term at 0x7f00d2e940c8>
DEBUG:root:end <function expression at 0x7f00d2e941b8>
DEBUG:root:end <function condition at 0x7f00d2e942a8>
DEBUG:root:expecting dosym
DEBUG:root:accepting dosym == dosym
DEBUG:root:getsym: beginsym begin
DEBUG:root:start <function statement at 0x7f00d2e94398>
DEBUG:root:accepting ident == beginsym
DEBUG:root:accepting callsym == beginsym
DEBUG:root:accepting beginsym == beginsym
DEBUG:root:getsym: callsym call
DEBUG:root:StatList : new 139641494565904
DEBUG:root:start <function statement at 0x7f00d2e94398>
DEBUG:root:accepting ident == callsym
DEBUG:root:accepting callsym == callsym
DEBUG:root:getsym: ident square
DEBUG:root:expecting ident
DEBUG:root:accepting ident == ident
DEBUG:root:getsym: semicolon ;
DEBUG:root:Looking up square
DEBUG:root:end <function statement at 0x7f00d2e94398>
DEBUG:root:StatList: appending 139641494566032 of type <class 'ir2.CallStat'> to 139641494565904
DEBUG:root:accepting semicolon == semicolon
DEBUG:root:getsym: ident x
DEBUG:root:start <function statement at 0x7f00d2e94398>
DEBUG:root:accepting ident == ident
DEBUG:root:getsym: becomes :=
DEBUG:root:Looking up x
DEBUG:root:expecting becomes
DEBUG:root:accepting becomes == becomes
DEBUG:root:getsym: ident x
DEBUG:root:start <function expression at 0x7f00d2e941b8>
DEBUG:root:start <function term at 0x7f00d2e940c8>
DEBUG:root:start <function factor at 0x7f00d2e93f50>
DEBUG:root:accepting ident == ident
DEBUG:root:getsym: plus +
DEBUG:root:Looking up x
DEBUG:root:end <function factor at 0x7f00d2e93f50>
DEBUG:root:end <function term at 0x7f00d2e940c8>
DEBUG:root:getsym: number 1
DEBUG:root:start <function term at 0x7f00d2e940c8>
DEBUG:root:start <function factor at 0x7f00d2e93f50>
DEBUG:root:accepting ident == number
DEBUG:root:accepting number == number
DEBUG:root:getsym: semicolon ;
DEBUG:root:end <function factor at 0x7f00d2e93f50>
DEBUG:root:end <function term at 0x7f00d2e940c8>
DEBUG:root:end <function expression at 0x7f00d2e941b8>
DEBUG:root:end <function statement at 0x7f00d2e94398>
DEBUG:root:StatList: appending 139641494566480 of type <class 'ir2.AssignStat'> to 139641494565904
DEBUG:root:accepting semicolon == semicolon
DEBUG:root:getsym: print !
DEBUG:root:start <function statement at 0x7f00d2e94398>
DEBUG:root:accepting ident == print
DEBUG:root:accepting callsym == print
DEBUG:root:accepting beginsym == print
DEBUG:root:accepting ifsym == print
DEBUG:root:accepting whilesym == print
DEBUG:root:accepting print == print
DEBUG:root:getsym: ident squ
DEBUG:root:expecting ident
DEBUG:root:accepting ident == ident
DEBUG:root:getsym: endsym end
DEBUG:root:Looking up squ
DEBUG:root:end <function statement at 0x7f00d2e94398>
DEBUG:root:StatList: appending 139641494566544 of type <class 'ir2.PrintStat'> to 139641494565904
DEBUG:root:accepting semicolon == endsym
DEBUG:root:expecting endsym
DEBUG:root:accepting endsym == endsym
DEBUG:root:getsym: endsym end
DEBUG:root:StatList 139641494565904 : [
DEBUG:root:139641494566032 
DEBUG:root:139641494566480 
DEBUG:root:139641494566544 
DEBUG:root:]
DEBUG:root:end <function statement at 0x7f00d2e94398>
DEBUG:root:end <function statement at 0x7f00d2e94398>
DEBUG:root:StatList: appending 139641494566608 of type <class 'ir2.WhileStat'> to 139641494565392
DEBUG:root:accepting semicolon == endsym
DEBUG:root:expecting endsym
DEBUG:root:accepting endsym == endsym
DEBUG:root:getsym: period .
DEBUG:root:StatList 139641494565392 : [
DEBUG:root:139641494565584 
DEBUG:root:139641494566608 
DEBUG:root:]
DEBUG:root:end <function statement at 0x7f00d2e94398>
DEBUG:root:end <function block at 0x7f00d2e94488>
DEBUG:root:expecting period
DEBUG:root:accepting period == period
DEBUG:root:end <function program at 0x7f00d2e94578>
DEBUG:root:
 <class 'ir2.Block'> 139641494565328 {
	<class 'ir2.DefinitionList'> 139641515273040 {
		<class 'ir2.FunctionDef'> 139641494565264 {
			function square 
			<class 'ir2.Block'> 139641515273488 {
				<class 'ir2.DefinitionList'> 139641515273424 {
				}
				<class 'ir2.StatList'> 139641515273680 {
					<class 'ir2.AssignStat'> 139641494565200 {
						int squ 
						<class 'ir2.BinExpr'> 139641494565136 {
							'times'
							<class 'ir2.Var'> 139641494564944 {
								int x 
							}
							<class 'ir2.Var'> 139641494565072 {
								int x 
							}
						}
					}
				}
			}
		}
	}
	<class 'ir2.StatList'> 139641494565392 {
		<class 'ir2.AssignStat'> 139641494565584 {
			int x 
			<class 'ir2.Const'> 139641494565456 {
				int int1 1 const 
			}
		}
		<class 'ir2.WhileStat'> 139641494566608 {
			<class 'ir2.BinExpr'> 139641494565840 {
				'leq'
				<class 'ir2.Var'> 139641494565648 {
					int x 
				}
				<class 'ir2.Const'> 139641494565712 {
					int int2 10 const 
				}
			}
			<class 'ir2.StatList'> 139641494565904 {
				<class 'ir2.CallStat'> 139641494566032 {
					<class 'ir2.CallExpr'> 139641494565968 {
						function square 
					}
				}
				<class 'ir2.AssignStat'> 139641494566480 {
					int x 
					<class 'ir2.BinExpr'> 139641494566416 {
						'plus'
						<class 'ir2.Var'> 139641494566160 {
							int x 
						}
						<class 'ir2.Const'> 139641494566288 {
							int int3 1 const 
						}
					}
				}
				<class 'ir2.PrintStat'> 139641494566544 {
					int squ 
				}
			}
		}
	}
} 

DEBUG:root:Lowering <class 'ir2.Const'> 139641494565456
DEBUG:root:StatList : new 139641494566992
DEBUG:root:Lowering <class 'ir2.AssignStat'> 139641494565584
DEBUG:root:Lowering <class 'ir2.Var'> 139641494565648
DEBUG:root:Lowering <class 'ir2.Const'> 139641494565712
DEBUG:root:StatList : new 139641494567376
DEBUG:root:Lowering <class 'ir2.BinExpr'> 139641494565840
DEBUG:root:Lowering <class 'ir2.CallExpr'> 139641494565968
DEBUG:root:Cannot lower <class 'ir2.CallStat'> 'lower' is not in list
DEBUG:root:Lowering <class 'ir2.Var'> 139641494566160
DEBUG:root:Lowering <class 'ir2.Const'> 139641494566288
DEBUG:root:StatList : new 139641494567824
DEBUG:root:Lowering <class 'ir2.BinExpr'> 139641494566416
DEBUG:root:StatList : new 139641494566288
DEBUG:root:Lowering <class 'ir2.AssignStat'> 139641494566480
DEBUG:root:Cannot lower <class 'ir2.PrintStat'> 'lower' is not in list
DEBUG:root:Cannot lower <class 'ir2.StatList'> 'NoneType' object is not callable
DEBUG:root:None attached to <class 'ir2.StatList'> 139641494567376 {
	label2 : <class 'ir2.LoadStat'> 139641494567184 {
		int int5 register
		int x 
	}
	<class 'ir2.LoadStat'> 139641494567248 {
		int int6 register
		int int2 10 const 
	}
	<class 'ir2.BinStat'> 139641494567312 {
		'leq'
		int int7 register
		int int5 register
		int int6 register
	}
}
DEBUG:root:StatList : new 139641494568016
DEBUG:root:Lowering <class 'ir2.WhileStat'> 139641494566608
DEBUG:root:Cannot lower <class 'ir2.StatList'> 'NoneType' object is not callable
DEBUG:root:Lowering <class 'ir2.Var'> 139641494564944
DEBUG:root:Lowering <class 'ir2.Var'> 139641494565072
DEBUG:root:StatList : new 139641494568528
DEBUG:root:Lowering <class 'ir2.BinExpr'> 139641494565136
DEBUG:root:StatList : new 139641494565072
DEBUG:root:Lowering <class 'ir2.AssignStat'> 139641494565200
DEBUG:root:Cannot lower <class 'ir2.StatList'> 'NoneType' object is not callable
DEBUG:root:Cannot lower <class 'ir2.DefinitionList'> 'lower' is not in list
DEBUG:root:Lowering <class 'ir2.Block'> 139641515273488
DEBUG:root:Failed!
DEBUG:root:StatList : new 139641494568080
DEBUG:root:Lowering <class 'ir2.FunctionDef'> 139641494565264
DEBUG:root:Failed!
DEBUG:root:Cannot lower <class 'ir2.DefinitionList'> 'lower' is not in list
DEBUG:root:StatList: inserting 139641494566608 of type <class 'ir2.FunctionPrologueStat'> into 139641494565392
DEBUG:root:StatList: appending 139641494568592 of type <class 'ir2.ReturnStat'> to 139641494565392
DEBUG:root:Lowering <class 'ir2.Block'> 139641494565328
DEBUG:root:Failed!
DEBUG:root:<class 'ir2.FunctionPrologueStat'> 'flatten' is not in list
DEBUG:root:<class 'ir2.LoadStat'> 'flatten' is not in list
DEBUG:root:<class 'ir2.StoreStat'> 'flatten' is not in list
DEBUG:root:Flattening 139641494566992 into 139641494565392
DEBUG:root:Flattening <class 'ir2.StatList'> 139641494566992
DEBUG:root:<class 'ir2.LoadStat'> 'flatten' is not in list
DEBUG:root:<class 'ir2.LoadStat'> 'flatten' is not in list
DEBUG:root:<class 'ir2.BinStat'> 'flatten' is not in list
DEBUG:root:Flattening 139641494567376 into 139641494568016
DEBUG:root:Flattening <class 'ir2.StatList'> 139641494567376
DEBUG:root:<class 'ir2.BranchStat'> 'flatten' is not in list
DEBUG:root:<class 'ir2.BranchLinkStat'> 'flatten' is not in list
DEBUG:root:<class 'ir2.CallStat'> 'flatten' is not in list
DEBUG:root:<class 'ir2.LoadStat'> 'flatten' is not in list
DEBUG:root:<class 'ir2.LoadStat'> 'flatten' is not in list
DEBUG:root:<class 'ir2.BinStat'> 'flatten' is not in list
DEBUG:root:Flattening 139641494567824 into 139641494566288
DEBUG:root:Flattening <class 'ir2.StatList'> 139641494567824
DEBUG:root:<class 'ir2.StoreStat'> 'flatten' is not in list
DEBUG:root:Flattening 139641494566288 into 139641494565904
DEBUG:root:Flattening <class 'ir2.StatList'> 139641494566288
DEBUG:root:<class 'ir2.PrintStat'> 'flatten' is not in list
DEBUG:root:Flattening 139641494565904 into 139641494568016
DEBUG:root:Flattening <class 'ir2.StatList'> 139641494565904
DEBUG:root:<class 'ir2.BranchStat'> 'flatten' is not in list
DEBUG:root:<class 'ir2.EmptyStat'> 'flatten' is not in list
DEBUG:root:Flattening 139641494568016 into 139641494565392
DEBUG:root:Flattening <class 'ir2.StatList'> 139641494568016
DEBUG:root:<class 'ir2.ReturnStat'> 'flatten' is not in list
DEBUG:root:Not flattening 139641494565392 into 94488364840288 of type <type 'NoneType'>
DEBUG:root:Flattening <class 'ir2.StatList'> 139641494565392
DEBUG:root:Failed!
DEBUG:root:<class 'ir2.FunctionPrologueStat'> 'flatten' is not in list
DEBUG:root:<class 'ir2.LoadStat'> 'flatten' is not in list
DEBUG:root:<class 'ir2.LoadStat'> 'flatten' is not in list
DEBUG:root:<class 'ir2.BinStat'> 'flatten' is not in list
DEBUG:root:Flattening 139641494568528 into 139641494565072
DEBUG:root:Flattening <class 'ir2.StatList'> 139641494568528
DEBUG:root:<class 'ir2.StoreStat'> 'flatten' is not in list
DEBUG:root:Flattening 139641494565072 into 139641515273680
DEBUG:root:Flattening <class 'ir2.StatList'> 139641494565072
DEBUG:root:Not flattening 139641515273680 into 94488364840288 of type <type 'NoneType'>
DEBUG:root:Flattening <class 'ir2.StatList'> 139641515273680
DEBUG:root:Failed!
DEBUG:root:<class 'ir2.DefinitionList'> 'flatten' is not in list
DEBUG:root:<class 'ir2.Block'> 'flatten' is not in list
DEBUG:root:<class 'ir2.ReturnStat'> 'flatten' is not in list
DEBUG:root:Not flattening 139641494568080 into 139641494565264 of type <class 'ir2.FunctionDef'>
DEBUG:root:Flattening <class 'ir2.StatList'> 139641494568080
DEBUG:root:Failed!
DEBUG:root:<class 'ir2.FunctionDef'> 'flatten' is not in list
DEBUG:root:<class 'ir2.DefinitionList'> 'flatten' is not in list
DEBUG:root:<class 'ir2.Block'> 'flatten' is not in list
DEBUG:root:
 <class 'ir2.Block'> 139641494565328 {
	<class 'ir2.DefinitionList'> 139641515273040 {
		<class 'ir2.FunctionDef'> 139641494565264 {
			function square 
			<class 'ir2.StatList'> 139641494568080 {
				<class 'ir2.FunctionPrologueStat'> 139641494566800 {
				}
				<class 'ir2.Block'> 139641515273488 {
					<class 'ir2.DefinitionList'> 139641515273424 {
					}
					<class 'ir2.StatList'> 139641515273680 {
						<class 'ir2.LoadStat'> 139641494568336 {
							int int12 register
							int x 
						}
						<class 'ir2.LoadStat'> 139641494568400 {
							int int13 register
							int x 
						}
						<class 'ir2.BinStat'> 139641494568464 {
							'times'
							int int14 register
							int int12 register
							int int13 register
						}
						<class 'ir2.StoreStat'> 139641494568144 {
							int squ 
							int int14 register
						}
					}
				}
				<class 'ir2.ReturnStat'> 139641494565200 {
				}
			}
		}
	}
	<class 'ir2.StatList'> 139641494565392 {
		main : <class 'ir2.FunctionPrologueStat'> 139641494566608 {
		}
		<class 'ir2.LoadStat'> 139641494566864 {
			int int4 register
			int int1 1 const 
		}
		<class 'ir2.StoreStat'> 139641494566736 {
			int x 
			int int4 register
		}
		label2 : <class 'ir2.LoadStat'> 139641494567184 {
			int int5 register
			int x 
		}
		<class 'ir2.LoadStat'> 139641494567248 {
			int int6 register
			int int2 10 const 
		}
		<class 'ir2.BinStat'> 139641494567312 {
			'leq'
			int int7 register
			int int5 register
			int int6 register
		}
		<class 'ir2.BranchStat'> 139641494567888 {
			'gtr'
			int int11 register
			label label1
		}
		<class 'ir2.CallStat'> 139641494566032 {
			<class 'ir2.BranchLinkStat'> 139641494567504 {
				None
				None
				function square 
			}
		}
		<class 'ir2.LoadStat'> 139641494567632 {
			int int8 register
			int x 
		}
		<class 'ir2.LoadStat'> 139641494567696 {
			int int9 register
			int int3 1 const 
		}
		<class 'ir2.BinStat'> 139641494567760 {
			'plus'
			int int10 register
			int int8 register
			int int9 register
		}
		<class 'ir2.StoreStat'> 139641494565968 {
			int x 
			int int10 register
		}
		<class 'ir2.PrintStat'> 139641494566544 {
			int squ 
		}
		<class 'ir2.BranchStat'> 139641494567952 {
			None
			None
			label label2
		}
		label1 : <class 'ir2.EmptyStat'> 139641494566480 {
		}
		<class 'ir2.ReturnStat'> 139641494568592 {
		}
	}
} 

DEBUG:root:Data Layout <class 'ir2.Block'> 139641494565328
DEBUG:root:Failed!
DEBUG:root:<class 'ir2.StatList'> 'NoneType' object is not callable
DEBUG:root:<class 'ir2.FunctionPrologueStat'> 'dataLayout' is not in list
DEBUG:root:<class 'ir2.LoadStat'> 'dataLayout' is not in list
DEBUG:root:<class 'ir2.StoreStat'> 'dataLayout' is not in list
DEBUG:root:<class 'ir2.LoadStat'> 'dataLayout' is not in list
DEBUG:root:<class 'ir2.LoadStat'> 'dataLayout' is not in list
DEBUG:root:<class 'ir2.BinStat'> 'dataLayout' is not in list
DEBUG:root:<class 'ir2.BranchStat'> 'dataLayout' is not in list
DEBUG:root:<class 'ir2.CallStat'> 'dataLayout' is not in list
DEBUG:root:<class 'ir2.BranchLinkStat'> 'dataLayout' is not in list
DEBUG:root:<class 'ir2.LoadStat'> 'dataLayout' is not in list
DEBUG:root:<class 'ir2.LoadStat'> 'dataLayout' is not in list
DEBUG:root:<class 'ir2.BinStat'> 'dataLayout' is not in list
DEBUG:root:<class 'ir2.StoreStat'> 'dataLayout' is not in list
DEBUG:root:<class 'ir2.PrintStat'> 'dataLayout' is not in list
DEBUG:root:<class 'ir2.BranchStat'> 'dataLayout' is not in list
DEBUG:root:<class 'ir2.EmptyStat'> 'dataLayout' is not in list
DEBUG:root:<class 'ir2.ReturnStat'> 'dataLayout' is not in list
DEBUG:root:<class 'ir2.DefinitionList'> 'dataLayout' is not in list
DEBUG:root:<class 'ir2.FunctionDef'> 'dataLayout' is not in list
DEBUG:root:<class 'ir2.StatList'> 'NoneType' object is not callable
DEBUG:root:<class 'ir2.FunctionPrologueStat'> 'dataLayout' is not in list
DEBUG:root:Data Layout <class 'ir2.Block'> 139641515273488
DEBUG:root:Failed!
DEBUG:root:<class 'ir2.StatList'> 'NoneType' object is not callable
DEBUG:root:<class 'ir2.LoadStat'> 'dataLayout' is not in list
DEBUG:root:<class 'ir2.LoadStat'> 'dataLayout' is not in list
DEBUG:root:<class 'ir2.BinStat'> 'dataLayout' is not in list
DEBUG:root:<class 'ir2.StoreStat'> 'dataLayout' is not in list
DEBUG:root:<class 'ir2.DefinitionList'> 'dataLayout' is not in list
DEBUG:root:<class 'ir2.ReturnStat'> 'dataLayout' is not in list
DEBUG:root:Uses of main : <class 'ir2.FunctionPrologueStat'> 139641494566608 {
}: []
DEBUG:root:Uses of <class 'ir2.LoadStat'> 139641494566864 {
	int int4 register
	int int1 1 const 
}: []
DEBUG:root:Uses of <class 'ir2.StoreStat'> 139641494566736 {
	int x global
	int int4 register
}: [int int4 register]
DEBUG:root:Uses of <class 'ir2.StoreStat'> 139641494566736 {
	int x global
	int int4 register
}: [int int4 register]
DEBUG:root:Uses of <class 'ir2.LoadStat'> 139641494566864 {
	int int4 register
	int int1 1 const 
}: []
DEBUG:root:Uses of main : <class 'ir2.FunctionPrologueStat'> 139641494566608 {
}: []
DEBUG:root:Uses of label2 : <class 'ir2.LoadStat'> 139641494567184 {
	int int5 register
	int x global
}: []
DEBUG:root:Uses of <class 'ir2.LoadStat'> 139641494567248 {
	int int6 register
	int int2 10 const 
}: []
DEBUG:root:Uses of <class 'ir2.BinStat'> 139641494567312 {
	'leq'
	int int7 register
	int int5 register
	int int6 register
}: [int int5 register, int int6 register]
DEBUG:root:Uses of <class 'ir2.BranchStat'> 139641494567888 {
	'gtr'
	int int11 register
	label label1
}: [int int11 register]
DEBUG:root:Uses of <class 'ir2.BranchStat'> 139641494567888 {
	'gtr'
	int int11 register
	label label1
}: [int int11 register]
DEBUG:root:Uses of <class 'ir2.BinStat'> 139641494567312 {
	'leq'
	int int7 register
	int int5 register
	int int6 register
}: [int int5 register, int int6 register]
DEBUG:root:Uses of <class 'ir2.LoadStat'> 139641494567248 {
	int int6 register
	int int2 10 const 
}: []
DEBUG:root:Uses of label2 : <class 'ir2.LoadStat'> 139641494567184 {
	int int5 register
	int x global
}: []
DEBUG:root:Uses of <class 'ir2.CallStat'> 139641494566032 {
	<class 'ir2.BranchLinkStat'> 139641494567504 {
		None
		None
		function square 
	}
}: []
DEBUG:root:Uses of <class 'ir2.CallStat'> 139641494566032 {
	<class 'ir2.BranchLinkStat'> 139641494567504 {
		None
		None
		function square 
	}
}: []
DEBUG:root:Uses of <class 'ir2.LoadStat'> 139641494567632 {
	int int8 register
	int x global
}: []
DEBUG:root:Uses of <class 'ir2.LoadStat'> 139641494567696 {
	int int9 register
	int int3 1 const 
}: []
DEBUG:root:Uses of <class 'ir2.BinStat'> 139641494567760 {
	'plus'
	int int10 register
	int int8 register
	int int9 register
}: [int int8 register, int int9 register]
DEBUG:root:Uses of <class 'ir2.StoreStat'> 139641494565968 {
	int x global
	int int10 register
}: [int int10 register]
DEBUG:root:Uses of <class 'ir2.PrintStat'> 139641494566544 {
	int squ global
}: []
DEBUG:root:Uses of <class 'ir2.BranchStat'> 139641494567952 {
	None
	None
	label label2
}: [None]
DEBUG:root:Uses of <class 'ir2.BranchStat'> 139641494567952 {
	None
	None
	label label2
}: [None]
DEBUG:root:Uses of <class 'ir2.PrintStat'> 139641494566544 {
	int squ global
}: []
DEBUG:root:Uses of <class 'ir2.StoreStat'> 139641494565968 {
	int x global
	int int10 register
}: [int int10 register]
DEBUG:root:Uses of <class 'ir2.BinStat'> 139641494567760 {
	'plus'
	int int10 register
	int int8 register
	int int9 register
}: [int int8 register, int int9 register]
DEBUG:root:Uses of <class 'ir2.LoadStat'> 139641494567696 {
	int int9 register
	int int3 1 const 
}: []
DEBUG:root:Uses of <class 'ir2.LoadStat'> 139641494567632 {
	int int8 register
	int x global
}: []
DEBUG:root:Uses of label1 : <class 'ir2.EmptyStat'> 139641494566480 {
}: []
DEBUG:root:Uses of <class 'ir2.ReturnStat'> 139641494568592 {
}: []
DEBUG:root:Uses of <class 'ir2.ReturnStat'> 139641494568592 {
}: []
DEBUG:root:Uses of label1 : <class 'ir2.EmptyStat'> 139641494566480 {
}: []
DEBUG:root:Uses of <class 'ir2.FunctionPrologueStat'> 139641494566800 {
}: []
DEBUG:root:Uses of <class 'ir2.Block'> 139641515273488 {
	<class 'ir2.DefinitionList'> 139641515273424 {
	}
	<class 'ir2.StatList'> 139641515273680 {
		<class 'ir2.LoadStat'> 139641494568336 {
			int int12 register
			int x global
		}
		<class 'ir2.LoadStat'> 139641494568400 {
			int int13 register
			int x global
		}
		<class 'ir2.BinStat'> 139641494568464 {
			'times'
			int int14 register
			int int12 register
			int int13 register
		}
		<class 'ir2.StoreStat'> 139641494568144 {
			int squ global
			int int14 register
		}
	}
}: []
DEBUG:root:Uses of <class 'ir2.ReturnStat'> 139641494565200 {
}: []
DEBUG:root:Uses of <class 'ir2.ReturnStat'> 139641494565200 {
}: []
DEBUG:root:Uses of <class 'ir2.Block'> 139641515273488 {
	<class 'ir2.DefinitionList'> 139641515273424 {
	}
	<class 'ir2.StatList'> 139641515273680 {
		<class 'ir2.LoadStat'> 139641494568336 {
			int int12 register
			int x global
		}
		<class 'ir2.LoadStat'> 139641494568400 {
			int int13 register
			int x global
		}
		<class 'ir2.BinStat'> 139641494568464 {
			'times'
			int int14 register
			int int12 register
			int int13 register
		}
		<class 'ir2.StoreStat'> 139641494568144 {
			int squ global
			int int14 register
		}
	}
}: []
DEBUG:root:Uses of <class 'ir2.FunctionPrologueStat'> 139641494566800 {
}: []
DEBUG:root:Uses of <class 'ir2.LoadStat'> 139641494568336 {
	int int12 register
	int x global
}: []
DEBUG:root:Uses of <class 'ir2.LoadStat'> 139641494568400 {
	int int13 register
	int x global
}: []
DEBUG:root:Uses of <class 'ir2.BinStat'> 139641494568464 {
	'times'
	int int14 register
	int int12 register
	int int13 register
}: [int int12 register, int int13 register]
DEBUG:root:Uses of <class 'ir2.StoreStat'> 139641494568144 {
	int squ global
	int int14 register
}: [int int14 register]
DEBUG:root:Uses of <class 'ir2.StoreStat'> 139641494568144 {
	int squ global
	int int14 register
}: [int int14 register]
DEBUG:root:Uses of <class 'ir2.BinStat'> 139641494568464 {
	'times'
	int int14 register
	int int12 register
	int int13 register
}: [int int12 register, int int13 register]
DEBUG:root:Uses of <class 'ir2.LoadStat'> 139641494568400 {
	int int13 register
	int x global
}: []
DEBUG:root:Uses of <class 'ir2.LoadStat'> 139641494568336 {
	int int12 register
	int x global
}: []
DEBUG:root:Registers: set([int int11 register, int int14 register, int int13 register, int int6 register, int int8 register, int int5 register, int int4 register, int int10 register, int int9 register, int int12 register])
DEBUG:root:Interference Graph: set([(int int5 register, int int11 register), (int int9 register, int int8 register), (int int11 register, int int5 register), (int int11 register, int int6 register), (int int6 register, int int11 register), (int int5 register, int int6 register), (int int13 register, int int12 register), (int int8 register, int int9 register), (int int6 register, int int5 register), (int int12 register, int int13 register)])
INFO:root:Generating code for <class 'ir2.Block'> 139641494565328
INFO:root:Generating code for <class 'ir2.StatList'> 139641494565392
DEBUG:root:<class 'ir2.StatList'> 'NoneType' object is not callable
INFO:root:Generating code for <class 'ir2.FunctionPrologueStat'> 139641494566608
INFO:root:Generating code for <class 'ir2.LoadStat'> 139641494566864
INFO:root:Generating code for <class 'ir2.StoreStat'> 139641494566736
INFO:root:Generating code for <class 'ir2.LoadStat'> 139641494567184
INFO:root:Generating code for <class 'ir2.LoadStat'> 139641494567248
INFO:root:Generating code for <class 'ir2.BinStat'> 139641494567312
INFO:root:Generating code for <class 'ir2.BranchStat'> 139641494567888
INFO:root:Generating code for <class 'ir2.CallStat'> 139641494566032
DEBUG:root:<class 'ir2.CallStat'> 'codegen' is not in list
INFO:root:Generating code for <class 'ir2.BranchLinkStat'> 139641494567504
INFO:root:Generating code for <class 'ir2.LoadStat'> 139641494567632
INFO:root:Generating code for <class 'ir2.LoadStat'> 139641494567696
INFO:root:Generating code for <class 'ir2.BinStat'> 139641494567760
INFO:root:Generating code for <class 'ir2.StoreStat'> 139641494565968
INFO:root:Generating code for <class 'ir2.PrintStat'> 139641494566544
INFO:root:Generating code for <class 'ir2.BranchStat'> 139641494567952
INFO:root:Generating code for <class 'ir2.EmptyStat'> 139641494566480
DEBUG:root:<class 'ir2.EmptyStat'> 'codegen' is not in list
INFO:root:Generating code for <class 'ir2.ReturnStat'> 139641494568592
INFO:root:Generating code for <class 'ir2.DefinitionList'> 139641515273040
DEBUG:root:<class 'ir2.DefinitionList'> 'codegen' is not in list
INFO:root:Generating code for <class 'ir2.FunctionDef'> 139641494565264
INFO:root:Generating code for <class 'ir2.StatList'> 139641494568080
DEBUG:root:<class 'ir2.StatList'> 'NoneType' object is not callable
INFO:root:Generating code for <class 'ir2.FunctionPrologueStat'> 139641494566800
INFO:root:Generating code for <class 'ir2.Block'> 139641515273488
INFO:root:Generating code for <class 'ir2.StatList'> 139641515273680
DEBUG:root:<class 'ir2.StatList'> 'NoneType' object is not callable
INFO:root:Generating code for <class 'ir2.LoadStat'> 139641494568336
INFO:root:Generating code for <class 'ir2.LoadStat'> 139641494568400
INFO:root:Generating code for <class 'ir2.BinStat'> 139641494568464
INFO:root:Generating code for <class 'ir2.StoreStat'> 139641494568144
INFO:root:Generating code for <class 'ir2.DefinitionList'> 139641515273424
DEBUG:root:<class 'ir2.DefinitionList'> 'codegen' is not in list
INFO:root:Generating code for <class 'ir2.ReturnStat'> 139641494565200
DEBUG:root:
*********************************************
	Starting debug with standard test program
*********************************************

DEBUG:root:start <function program at 0x7f473233d7d0>
DEBUG:root:getsym: varsym var
DEBUG:root:start <function block at 0x7f473233d6e0>
DEBUG:root:accepting constsym == varsym
DEBUG:root:accepting varsym == varsym
DEBUG:root:getsym: ident x
DEBUG:root:expecting ident
DEBUG:root:accepting ident == ident
DEBUG:root:getsym: comma ,
DEBUG:root:accepting comma == comma
DEBUG:root:getsym: ident squ
DEBUG:root:expecting ident
DEBUG:root:accepting ident == ident
DEBUG:root:getsym: semicolon ;
DEBUG:root:accepting comma == semicolon
DEBUG:root:expecting semicolon
DEBUG:root:accepting semicolon == semicolon
DEBUG:root:getsym: procsym procedure
DEBUG:root:accepting procsym == procsym
DEBUG:root:getsym: ident square
DEBUG:root:expecting ident
DEBUG:root:accepting ident == ident
DEBUG:root:getsym: semicolon ;
DEBUG:root:expecting semicolon
DEBUG:root:accepting semicolon == semicolon
DEBUG:root:getsym: beginsym begin
DEBUG:root:start <function block at 0x7f473233d6e0>
DEBUG:root:accepting constsym == beginsym
DEBUG:root:accepting varsym == beginsym
DEBUG:root:accepting procsym == beginsym
DEBUG:root:
*********************************************
	Starting debug with standard test program
*********************************************

DEBUG:root:start <function program at 0x7f3fffe0a7d0>
DEBUG:root:getsym: varsym var
DEBUG:root:start <function block at 0x7f3fffe0a6e0>
DEBUG:root:accepting constsym == varsym
DEBUG:root:accepting varsym == varsym
DEBUG:root:getsym: ident x
DEBUG:root:expecting ident
DEBUG:root:accepting ident == ident
DEBUG:root:getsym: comma ,
DEBUG:root:accepting comma == comma
DEBUG:root:getsym: ident squ
DEBUG:root:expecting ident
DEBUG:root:accepting ident == ident
DEBUG:root:getsym: semicolon ;
DEBUG:root:accepting comma == semicolon
DEBUG:root:expecting semicolon
DEBUG:root:accepting semicolon == semicolon
DEBUG:root:getsym: procsym procedure
DEBUG:root:accepting procsym == procsym
DEBUG:root:getsym: ident square
DEBUG:root:expecting ident
DEBUG:root:accepting ident == ident
DEBUG:root:getsym: semicolon ;
DEBUG:root:expecting semicolon
DEBUG:root:accepting semicolon == semicolon
DEBUG:root:getsym: beginsym begin
DEBUG:root:start <function block at 0x7f3fffe0a6e0>
DEBUG:root:accepting constsym == beginsym
DEBUG:root:accepting varsym == beginsym
DEBUG:root:accepting procsym == beginsym
DEBUG:root:
*********************************************
	Starting debug with standard test program
*********************************************

DEBUG:root:start <function program at 0x7fb2f09ff7d0>
DEBUG:root:getsym: varsym var
DEBUG:root:start <function block at 0x7fb2f09ff6e0>
DEBUG:root:accepting constsym == varsym
DEBUG:root:accepting varsym == varsym
DEBUG:root:getsym: ident x
DEBUG:root:expecting ident
DEBUG:root:accepting ident == ident
DEBUG:root:getsym: comma ,
DEBUG:root:accepting comma == comma
DEBUG:root:getsym: ident squ
DEBUG:root:expecting ident
DEBUG:root:accepting ident == ident
DEBUG:root:getsym: semicolon ;
DEBUG:root:accepting comma == semicolon
DEBUG:root:expecting semicolon
DEBUG:root:accepting semicolon == semicolon
DEBUG:root:getsym: procsym procedure
DEBUG:root:accepting procsym == procsym
DEBUG:root:getsym: ident square
DEBUG:root:expecting ident
DEBUG:root:accepting ident == ident
DEBUG:root:getsym: semicolon ;
DEBUG:root:expecting semicolon
DEBUG:root:accepting semicolon == semicolon
DEBUG:root:getsym: beginsym begin
DEBUG:root:start <function block at 0x7fb2f09ff6e0>
DEBUG:root:accepting constsym == beginsym
DEBUG:root:accepting varsym == beginsym
DEBUG:root:accepting procsym == beginsym
DEBUG:root:start <function statement at 0x7fb2f09ff5f0>
DEBUG:root:accepting ident == beginsym
DEBUG:root:accepting callsym == beginsym
DEBUG:root:accepting beginsym == beginsym
DEBUG:root:getsym: ident squ
DEBUG:root:StatList : new 140406497207312
DEBUG:root:start <function statement at 0x7fb2f09ff5f0>
DEBUG:root:accepting ident == ident
DEBUG:root:getsym: becomes :=
DEBUG:root:Looking up squ
DEBUG:root:Looking up in parent
DEBUG:root:Looking up squ
DEBUG:root:expecting becomes
DEBUG:root:accepting becomes == becomes
DEBUG:root:getsym: ident x
DEBUG:root:start <function expression at 0x7fb2f09ff410>
DEBUG:root:start <function term at 0x7fb2f09ff320>
DEBUG:root:start <function factor at 0x7fb2f09ff230>
DEBUG:root:accepting ident == ident
DEBUG:root:getsym: times *
DEBUG:root:Looking up x
DEBUG:root:Looking up in parent
DEBUG:root:Looking up x
DEBUG:root:end <function factor at 0x7fb2f09ff230>
DEBUG:root:getsym: ident x
DEBUG:root:start <function factor at 0x7fb2f09ff230>
DEBUG:root:accepting ident == ident
DEBUG:root:getsym: endsym end
DEBUG:root:Looking up x
DEBUG:root:Looking up in parent
DEBUG:root:Looking up x
DEBUG:root:end <function factor at 0x7fb2f09ff230>
DEBUG:root:end <function term at 0x7fb2f09ff320>
DEBUG:root:end <function expression at 0x7fb2f09ff410>
DEBUG:root:end <function statement at 0x7fb2f09ff5f0>
DEBUG:root:StatList: appending 140406497208144 of type <class 'ir2.AssignStat'> to 140406497207312
DEBUG:root:accepting semicolon == endsym
DEBUG:root:expecting endsym
DEBUG:root:accepting endsym == endsym
DEBUG:root:getsym: semicolon ;
DEBUG:root:StatList 140406497207312 : [
DEBUG:root:140406497208144 
DEBUG:root:]
DEBUG:root:end <function statement at 0x7fb2f09ff5f0>
DEBUG:root:end <function block at 0x7fb2f09ff6e0>
DEBUG:root:expecting semicolon
DEBUG:root:accepting semicolon == semicolon
DEBUG:root:getsym: beginsym begin
DEBUG:root:Looking up square
DEBUG:root:accepting procsym == beginsym
DEBUG:root:start <function statement at 0x7fb2f09ff5f0>
DEBUG:root:accepting ident == beginsym
DEBUG:root:accepting callsym == beginsym
DEBUG:root:accepting beginsym == beginsym
DEBUG:root:getsym: ident x
DEBUG:root:StatList : new 140406497208336
DEBUG:root:start <function statement at 0x7fb2f09ff5f0>
DEBUG:root:accepting ident == ident
DEBUG:root:getsym: becomes :=
DEBUG:root:Looking up x
DEBUG:root:expecting becomes
DEBUG:root:accepting becomes == becomes
DEBUG:root:getsym: number 1
DEBUG:root:start <function expression at 0x7fb2f09ff410>
DEBUG:root:start <function term at 0x7fb2f09ff320>
DEBUG:root:start <function factor at 0x7fb2f09ff230>
DEBUG:root:accepting ident == number
DEBUG:root:accepting number == number
DEBUG:root:getsym: semicolon ;
DEBUG:root:end <function factor at 0x7fb2f09ff230>
DEBUG:root:end <function term at 0x7fb2f09ff320>
DEBUG:root:end <function expression at 0x7fb2f09ff410>
DEBUG:root:end <function statement at 0x7fb2f09ff5f0>
DEBUG:root:StatList: appending 140406497208528 of type <class 'ir2.AssignStat'> to 140406497208336
DEBUG:root:accepting semicolon == semicolon
DEBUG:root:getsym: whilesym while
DEBUG:root:start <function statement at 0x7fb2f09ff5f0>
DEBUG:root:accepting ident == whilesym
DEBUG:root:accepting callsym == whilesym
DEBUG:root:accepting beginsym == whilesym
DEBUG:root:accepting ifsym == whilesym
DEBUG:root:accepting whilesym == whilesym
DEBUG:root:getsym: ident x
DEBUG:root:start <function condition at 0x7fb2f09ff500>
DEBUG:root:accepting oddsym == ident
DEBUG:root:start <function expression at 0x7fb2f09ff410>
DEBUG:root:start <function term at 0x7fb2f09ff320>
DEBUG:root:start <function factor at 0x7fb2f09ff230>
DEBUG:root:accepting ident == ident
DEBUG:root:getsym: leq <=
DEBUG:root:Looking up x
DEBUG:root:end <function factor at 0x7fb2f09ff230>
DEBUG:root:end <function term at 0x7fb2f09ff320>
DEBUG:root:end <function expression at 0x7fb2f09ff410>
DEBUG:root:getsym: number 10
DEBUG:root:condition operator leq number
DEBUG:root:start <function expression at 0x7fb2f09ff410>
DEBUG:root:start <function term at 0x7fb2f09ff320>
DEBUG:root:start <function factor at 0x7fb2f09ff230>
DEBUG:root:accepting ident == number
DEBUG:root:accepting number == number
DEBUG:root:getsym: dosym do
DEBUG:root:end <function factor at 0x7fb2f09ff230>
DEBUG:root:end <function term at 0x7fb2f09ff320>
DEBUG:root:end <function expression at 0x7fb2f09ff410>
DEBUG:root:end <function condition at 0x7fb2f09ff500>
DEBUG:root:expecting dosym
DEBUG:root:accepting dosym == dosym
DEBUG:root:getsym: beginsym begin
DEBUG:root:start <function statement at 0x7fb2f09ff5f0>
DEBUG:root:accepting ident == beginsym
DEBUG:root:accepting callsym == beginsym
DEBUG:root:accepting beginsym == beginsym
DEBUG:root:getsym: callsym call
DEBUG:root:StatList : new 140406497208848
DEBUG:root:start <function statement at 0x7fb2f09ff5f0>
DEBUG:root:accepting ident == callsym
DEBUG:root:accepting callsym == callsym
DEBUG:root:getsym: ident square
DEBUG:root:expecting ident
DEBUG:root:accepting ident == ident
DEBUG:root:getsym: semicolon ;
DEBUG:root:Looking up square
DEBUG:root:end <function statement at 0x7fb2f09ff5f0>
DEBUG:root:StatList: appending 140406497208976 of type <class 'arm_ir.CallStat'> to 140406497208848
DEBUG:root:accepting semicolon == semicolon
DEBUG:root:getsym: ident x
DEBUG:root:start <function statement at 0x7fb2f09ff5f0>
DEBUG:root:accepting ident == ident
DEBUG:root:getsym: becomes :=
DEBUG:root:Looking up x
DEBUG:root:expecting becomes
DEBUG:root:accepting becomes == becomes
DEBUG:root:getsym: ident x
DEBUG:root:start <function expression at 0x7fb2f09ff410>
DEBUG:root:start <function term at 0x7fb2f09ff320>
DEBUG:root:start <function factor at 0x7fb2f09ff230>
DEBUG:root:accepting ident == ident
DEBUG:root:getsym: plus +
DEBUG:root:Looking up x
DEBUG:root:end <function factor at 0x7fb2f09ff230>
DEBUG:root:end <function term at 0x7fb2f09ff320>
DEBUG:root:getsym: number 1
DEBUG:root:start <function term at 0x7fb2f09ff320>
DEBUG:root:start <function factor at 0x7fb2f09ff230>
DEBUG:root:accepting ident == number
DEBUG:root:accepting number == number
DEBUG:root:getsym: semicolon ;
DEBUG:root:end <function factor at 0x7fb2f09ff230>
DEBUG:root:end <function term at 0x7fb2f09ff320>
DEBUG:root:end <function expression at 0x7fb2f09ff410>
DEBUG:root:end <function statement at 0x7fb2f09ff5f0>
DEBUG:root:StatList: appending 140406497209424 of type <class 'ir2.AssignStat'> to 140406497208848
DEBUG:root:accepting semicolon == semicolon
DEBUG:root:getsym: print !
DEBUG:root:start <function statement at 0x7fb2f09ff5f0>
DEBUG:root:accepting ident == print
DEBUG:root:accepting callsym == print
DEBUG:root:accepting beginsym == print
DEBUG:root:accepting ifsym == print
DEBUG:root:accepting whilesym == print
DEBUG:root:accepting print == print
DEBUG:root:getsym: ident squ
DEBUG:root:expecting ident
DEBUG:root:accepting ident == ident
DEBUG:root:getsym: endsym end
DEBUG:root:Looking up squ
DEBUG:root:end <function statement at 0x7fb2f09ff5f0>
DEBUG:root:StatList: appending 140406497209488 of type <class 'arm_ir.PrintStat'> to 140406497208848
DEBUG:root:accepting semicolon == endsym
DEBUG:root:expecting endsym
DEBUG:root:accepting endsym == endsym
DEBUG:root:getsym: endsym end
DEBUG:root:StatList 140406497208848 : [
DEBUG:root:140406497208976 
DEBUG:root:140406497209424 
DEBUG:root:140406497209488 
DEBUG:root:]
DEBUG:root:end <function statement at 0x7fb2f09ff5f0>
DEBUG:root:end <function statement at 0x7fb2f09ff5f0>
DEBUG:root:StatList: appending 140406497209552 of type <class 'ir2.WhileStat'> to 140406497208336
DEBUG:root:accepting semicolon == endsym
DEBUG:root:expecting endsym
DEBUG:root:accepting endsym == endsym
DEBUG:root:getsym: period .
DEBUG:root:StatList 140406497208336 : [
DEBUG:root:140406497208528 
DEBUG:root:140406497209552 
DEBUG:root:]
DEBUG:root:end <function statement at 0x7fb2f09ff5f0>
DEBUG:root:end <function block at 0x7fb2f09ff6e0>
DEBUG:root:expecting period
DEBUG:root:accepting period == period
DEBUG:root:end <function program at 0x7fb2f09ff7d0>
DEBUG:root:
 <class 'arm_ir.Block'> 140406497208272 {
	<class 'arm_ir.DefinitionList'> 140406497206672 {
		<class 'arm_ir.FunctionDef'> 140406497208208 {
			function square 
			<class 'arm_ir.Block'> 140406497207120 {
				<class 'arm_ir.DefinitionList'> 140406497207056 {
				}
				<class 'arm_ir.StatList'> 140406497207312 {
					<class 'ir2.AssignStat'> 140406497208144 {
						int squ 
						<class 'ir2.BinExpr'> 140406497208080 {
							'times'
							<class 'ir2.Var'> 140406497207888 {
								int x 
							}
							<class 'ir2.Var'> 140406497208016 {
								int x 
							}
						}
					}
				}
			}
		}
	}
	<class 'arm_ir.StatList'> 140406497208336 {
		<class 'ir2.AssignStat'> 140406497208528 {
			int x 
			<class 'ir2.Const'> 140406497208400 {
				int int1 1 const 
			}
		}
		<class 'ir2.WhileStat'> 140406497209552 {
			<class 'ir2.BinExpr'> 140406497208784 {
				'leq'
				<class 'ir2.Var'> 140406497208592 {
					int x 
				}
				<class 'ir2.Const'> 140406497208656 {
					int int2 10 const 
				}
			}
			<class 'arm_ir.StatList'> 140406497208848 {
				<class 'arm_ir.CallStat'> 140406497208976 {
					<class 'ir2.CallExpr'> 140406497208912 {
						function square 
					}
				}
				<class 'ir2.AssignStat'> 140406497209424 {
					int x 
					<class 'ir2.BinExpr'> 140406497209360 {
						'plus'
						<class 'ir2.Var'> 140406497209104 {
							int x 
						}
						<class 'ir2.Const'> 140406497209232 {
							int int3 1 const 
						}
					}
				}
				<class 'arm_ir.PrintStat'> 140406497209488 {
					int squ 
				}
			}
		}
	}
} 

DEBUG:root:Lowering <class 'ir2.Const'> 140406497208400
DEBUG:root:StatList : new 140406497206608
DEBUG:root:Lowering <class 'ir2.AssignStat'> 140406497208528
DEBUG:root:Lowering <class 'ir2.Var'> 140406497208592
DEBUG:root:Lowering <class 'ir2.Const'> 140406497208656
DEBUG:root:StatList : new 140406497210192
DEBUG:root:Lowering <class 'ir2.BinExpr'> 140406497208784
DEBUG:root:Lowering <class 'ir2.CallExpr'> 140406497208912
DEBUG:root:Cannot lower <class 'arm_ir.CallStat'> 'lower' is not in list
DEBUG:root:Lowering <class 'ir2.Var'> 140406497209104
DEBUG:root:Lowering <class 'ir2.Const'> 140406497209232
DEBUG:root:StatList : new 140406497255760
DEBUG:root:Lowering <class 'ir2.BinExpr'> 140406497209360
DEBUG:root:StatList : new 140406497209232
DEBUG:root:Lowering <class 'ir2.AssignStat'> 140406497209424
DEBUG:root:Cannot lower <class 'arm_ir.PrintStat'> 'lower' is not in list
DEBUG:root:Cannot lower <class 'arm_ir.StatList'> 'NoneType' object is not callable
DEBUG:root:None attached to <class 'ir2.StatList'> 140406497210192 {
	label2 : <class 'ir2.LoadStat'> 140406497209936 {
		int int5 register
		int x 
	}
	<class 'ir2.LoadStat'> 140406497210064 {
		int int6 register
		int int2 10 const 
	}
	<class 'ir2.BinStat'> 140406497210128 {
		'leq'
		int int7 register
		int int5 register
		int int6 register
	}
}
DEBUG:root:StatList : new 140406497255952
DEBUG:root:Lowering <class 'ir2.WhileStat'> 140406497209552
DEBUG:root:Cannot lower <class 'arm_ir.StatList'> 'NoneType' object is not callable
DEBUG:root:Lowering <class 'ir2.Var'> 140406497207888
DEBUG:root:Lowering <class 'ir2.Var'> 140406497208016
DEBUG:root:StatList : new 140406497256464
DEBUG:root:Lowering <class 'ir2.BinExpr'> 140406497208080
DEBUG:root:StatList : new 140406497256080
DEBUG:root:Lowering <class 'ir2.AssignStat'> 140406497208144
DEBUG:root:Cannot lower <class 'arm_ir.StatList'> 'NoneType' object is not callable
DEBUG:root:Cannot lower <class 'arm_ir.DefinitionList'> 'lower' is not in list
DEBUG:root:Lowering <class 'arm_ir.Block'> 140406497207120
DEBUG:root:Failed!
DEBUG:root:StatList : new 140406497208080
DEBUG:root:Lowering <class 'arm_ir.FunctionDef'> 140406497208208
DEBUG:root:Failed!
DEBUG:root:Cannot lower <class 'arm_ir.DefinitionList'> 'lower' is not in list
DEBUG:root:StatList: inserting 140406497209552 of type <class 'ir2.FunctionPrologueStat'> into 140406497208336
DEBUG:root:StatList: appending 140406497256528 of type <class 'ir2.ReturnStat'> to 140406497208336
DEBUG:root:Lowering <class 'arm_ir.Block'> 140406497208272
DEBUG:root:Failed!
DEBUG:root:<class 'ir2.FunctionPrologueStat'> 'flatten' is not in list
DEBUG:root:<class 'ir2.LoadStat'> 'flatten' is not in list
DEBUG:root:<class 'ir2.StoreStat'> 'flatten' is not in list
DEBUG:root:Not flattening 140406497206608 into 140406497208336 of type <class 'arm_ir.StatList'>
DEBUG:root:Flattening <class 'ir2.StatList'> 140406497206608
DEBUG:root:Failed!
DEBUG:root:<class 'ir2.LoadStat'> 'flatten' is not in list
DEBUG:root:<class 'ir2.LoadStat'> 'flatten' is not in list
DEBUG:root:<class 'ir2.BinStat'> 'flatten' is not in list
DEBUG:root:Flattening 140406497210192 into 140406497255952
DEBUG:root:Flattening <class 'ir2.StatList'> 140406497210192
DEBUG:root:<class 'ir2.BranchStat'> 'flatten' is not in list
DEBUG:root:<class 'ir2.BranchLinkStat'> 'flatten' is not in list
DEBUG:root:<class 'arm_ir.CallStat'> 'flatten' is not in list
DEBUG:root:<class 'ir2.LoadStat'> 'flatten' is not in list
DEBUG:root:<class 'ir2.LoadStat'> 'flatten' is not in list
DEBUG:root:<class 'ir2.BinStat'> 'flatten' is not in list
DEBUG:root:Flattening 140406497255760 into 140406497209232
DEBUG:root:Flattening <class 'ir2.StatList'> 140406497255760
DEBUG:root:<class 'ir2.StoreStat'> 'flatten' is not in list
DEBUG:root:Not flattening 140406497209232 into 140406497208848 of type <class 'arm_ir.StatList'>
DEBUG:root:Flattening <class 'ir2.StatList'> 140406497209232
DEBUG:root:Failed!
DEBUG:root:<class 'arm_ir.PrintStat'> 'flatten' is not in list
DEBUG:root:Flattening 140406497208848 into 140406497255952
DEBUG:root:Flattening <class 'arm_ir.StatList'> 140406497208848
DEBUG:root:<class 'ir2.BranchStat'> 'flatten' is not in list
DEBUG:root:<class 'ir2.EmptyStat'> 'flatten' is not in list
DEBUG:root:Not flattening 140406497255952 into 140406497208336 of type <class 'arm_ir.StatList'>
DEBUG:root:Flattening <class 'ir2.StatList'> 140406497255952
DEBUG:root:Failed!
DEBUG:root:<class 'ir2.ReturnStat'> 'flatten' is not in list
DEBUG:root:Not flattening 140406497208336 into 94632193652064 of type <type 'NoneType'>
DEBUG:root:Flattening <class 'arm_ir.StatList'> 140406497208336
DEBUG:root:Failed!
DEBUG:root:<class 'ir2.FunctionPrologueStat'> 'flatten' is not in list
DEBUG:root:<class 'ir2.LoadStat'> 'flatten' is not in list
DEBUG:root:<class 'ir2.LoadStat'> 'flatten' is not in list
DEBUG:root:<class 'ir2.BinStat'> 'flatten' is not in list
DEBUG:root:Flattening 140406497256464 into 140406497256080
DEBUG:root:Flattening <class 'ir2.StatList'> 140406497256464
DEBUG:root:<class 'ir2.StoreStat'> 'flatten' is not in list
DEBUG:root:Not flattening 140406497256080 into 140406497207312 of type <class 'arm_ir.StatList'>
DEBUG:root:Flattening <class 'ir2.StatList'> 140406497256080
DEBUG:root:Failed!
DEBUG:root:Not flattening 140406497207312 into 94632193652064 of type <type 'NoneType'>
DEBUG:root:Flattening <class 'arm_ir.StatList'> 140406497207312
DEBUG:root:Failed!
DEBUG:root:<class 'arm_ir.DefinitionList'> 'flatten' is not in list
DEBUG:root:<class 'arm_ir.Block'> 'flatten' is not in list
DEBUG:root:<class 'ir2.ReturnStat'> 'flatten' is not in list
DEBUG:root:Not flattening 140406497208080 into 140406497208208 of type <class 'arm_ir.FunctionDef'>
DEBUG:root:Flattening <class 'ir2.StatList'> 140406497208080
DEBUG:root:Failed!
DEBUG:root:<class 'arm_ir.FunctionDef'> 'flatten' is not in list
DEBUG:root:<class 'arm_ir.DefinitionList'> 'flatten' is not in list
DEBUG:root:<class 'arm_ir.Block'> 'flatten' is not in list
DEBUG:root:
 <class 'arm_ir.Block'> 140406497208272 {
	<class 'arm_ir.DefinitionList'> 140406497206672 {
		<class 'arm_ir.FunctionDef'> 140406497208208 {
			function square 
			<class 'ir2.StatList'> 140406497208080 {
				<class 'ir2.FunctionPrologueStat'> 140406497210000 {
				}
				<class 'arm_ir.Block'> 140406497207120 {
					<class 'arm_ir.DefinitionList'> 140406497207056 {
					}
					<class 'arm_ir.StatList'> 140406497207312 {
						<class 'ir2.StatList'> 140406497256080 {
							<class 'ir2.LoadStat'> 140406497256272 {
								int int12 register
								int x 
							}
							<class 'ir2.LoadStat'> 140406497256336 {
								int int13 register
								int x 
							}
							<class 'ir2.BinStat'> 140406497256400 {
								'times'
								int int14 register
								int int12 register
								int int13 register
							}
							<class 'ir2.StoreStat'> 140406497208016 {
								int squ 
								int int14 register
							}
						}
					}
				}
				<class 'ir2.ReturnStat'> 140406497208144 {
				}
			}
		}
	}
	<class 'arm_ir.StatList'> 140406497208336 {
		main : <class 'ir2.FunctionPrologueStat'> 140406497209552 {
		}
		<class 'ir2.StatList'> 140406497206608 {
			<class 'ir2.LoadStat'> 140406497209616 {
				int int4 register
				int int1 1 const 
			}
			<class 'ir2.StoreStat'> 140406497209744 {
				int x 
				int int4 register
			}
		}
		<class 'ir2.StatList'> 140406497255952 {
			label2 : <class 'ir2.LoadStat'> 140406497209936 {
				int int5 register
				int x 
			}
			<class 'ir2.LoadStat'> 140406497210064 {
				int int6 register
				int int2 10 const 
			}
			<class 'ir2.BinStat'> 140406497210128 {
				'leq'
				int int7 register
				int int5 register
				int int6 register
			}
			<class 'ir2.BranchStat'> 140406497255824 {
				'gtr'
				int int11 register
				label label1
			}
			<class 'arm_ir.CallStat'> 140406497208976 {
				<class 'ir2.BranchLinkStat'> 140406497210256 {
					None
					None
					function square 
				}
			}
			<class 'ir2.StatList'> 140406497209232 {
				<class 'ir2.LoadStat'> 140406497255568 {
					int int8 register
					int x 
				}
				<class 'ir2.LoadStat'> 140406497255632 {
					int int9 register
					int int3 1 const 
				}
				<class 'ir2.BinStat'> 140406497255696 {
					'plus'
					int int10 register
					int int8 register
					int int9 register
				}
				<class 'ir2.StoreStat'> 140406497208912 {
					int x 
					int int10 register
				}
			}
			<class 'arm_ir.PrintStat'> 140406497209488 {
				int squ 
			}
			<class 'ir2.BranchStat'> 140406497255888 {
				None
				None
				label label2
			}
			label1 : <class 'ir2.EmptyStat'> 140406497209424 {
			}
		}
		<class 'ir2.ReturnStat'> 140406497256528 {
		}
	}
} 

DEBUG:root:Data Layout <class 'arm_ir.Block'> 140406497208272
DEBUG:root:Failed!
DEBUG:root:<class 'arm_ir.StatList'> 'NoneType' object is not callable
DEBUG:root:<class 'ir2.FunctionPrologueStat'> 'dataLayout' is not in list
DEBUG:root:<class 'ir2.StatList'> 'NoneType' object is not callable
DEBUG:root:<class 'ir2.LoadStat'> 'dataLayout' is not in list
DEBUG:root:<class 'ir2.StoreStat'> 'dataLayout' is not in list
DEBUG:root:<class 'ir2.StatList'> 'NoneType' object is not callable
DEBUG:root:<class 'ir2.LoadStat'> 'dataLayout' is not in list
DEBUG:root:<class 'ir2.LoadStat'> 'dataLayout' is not in list
DEBUG:root:<class 'ir2.BinStat'> 'dataLayout' is not in list
DEBUG:root:<class 'ir2.BranchStat'> 'dataLayout' is not in list
DEBUG:root:<class 'arm_ir.CallStat'> 'dataLayout' is not in list
DEBUG:root:<class 'ir2.BranchLinkStat'> 'dataLayout' is not in list
DEBUG:root:<class 'ir2.StatList'> 'NoneType' object is not callable
DEBUG:root:<class 'ir2.LoadStat'> 'dataLayout' is not in list
DEBUG:root:<class 'ir2.LoadStat'> 'dataLayout' is not in list
DEBUG:root:<class 'ir2.BinStat'> 'dataLayout' is not in list
DEBUG:root:<class 'ir2.StoreStat'> 'dataLayout' is not in list
DEBUG:root:<class 'arm_ir.PrintStat'> 'dataLayout' is not in list
DEBUG:root:<class 'ir2.BranchStat'> 'dataLayout' is not in list
DEBUG:root:<class 'ir2.EmptyStat'> 'dataLayout' is not in list
DEBUG:root:<class 'ir2.ReturnStat'> 'dataLayout' is not in list
DEBUG:root:<class 'arm_ir.DefinitionList'> 'dataLayout' is not in list
DEBUG:root:<class 'arm_ir.FunctionDef'> 'dataLayout' is not in list
DEBUG:root:<class 'ir2.StatList'> 'NoneType' object is not callable
DEBUG:root:<class 'ir2.FunctionPrologueStat'> 'dataLayout' is not in list
DEBUG:root:Data Layout <class 'arm_ir.Block'> 140406497207120
DEBUG:root:Failed!
DEBUG:root:<class 'arm_ir.StatList'> 'NoneType' object is not callable
DEBUG:root:<class 'ir2.StatList'> 'NoneType' object is not callable
DEBUG:root:<class 'ir2.LoadStat'> 'dataLayout' is not in list
DEBUG:root:<class 'ir2.LoadStat'> 'dataLayout' is not in list
DEBUG:root:<class 'ir2.BinStat'> 'dataLayout' is not in list
DEBUG:root:<class 'ir2.StoreStat'> 'dataLayout' is not in list
DEBUG:root:<class 'arm_ir.DefinitionList'> 'dataLayout' is not in list
DEBUG:root:<class 'ir2.ReturnStat'> 'dataLayout' is not in list
DEBUG:root:Uses of main : <class 'ir2.FunctionPrologueStat'> 140406497209552 {
}: []
DEBUG:root:Uses of <class 'ir2.StatList'> 140406497206608 {
	<class 'ir2.LoadStat'> 140406497209616 {
		int int4 register
		int int1 1 const 
	}
	<class 'ir2.StoreStat'> 140406497209744 {
		int x global
		int int4 register
	}
}: [None, None, None]
DEBUG:root:Uses of <class 'ir2.StatList'> 140406497255952 {
	label2 : <class 'ir2.LoadStat'> 140406497209936 {
		int int5 register
		int x global
	}
	<class 'ir2.LoadStat'> 140406497210064 {
		int int6 register
		int int2 10 const 
	}
	<class 'ir2.BinStat'> 140406497210128 {
		'leq'
		int int7 register
		int int5 register
		int int6 register
	}
	<class 'ir2.BranchStat'> 140406497255824 {
		'gtr'
		int int11 register
		label label1
	}
	<class 'arm_ir.CallStat'> 140406497208976 {
		<class 'ir2.BranchLinkStat'> 140406497210256 {
			None
			None
			function square 
		}
	}
	<class 'ir2.StatList'> 140406497209232 {
		<class 'ir2.LoadStat'> 140406497255568 {
			int int8 register
			int x global
		}
		<class 'ir2.LoadStat'> 140406497255632 {
			int int9 register
			int int3 1 const 
		}
		<class 'ir2.BinStat'> 140406497255696 {
			'plus'
			int int10 register
			int int8 register
			int int9 register
		}
		<class 'ir2.StoreStat'> 140406497208912 {
			int x global
			int int10 register
		}
	}
	<class 'arm_ir.PrintStat'> 140406497209488 {
		int squ global
	}
	<class 'ir2.BranchStat'> 140406497255888 {
		None
		None
		label label2
	}
	label1 : <class 'ir2.EmptyStat'> 140406497209424 {
	}
}: [None, None, None]
DEBUG:root:Uses of <class 'ir2.ReturnStat'> 140406497256528 {
}: []
DEBUG:root:Uses of <class 'ir2.ReturnStat'> 140406497256528 {
}: []
DEBUG:root:Uses of <class 'ir2.StatList'> 140406497255952 {
	label2 : <class 'ir2.LoadStat'> 140406497209936 {
		int int5 register
		int x global
	}
	<class 'ir2.LoadStat'> 140406497210064 {
		int int6 register
		int int2 10 const 
	}
	<class 'ir2.BinStat'> 140406497210128 {
		'leq'
		int int7 register
		int int5 register
		int int6 register
	}
	<class 'ir2.BranchStat'> 140406497255824 {
		'gtr'
		int int11 register
		label label1
	}
	<class 'arm_ir.CallStat'> 140406497208976 {
		<class 'ir2.BranchLinkStat'> 140406497210256 {
			None
			None
			function square 
		}
	}
	<class 'ir2.StatList'> 140406497209232 {
		<class 'ir2.LoadStat'> 140406497255568 {
			int int8 register
			int x global
		}
		<class 'ir2.LoadStat'> 140406497255632 {
			int int9 register
			int int3 1 const 
		}
		<class 'ir2.BinStat'> 140406497255696 {
			'plus'
			int int10 register
			int int8 register
			int int9 register
		}
		<class 'ir2.StoreStat'> 140406497208912 {
			int x global
			int int10 register
		}
	}
	<class 'arm_ir.PrintStat'> 140406497209488 {
		int squ global
	}
	<class 'ir2.BranchStat'> 140406497255888 {
		None
		None
		label label2
	}
	label1 : <class 'ir2.EmptyStat'> 140406497209424 {
	}
}: [None, None, None]
DEBUG:root:Uses of <class 'ir2.StatList'> 140406497206608 {
	<class 'ir2.LoadStat'> 140406497209616 {
		int int4 register
		int int1 1 const 
	}
	<class 'ir2.StoreStat'> 140406497209744 {
		int x global
		int int4 register
	}
}: [None, None, None]
DEBUG:root:Uses of main : <class 'ir2.FunctionPrologueStat'> 140406497209552 {
}: []
DEBUG:root:Uses of <class 'ir2.LoadStat'> 140406497209616 {
	int int4 register
	int int1 1 const 
}: []
DEBUG:root:Uses of <class 'ir2.StoreStat'> 140406497209744 {
	int x global
	int int4 register
}: [int int4 register]
DEBUG:root:Uses of <class 'ir2.StoreStat'> 140406497209744 {
	int x global
	int int4 register
}: [int int4 register]
DEBUG:root:Uses of <class 'ir2.LoadStat'> 140406497209616 {
	int int4 register
	int int1 1 const 
}: []
DEBUG:root:Uses of label2 : <class 'ir2.LoadStat'> 140406497209936 {
	int int5 register
	int x global
}: []
DEBUG:root:Uses of <class 'ir2.LoadStat'> 140406497210064 {
	int int6 register
	int int2 10 const 
}: []
DEBUG:root:Uses of <class 'ir2.BinStat'> 140406497210128 {
	'leq'
	int int7 register
	int int5 register
	int int6 register
}: [int int5 register, int int6 register]
DEBUG:root:Uses of <class 'ir2.BranchStat'> 140406497255824 {
	'gtr'
	int int11 register
	label label1
}: [int int11 register]
DEBUG:root:Uses of <class 'ir2.BranchStat'> 140406497255824 {
	'gtr'
	int int11 register
	label label1
}: [int int11 register]
DEBUG:root:Uses of <class 'ir2.BinStat'> 140406497210128 {
	'leq'
	int int7 register
	int int5 register
	int int6 register
}: [int int5 register, int int6 register]
DEBUG:root:Uses of <class 'ir2.LoadStat'> 140406497210064 {
	int int6 register
	int int2 10 const 
}: []
DEBUG:root:Uses of label2 : <class 'ir2.LoadStat'> 140406497209936 {
	int int5 register
	int x global
}: []
DEBUG:root:Uses of <class 'arm_ir.CallStat'> 140406497208976 {
	<class 'ir2.BranchLinkStat'> 140406497210256 {
		None
		None
		function square 
	}
}: []
DEBUG:root:Uses of <class 'arm_ir.CallStat'> 140406497208976 {
	<class 'ir2.BranchLinkStat'> 140406497210256 {
		None
		None
		function square 
	}
}: []
DEBUG:root:Uses of <class 'ir2.StatList'> 140406497209232 {
	<class 'ir2.LoadStat'> 140406497255568 {
		int int8 register
		int x global
	}
	<class 'ir2.LoadStat'> 140406497255632 {
		int int9 register
		int int3 1 const 
	}
	<class 'ir2.BinStat'> 140406497255696 {
		'plus'
		int int10 register
		int int8 register
		int int9 register
	}
	<class 'ir2.StoreStat'> 140406497208912 {
		int x global
		int int10 register
	}
}: [None, None, None]
DEBUG:root:Uses of <class 'arm_ir.PrintStat'> 140406497209488 {
	int squ global
}: []
DEBUG:root:Uses of <class 'ir2.BranchStat'> 140406497255888 {
	None
	None
	label label2
}: [None]
DEBUG:root:Uses of <class 'ir2.BranchStat'> 140406497255888 {
	None
	None
	label label2
}: [None]
DEBUG:root:Uses of <class 'arm_ir.PrintStat'> 140406497209488 {
	int squ global
}: []
DEBUG:root:Uses of <class 'ir2.StatList'> 140406497209232 {
	<class 'ir2.LoadStat'> 140406497255568 {
		int int8 register
		int x global
	}
	<class 'ir2.LoadStat'> 140406497255632 {
		int int9 register
		int int3 1 const 
	}
	<class 'ir2.BinStat'> 140406497255696 {
		'plus'
		int int10 register
		int int8 register
		int int9 register
	}
	<class 'ir2.StoreStat'> 140406497208912 {
		int x global
		int int10 register
	}
}: [None, None, None]
DEBUG:root:Uses of label1 : <class 'ir2.EmptyStat'> 140406497209424 {
}: []
DEBUG:root:Uses of label1 : <class 'ir2.EmptyStat'> 140406497209424 {
}: []
DEBUG:root:Uses of <class 'ir2.LoadStat'> 140406497255568 {
	int int8 register
	int x global
}: []
DEBUG:root:Uses of <class 'ir2.LoadStat'> 140406497255632 {
	int int9 register
	int int3 1 const 
}: []
DEBUG:root:Uses of <class 'ir2.BinStat'> 140406497255696 {
	'plus'
	int int10 register
	int int8 register
	int int9 register
}: [int int8 register, int int9 register]
DEBUG:root:Uses of <class 'ir2.StoreStat'> 140406497208912 {
	int x global
	int int10 register
}: [int int10 register]
DEBUG:root:Uses of <class 'ir2.StoreStat'> 140406497208912 {
	int x global
	int int10 register
}: [int int10 register]
DEBUG:root:Uses of <class 'ir2.BinStat'> 140406497255696 {
	'plus'
	int int10 register
	int int8 register
	int int9 register
}: [int int8 register, int int9 register]
DEBUG:root:Uses of <class 'ir2.LoadStat'> 140406497255632 {
	int int9 register
	int int3 1 const 
}: []
DEBUG:root:Uses of <class 'ir2.LoadStat'> 140406497255568 {
	int int8 register
	int x global
}: []
DEBUG:root:Uses of <class 'ir2.FunctionPrologueStat'> 140406497210000 {
}: []
DEBUG:root:Uses of <class 'arm_ir.Block'> 140406497207120 {
	<class 'arm_ir.DefinitionList'> 140406497207056 {
	}
	<class 'arm_ir.StatList'> 140406497207312 {
		<class 'ir2.StatList'> 140406497256080 {
			<class 'ir2.LoadStat'> 140406497256272 {
				int int12 register
				int x global
			}
			<class 'ir2.LoadStat'> 140406497256336 {
				int int13 register
				int x global
			}
			<class 'ir2.BinStat'> 140406497256400 {
				'times'
				int int14 register
				int int12 register
				int int13 register
			}
			<class 'ir2.StoreStat'> 140406497208016 {
				int squ global
				int int14 register
			}
		}
	}
}: []
DEBUG:root:Uses of <class 'ir2.ReturnStat'> 140406497208144 {
}: []
DEBUG:root:Uses of <class 'ir2.ReturnStat'> 140406497208144 {
}: []
DEBUG:root:Uses of <class 'arm_ir.Block'> 140406497207120 {
	<class 'arm_ir.DefinitionList'> 140406497207056 {
	}
	<class 'arm_ir.StatList'> 140406497207312 {
		<class 'ir2.StatList'> 140406497256080 {
			<class 'ir2.LoadStat'> 140406497256272 {
				int int12 register
				int x global
			}
			<class 'ir2.LoadStat'> 140406497256336 {
				int int13 register
				int x global
			}
			<class 'ir2.BinStat'> 140406497256400 {
				'times'
				int int14 register
				int int12 register
				int int13 register
			}
			<class 'ir2.StoreStat'> 140406497208016 {
				int squ global
				int int14 register
			}
		}
	}
}: []
DEBUG:root:Uses of <class 'ir2.FunctionPrologueStat'> 140406497210000 {
}: []
DEBUG:root:Uses of <class 'ir2.StatList'> 140406497256080 {
	<class 'ir2.LoadStat'> 140406497256272 {
		int int12 register
		int x global
	}
	<class 'ir2.LoadStat'> 140406497256336 {
		int int13 register
		int x global
	}
	<class 'ir2.BinStat'> 140406497256400 {
		'times'
		int int14 register
		int int12 register
		int int13 register
	}
	<class 'ir2.StoreStat'> 140406497208016 {
		int squ global
		int int14 register
	}
}: [None, None, None]
DEBUG:root:Uses of <class 'ir2.StatList'> 140406497256080 {
	<class 'ir2.LoadStat'> 140406497256272 {
		int int12 register
		int x global
	}
	<class 'ir2.LoadStat'> 140406497256336 {
		int int13 register
		int x global
	}
	<class 'ir2.BinStat'> 140406497256400 {
		'times'
		int int14 register
		int int12 register
		int int13 register
	}
	<class 'ir2.StoreStat'> 140406497208016 {
		int squ global
		int int14 register
	}
}: [None, None, None]
DEBUG:root:Uses of <class 'ir2.LoadStat'> 140406497256272 {
	int int12 register
	int x global
}: []
DEBUG:root:Uses of <class 'ir2.LoadStat'> 140406497256336 {
	int int13 register
	int x global
}: []
DEBUG:root:Uses of <class 'ir2.BinStat'> 140406497256400 {
	'times'
	int int14 register
	int int12 register
	int int13 register
}: [int int12 register, int int13 register]
DEBUG:root:Uses of <class 'ir2.StoreStat'> 140406497208016 {
	int squ global
	int int14 register
}: [int int14 register]
DEBUG:root:Uses of <class 'ir2.StoreStat'> 140406497208016 {
	int squ global
	int int14 register
}: [int int14 register]
DEBUG:root:Uses of <class 'ir2.BinStat'> 140406497256400 {
	'times'
	int int14 register
	int int12 register
	int int13 register
}: [int int12 register, int int13 register]
DEBUG:root:Uses of <class 'ir2.LoadStat'> 140406497256336 {
	int int13 register
	int x global
}: []
DEBUG:root:Uses of <class 'ir2.LoadStat'> 140406497256272 {
	int int12 register
	int x global
}: []
DEBUG:root:
*********************************************
	Starting debug with standard test program
*********************************************

DEBUG:root:start <function program at 0x7f5e6a4717d0>
DEBUG:root:getsym: varsym var
DEBUG:root:start <function block at 0x7f5e6a4716e0>
DEBUG:root:accepting constsym == varsym
DEBUG:root:accepting varsym == varsym
DEBUG:root:getsym: ident x
DEBUG:root:expecting ident
DEBUG:root:accepting ident == ident
DEBUG:root:getsym: comma ,
DEBUG:root:accepting comma == comma
DEBUG:root:getsym: ident squ
DEBUG:root:expecting ident
DEBUG:root:accepting ident == ident
DEBUG:root:getsym: semicolon ;
DEBUG:root:accepting comma == semicolon
DEBUG:root:expecting semicolon
DEBUG:root:accepting semicolon == semicolon
DEBUG:root:getsym: procsym procedure
DEBUG:root:accepting procsym == procsym
DEBUG:root:getsym: ident square
DEBUG:root:expecting ident
DEBUG:root:accepting ident == ident
DEBUG:root:getsym: semicolon ;
DEBUG:root:expecting semicolon
DEBUG:root:accepting semicolon == semicolon
DEBUG:root:getsym: beginsym begin
DEBUG:root:start <function block at 0x7f5e6a4716e0>
DEBUG:root:accepting constsym == beginsym
DEBUG:root:accepting varsym == beginsym
DEBUG:root:accepting procsym == beginsym
DEBUG:root:start <function statement at 0x7f5e6a4715f0>
DEBUG:root:accepting ident == beginsym
DEBUG:root:accepting callsym == beginsym
DEBUG:root:accepting beginsym == beginsym
DEBUG:root:getsym: ident squ
DEBUG:root:StatList : new 140043466003664
DEBUG:root:start <function statement at 0x7f5e6a4715f0>
DEBUG:root:accepting ident == ident
DEBUG:root:getsym: becomes :=
DEBUG:root:Looking up squ
DEBUG:root:Looking up in parent
DEBUG:root:Looking up squ
DEBUG:root:expecting becomes
DEBUG:root:accepting becomes == becomes
DEBUG:root:getsym: ident x
DEBUG:root:start <function expression at 0x7f5e6a471410>
DEBUG:root:start <function term at 0x7f5e6a471320>
DEBUG:root:start <function factor at 0x7f5e6a471230>
DEBUG:root:accepting ident == ident
DEBUG:root:getsym: times *
DEBUG:root:Looking up x
DEBUG:root:Looking up in parent
DEBUG:root:Looking up x
DEBUG:root:end <function factor at 0x7f5e6a471230>
DEBUG:root:getsym: ident x
DEBUG:root:start <function factor at 0x7f5e6a471230>
DEBUG:root:accepting ident == ident
DEBUG:root:getsym: endsym end
DEBUG:root:Looking up x
DEBUG:root:Looking up in parent
DEBUG:root:Looking up x
DEBUG:root:end <function factor at 0x7f5e6a471230>
DEBUG:root:end <function term at 0x7f5e6a471320>
DEBUG:root:end <function expression at 0x7f5e6a471410>
DEBUG:root:end <function statement at 0x7f5e6a4715f0>
DEBUG:root:StatList: appending 140043466004496 of type <class 'ir2.AssignStat'> to 140043466003664
DEBUG:root:accepting semicolon == endsym
DEBUG:root:expecting endsym
DEBUG:root:accepting endsym == endsym
DEBUG:root:getsym: semicolon ;
DEBUG:root:StatList 140043466003664 : [
DEBUG:root:140043466004496 
DEBUG:root:]
DEBUG:root:end <function statement at 0x7f5e6a4715f0>
DEBUG:root:end <function block at 0x7f5e6a4716e0>
DEBUG:root:expecting semicolon
DEBUG:root:accepting semicolon == semicolon
DEBUG:root:getsym: beginsym begin
DEBUG:root:Looking up square
DEBUG:root:accepting procsym == beginsym
DEBUG:root:start <function statement at 0x7f5e6a4715f0>
DEBUG:root:accepting ident == beginsym
DEBUG:root:accepting callsym == beginsym
DEBUG:root:accepting beginsym == beginsym
DEBUG:root:getsym: ident x
DEBUG:root:StatList : new 140043466004688
DEBUG:root:start <function statement at 0x7f5e6a4715f0>
DEBUG:root:accepting ident == ident
DEBUG:root:getsym: becomes :=
DEBUG:root:Looking up x
DEBUG:root:expecting becomes
DEBUG:root:accepting becomes == becomes
DEBUG:root:getsym: number 1
DEBUG:root:start <function expression at 0x7f5e6a471410>
DEBUG:root:start <function term at 0x7f5e6a471320>
DEBUG:root:start <function factor at 0x7f5e6a471230>
DEBUG:root:accepting ident == number
DEBUG:root:accepting number == number
DEBUG:root:getsym: semicolon ;
DEBUG:root:end <function factor at 0x7f5e6a471230>
DEBUG:root:end <function term at 0x7f5e6a471320>
DEBUG:root:end <function expression at 0x7f5e6a471410>
DEBUG:root:end <function statement at 0x7f5e6a4715f0>
DEBUG:root:StatList: appending 140043466004880 of type <class 'ir2.AssignStat'> to 140043466004688
DEBUG:root:accepting semicolon == semicolon
DEBUG:root:getsym: whilesym while
DEBUG:root:start <function statement at 0x7f5e6a4715f0>
DEBUG:root:accepting ident == whilesym
DEBUG:root:accepting callsym == whilesym
DEBUG:root:accepting beginsym == whilesym
DEBUG:root:accepting ifsym == whilesym
DEBUG:root:accepting whilesym == whilesym
DEBUG:root:getsym: ident x
DEBUG:root:start <function condition at 0x7f5e6a471500>
DEBUG:root:accepting oddsym == ident
DEBUG:root:start <function expression at 0x7f5e6a471410>
DEBUG:root:start <function term at 0x7f5e6a471320>
DEBUG:root:start <function factor at 0x7f5e6a471230>
DEBUG:root:accepting ident == ident
DEBUG:root:getsym: leq <=
DEBUG:root:Looking up x
DEBUG:root:end <function factor at 0x7f5e6a471230>
DEBUG:root:end <function term at 0x7f5e6a471320>
DEBUG:root:end <function expression at 0x7f5e6a471410>
DEBUG:root:getsym: number 10
DEBUG:root:condition operator leq number
DEBUG:root:start <function expression at 0x7f5e6a471410>
DEBUG:root:start <function term at 0x7f5e6a471320>
DEBUG:root:start <function factor at 0x7f5e6a471230>
DEBUG:root:accepting ident == number
DEBUG:root:accepting number == number
DEBUG:root:getsym: dosym do
DEBUG:root:end <function factor at 0x7f5e6a471230>
DEBUG:root:end <function term at 0x7f5e6a471320>
DEBUG:root:end <function expression at 0x7f5e6a471410>
DEBUG:root:end <function condition at 0x7f5e6a471500>
DEBUG:root:expecting dosym
DEBUG:root:accepting dosym == dosym
DEBUG:root:getsym: beginsym begin
DEBUG:root:start <function statement at 0x7f5e6a4715f0>
DEBUG:root:accepting ident == beginsym
DEBUG:root:accepting callsym == beginsym
DEBUG:root:accepting beginsym == beginsym
DEBUG:root:getsym: callsym call
DEBUG:root:StatList : new 140043466005200
DEBUG:root:start <function statement at 0x7f5e6a4715f0>
DEBUG:root:accepting ident == callsym
DEBUG:root:accepting callsym == callsym
DEBUG:root:getsym: ident square
DEBUG:root:expecting ident
DEBUG:root:accepting ident == ident
DEBUG:root:getsym: semicolon ;
DEBUG:root:Looking up square
DEBUG:root:end <function statement at 0x7f5e6a4715f0>
DEBUG:root:StatList: appending 140043466005328 of type <class 'arm_ir.CallStat'> to 140043466005200
DEBUG:root:accepting semicolon == semicolon
DEBUG:root:getsym: ident x
DEBUG:root:start <function statement at 0x7f5e6a4715f0>
DEBUG:root:accepting ident == ident
DEBUG:root:getsym: becomes :=
DEBUG:root:Looking up x
DEBUG:root:expecting becomes
DEBUG:root:accepting becomes == becomes
DEBUG:root:getsym: ident x
DEBUG:root:start <function expression at 0x7f5e6a471410>
DEBUG:root:start <function term at 0x7f5e6a471320>
DEBUG:root:start <function factor at 0x7f5e6a471230>
DEBUG:root:accepting ident == ident
DEBUG:root:getsym: plus +
DEBUG:root:Looking up x
DEBUG:root:end <function factor at 0x7f5e6a471230>
DEBUG:root:end <function term at 0x7f5e6a471320>
DEBUG:root:getsym: number 1
DEBUG:root:start <function term at 0x7f5e6a471320>
DEBUG:root:start <function factor at 0x7f5e6a471230>
DEBUG:root:accepting ident == number
DEBUG:root:accepting number == number
DEBUG:root:getsym: semicolon ;
DEBUG:root:end <function factor at 0x7f5e6a471230>
DEBUG:root:end <function term at 0x7f5e6a471320>
DEBUG:root:end <function expression at 0x7f5e6a471410>
DEBUG:root:end <function statement at 0x7f5e6a4715f0>
DEBUG:root:StatList: appending 140043466005776 of type <class 'ir2.AssignStat'> to 140043466005200
DEBUG:root:accepting semicolon == semicolon
DEBUG:root:getsym: print !
DEBUG:root:start <function statement at 0x7f5e6a4715f0>
DEBUG:root:accepting ident == print
DEBUG:root:accepting callsym == print
DEBUG:root:accepting beginsym == print
DEBUG:root:accepting ifsym == print
DEBUG:root:accepting whilesym == print
DEBUG:root:accepting print == print
DEBUG:root:getsym: ident squ
DEBUG:root:expecting ident
DEBUG:root:accepting ident == ident
DEBUG:root:getsym: endsym end
DEBUG:root:Looking up squ
DEBUG:root:end <function statement at 0x7f5e6a4715f0>
DEBUG:root:StatList: appending 140043466005840 of type <class 'arm_ir.PrintStat'> to 140043466005200
DEBUG:root:accepting semicolon == endsym
DEBUG:root:expecting endsym
DEBUG:root:accepting endsym == endsym
DEBUG:root:getsym: endsym end
DEBUG:root:StatList 140043466005200 : [
DEBUG:root:140043466005328 
DEBUG:root:140043466005776 
DEBUG:root:140043466005840 
DEBUG:root:]
DEBUG:root:end <function statement at 0x7f5e6a4715f0>
DEBUG:root:end <function statement at 0x7f5e6a4715f0>
DEBUG:root:StatList: appending 140043466005904 of type <class 'ir2.WhileStat'> to 140043466004688
DEBUG:root:accepting semicolon == endsym
DEBUG:root:expecting endsym
DEBUG:root:accepting endsym == endsym
DEBUG:root:getsym: period .
DEBUG:root:StatList 140043466004688 : [
DEBUG:root:140043466004880 
DEBUG:root:140043466005904 
DEBUG:root:]
DEBUG:root:end <function statement at 0x7f5e6a4715f0>
DEBUG:root:end <function block at 0x7f5e6a4716e0>
DEBUG:root:expecting period
DEBUG:root:accepting period == period
DEBUG:root:end <function program at 0x7f5e6a4717d0>
DEBUG:root:
 <class 'arm_ir.Block'> 140043466004624 {
	<class 'arm_ir.DefinitionList'> 140043466003024 {
		<class 'arm_ir.FunctionDef'> 140043466004560 {
			function square 
			<class 'arm_ir.Block'> 140043466003472 {
				<class 'arm_ir.DefinitionList'> 140043466003408 {
				}
				<class 'arm_ir.StatList'> 140043466003664 {
					<class 'ir2.AssignStat'> 140043466004496 {
						int squ 
						<class 'ir2.BinExpr'> 140043466004432 {
							'times'
							<class 'ir2.Var'> 140043466004240 {
								int x 
							}
							<class 'ir2.Var'> 140043466004368 {
								int x 
							}
						}
					}
				}
			}
		}
	}
	<class 'arm_ir.StatList'> 140043466004688 {
		<class 'ir2.AssignStat'> 140043466004880 {
			int x 
			<class 'ir2.Const'> 140043466004752 {
				int int1 1 const 
			}
		}
		<class 'ir2.WhileStat'> 140043466005904 {
			<class 'ir2.BinExpr'> 140043466005136 {
				'leq'
				<class 'ir2.Var'> 140043466004944 {
					int x 
				}
				<class 'ir2.Const'> 140043466005008 {
					int int2 10 const 
				}
			}
			<class 'arm_ir.StatList'> 140043466005200 {
				<class 'arm_ir.CallStat'> 140043466005328 {
					<class 'ir2.CallExpr'> 140043466005264 {
						function square 
					}
				}
				<class 'ir2.AssignStat'> 140043466005776 {
					int x 
					<class 'ir2.BinExpr'> 140043466005712 {
						'plus'
						<class 'ir2.Var'> 140043466005456 {
							int x 
						}
						<class 'ir2.Const'> 140043466005584 {
							int int3 1 const 
						}
					}
				}
				<class 'arm_ir.PrintStat'> 140043466005840 {
					int squ 
				}
			}
		}
	}
} 

DEBUG:root:Lowering <class 'ir2.Const'> 140043466004752
DEBUG:root:StatList : new 140043466006288
DEBUG:root:Lowering <class 'ir2.AssignStat'> 140043466004880
DEBUG:root:Lowering <class 'ir2.Var'> 140043466004944
DEBUG:root:Lowering <class 'ir2.Const'> 140043466005008
DEBUG:root:StatList : new 140043466047696
DEBUG:root:Lowering <class 'ir2.BinExpr'> 140043466005136
DEBUG:root:Lowering <class 'ir2.CallExpr'> 140043466005264
DEBUG:root:Cannot lower <class 'arm_ir.CallStat'> 'lower' is not in list
DEBUG:root:Lowering <class 'ir2.Var'> 140043466005456
DEBUG:root:Lowering <class 'ir2.Const'> 140043466005584
DEBUG:root:StatList : new 140043466048144
DEBUG:root:Lowering <class 'ir2.BinExpr'> 140043466005712
DEBUG:root:StatList : new 140043466005584
DEBUG:root:Lowering <class 'ir2.AssignStat'> 140043466005776
DEBUG:root:Cannot lower <class 'arm_ir.PrintStat'> 'lower' is not in list
DEBUG:root:Cannot lower <class 'arm_ir.StatList'> 'NoneType' object is not callable
DEBUG:root:None attached to <class 'ir2.StatList'> 140043466047696 {
	label2 : <class 'ir2.LoadStat'> 140043466006480 {
		int int5 register
		int x 
	}
	<class 'ir2.LoadStat'> 140043466047568 {
		int int6 register
		int int2 10 const 
	}
	<class 'ir2.BinStat'> 140043466047632 {
		'leq'
		int int7 register
		int int5 register
		int int6 register
	}
}
DEBUG:root:StatList : new 140043466048336
DEBUG:root:Lowering <class 'ir2.WhileStat'> 140043466005904
DEBUG:root:Cannot lower <class 'arm_ir.StatList'> 'NoneType' object is not callable
DEBUG:root:Lowering <class 'ir2.Var'> 140043466004240
DEBUG:root:Lowering <class 'ir2.Var'> 140043466004368
DEBUG:root:StatList : new 140043466048848
DEBUG:root:Lowering <class 'ir2.BinExpr'> 140043466004432
DEBUG:root:StatList : new 140043466048464
DEBUG:root:Lowering <class 'ir2.AssignStat'> 140043466004496
DEBUG:root:Cannot lower <class 'arm_ir.StatList'> 'NoneType' object is not callable
DEBUG:root:Cannot lower <class 'arm_ir.DefinitionList'> 'lower' is not in list
DEBUG:root:Lowering <class 'arm_ir.Block'> 140043466003472
DEBUG:root:Failed!
DEBUG:root:StatList : new 140043466004432
DEBUG:root:Lowering <class 'arm_ir.FunctionDef'> 140043466004560
DEBUG:root:Failed!
DEBUG:root:Cannot lower <class 'arm_ir.DefinitionList'> 'lower' is not in list
DEBUG:root:StatList: inserting 140043466005904 of type <class 'ir2.FunctionPrologueStat'> into 140043466004688
DEBUG:root:StatList: appending 140043466048912 of type <class 'ir2.ReturnStat'> to 140043466004688
DEBUG:root:Lowering <class 'arm_ir.Block'> 140043466004624
DEBUG:root:Failed!
DEBUG:root:<class 'ir2.FunctionPrologueStat'> 'flatten' is not in list
DEBUG:root:<class 'ir2.LoadStat'> 'flatten' is not in list
DEBUG:root:<class 'ir2.StoreStat'> 'flatten' is not in list
DEBUG:root:Not flattening 140043466006288 into 140043466004688 of type <class 'arm_ir.StatList'>
DEBUG:root:Flattening <class 'ir2.StatList'> 140043466006288
DEBUG:root:Failed!
DEBUG:root:<class 'ir2.LoadStat'> 'flatten' is not in list
DEBUG:root:<class 'ir2.LoadStat'> 'flatten' is not in list
DEBUG:root:<class 'ir2.BinStat'> 'flatten' is not in list
DEBUG:root:Flattening 140043466047696 into 140043466048336
DEBUG:root:Flattening <class 'ir2.StatList'> 140043466047696
DEBUG:root:<class 'ir2.BranchStat'> 'flatten' is not in list
DEBUG:root:<class 'ir2.BranchLinkStat'> 'flatten' is not in list
DEBUG:root:<class 'arm_ir.CallStat'> 'flatten' is not in list
DEBUG:root:<class 'ir2.LoadStat'> 'flatten' is not in list
DEBUG:root:<class 'ir2.LoadStat'> 'flatten' is not in list
DEBUG:root:<class 'ir2.BinStat'> 'flatten' is not in list
DEBUG:root:Flattening 140043466048144 into 140043466005584
DEBUG:root:Flattening <class 'ir2.StatList'> 140043466048144
DEBUG:root:<class 'ir2.StoreStat'> 'flatten' is not in list
DEBUG:root:Not flattening 140043466005584 into 140043466005200 of type <class 'arm_ir.StatList'>
DEBUG:root:Flattening <class 'ir2.StatList'> 140043466005584
DEBUG:root:Failed!
DEBUG:root:<class 'arm_ir.PrintStat'> 'flatten' is not in list
DEBUG:root:Flattening 140043466005200 into 140043466048336
DEBUG:root:Flattening <class 'arm_ir.StatList'> 140043466005200
DEBUG:root:<class 'ir2.BranchStat'> 'flatten' is not in list
DEBUG:root:<class 'ir2.EmptyStat'> 'flatten' is not in list
DEBUG:root:Not flattening 140043466048336 into 140043466004688 of type <class 'arm_ir.StatList'>
DEBUG:root:Flattening <class 'ir2.StatList'> 140043466048336
DEBUG:root:Failed!
DEBUG:root:<class 'ir2.ReturnStat'> 'flatten' is not in list
DEBUG:root:Not flattening 140043466004688 into 94490279708000 of type <type 'NoneType'>
DEBUG:root:Flattening <class 'arm_ir.StatList'> 140043466004688
DEBUG:root:Failed!
DEBUG:root:<class 'ir2.FunctionPrologueStat'> 'flatten' is not in list
DEBUG:root:<class 'ir2.LoadStat'> 'flatten' is not in list
DEBUG:root:<class 'ir2.LoadStat'> 'flatten' is not in list
DEBUG:root:<class 'ir2.BinStat'> 'flatten' is not in list
DEBUG:root:Flattening 140043466048848 into 140043466048464
DEBUG:root:Flattening <class 'ir2.StatList'> 140043466048848
DEBUG:root:<class 'ir2.StoreStat'> 'flatten' is not in list
DEBUG:root:Not flattening 140043466048464 into 140043466003664 of type <class 'arm_ir.StatList'>
DEBUG:root:Flattening <class 'ir2.StatList'> 140043466048464
DEBUG:root:Failed!
DEBUG:root:Not flattening 140043466003664 into 94490279708000 of type <type 'NoneType'>
DEBUG:root:Flattening <class 'arm_ir.StatList'> 140043466003664
DEBUG:root:Failed!
DEBUG:root:<class 'arm_ir.DefinitionList'> 'flatten' is not in list
DEBUG:root:<class 'arm_ir.Block'> 'flatten' is not in list
DEBUG:root:<class 'ir2.ReturnStat'> 'flatten' is not in list
DEBUG:root:Not flattening 140043466004432 into 140043466004560 of type <class 'arm_ir.FunctionDef'>
DEBUG:root:Flattening <class 'ir2.StatList'> 140043466004432
DEBUG:root:Failed!
DEBUG:root:<class 'arm_ir.FunctionDef'> 'flatten' is not in list
DEBUG:root:<class 'arm_ir.DefinitionList'> 'flatten' is not in list
DEBUG:root:<class 'arm_ir.Block'> 'flatten' is not in list
DEBUG:root:
 <class 'arm_ir.Block'> 140043466004624 {
	<class 'arm_ir.DefinitionList'> 140043466003024 {
		<class 'arm_ir.FunctionDef'> 140043466004560 {
			function square 
			<class 'ir2.StatList'> 140043466004432 {
				<class 'ir2.FunctionPrologueStat'> 140043466006032 {
				}
				<class 'arm_ir.Block'> 140043466003472 {
					<class 'arm_ir.DefinitionList'> 140043466003408 {
					}
					<class 'arm_ir.StatList'> 140043466003664 {
						<class 'ir2.StatList'> 140043466048464 {
							<class 'ir2.LoadStat'> 140043466048656 {
								int int12 register
								int x 
							}
							<class 'ir2.LoadStat'> 140043466048720 {
								int int13 register
								int x 
							}
							<class 'ir2.BinStat'> 140043466048784 {
								'times'
								int int14 register
								int int12 register
								int int13 register
							}
							<class 'ir2.StoreStat'> 140043466004368 {
								int squ 
								int int14 register
							}
						}
					}
				}
				<class 'ir2.ReturnStat'> 140043466004496 {
				}
			}
		}
	}
	<class 'arm_ir.StatList'> 140043466004688 {
		main : <class 'ir2.FunctionPrologueStat'> 140043466005904 {
		}
		<class 'ir2.StatList'> 140043466006288 {
			<class 'ir2.LoadStat'> 140043466006160 {
				int int4 register
				int int1 1 const 
			}
			<class 'ir2.StoreStat'> 140043466005968 {
				int x 
				int int4 register
			}
		}
		<class 'ir2.StatList'> 140043466048336 {
			label2 : <class 'ir2.LoadStat'> 140043466006480 {
				int int5 register
				int x 
			}
			<class 'ir2.LoadStat'> 140043466047568 {
				int int6 register
				int int2 10 const 
			}
			<class 'ir2.BinStat'> 140043466047632 {
				'leq'
				int int7 register
				int int5 register
				int int6 register
			}
			<class 'ir2.BranchStat'> 140043466048208 {
				'gtr'
				int int11 register
				label label1
			}
			<class 'arm_ir.CallStat'> 140043466005328 {
				<class 'ir2.BranchLinkStat'> 140043466047824 {
					None
					None
					function square 
				}
			}
			<class 'ir2.StatList'> 140043466005584 {
				<class 'ir2.LoadStat'> 140043466047952 {
					int int8 register
					int x 
				}
				<class 'ir2.LoadStat'> 140043466048016 {
					int int9 register
					int int3 1 const 
				}
				<class 'ir2.BinStat'> 140043466048080 {
					'plus'
					int int10 register
					int int8 register
					int int9 register
				}
				<class 'ir2.StoreStat'> 140043466005264 {
					int x 
					int int10 register
				}
			}
			<class 'arm_ir.PrintStat'> 140043466005840 {
				int squ 
			}
			<class 'ir2.BranchStat'> 140043466048272 {
				None
				None
				label label2
			}
			label1 : <class 'ir2.EmptyStat'> 140043466005776 {
			}
		}
		<class 'ir2.ReturnStat'> 140043466048912 {
		}
	}
} 

DEBUG:root:Data Layout <class 'arm_ir.Block'> 140043466004624
DEBUG:root:Failed!
DEBUG:root:<class 'arm_ir.StatList'> 'NoneType' object is not callable
DEBUG:root:<class 'ir2.FunctionPrologueStat'> 'dataLayout' is not in list
DEBUG:root:<class 'ir2.StatList'> 'NoneType' object is not callable
DEBUG:root:<class 'ir2.LoadStat'> 'dataLayout' is not in list
DEBUG:root:<class 'ir2.StoreStat'> 'dataLayout' is not in list
DEBUG:root:<class 'ir2.StatList'> 'NoneType' object is not callable
DEBUG:root:<class 'ir2.LoadStat'> 'dataLayout' is not in list
DEBUG:root:<class 'ir2.LoadStat'> 'dataLayout' is not in list
DEBUG:root:<class 'ir2.BinStat'> 'dataLayout' is not in list
DEBUG:root:<class 'ir2.BranchStat'> 'dataLayout' is not in list
DEBUG:root:<class 'arm_ir.CallStat'> 'dataLayout' is not in list
DEBUG:root:<class 'ir2.BranchLinkStat'> 'dataLayout' is not in list
DEBUG:root:<class 'ir2.StatList'> 'NoneType' object is not callable
DEBUG:root:<class 'ir2.LoadStat'> 'dataLayout' is not in list
DEBUG:root:<class 'ir2.LoadStat'> 'dataLayout' is not in list
DEBUG:root:<class 'ir2.BinStat'> 'dataLayout' is not in list
DEBUG:root:<class 'ir2.StoreStat'> 'dataLayout' is not in list
DEBUG:root:<class 'arm_ir.PrintStat'> 'dataLayout' is not in list
DEBUG:root:<class 'ir2.BranchStat'> 'dataLayout' is not in list
DEBUG:root:<class 'ir2.EmptyStat'> 'dataLayout' is not in list
DEBUG:root:<class 'ir2.ReturnStat'> 'dataLayout' is not in list
DEBUG:root:<class 'arm_ir.DefinitionList'> 'dataLayout' is not in list
DEBUG:root:<class 'arm_ir.FunctionDef'> 'dataLayout' is not in list
DEBUG:root:<class 'ir2.StatList'> 'NoneType' object is not callable
DEBUG:root:<class 'ir2.FunctionPrologueStat'> 'dataLayout' is not in list
DEBUG:root:Data Layout <class 'arm_ir.Block'> 140043466003472
DEBUG:root:Failed!
DEBUG:root:<class 'arm_ir.StatList'> 'NoneType' object is not callable
DEBUG:root:<class 'ir2.StatList'> 'NoneType' object is not callable
DEBUG:root:<class 'ir2.LoadStat'> 'dataLayout' is not in list
DEBUG:root:<class 'ir2.LoadStat'> 'dataLayout' is not in list
DEBUG:root:<class 'ir2.BinStat'> 'dataLayout' is not in list
DEBUG:root:<class 'ir2.StoreStat'> 'dataLayout' is not in list
DEBUG:root:<class 'arm_ir.DefinitionList'> 'dataLayout' is not in list
DEBUG:root:<class 'ir2.ReturnStat'> 'dataLayout' is not in list
DEBUG:root:Uses of main : <class 'ir2.FunctionPrologueStat'> 140043466005904 {
}: []
DEBUG:root:Uses of <class 'ir2.StatList'> 140043466006288 {
	<class 'ir2.LoadStat'> 140043466006160 {
		int int4 register
		int int1 1 const 
	}
	<class 'ir2.StoreStat'> 140043466005968 {
		int x global
		int int4 register
	}
}: [None, None, None]
DEBUG:root:Uses of <class 'ir2.StatList'> 140043466048336 {
	label2 : <class 'ir2.LoadStat'> 140043466006480 {
		int int5 register
		int x global
	}
	<class 'ir2.LoadStat'> 140043466047568 {
		int int6 register
		int int2 10 const 
	}
	<class 'ir2.BinStat'> 140043466047632 {
		'leq'
		int int7 register
		int int5 register
		int int6 register
	}
	<class 'ir2.BranchStat'> 140043466048208 {
		'gtr'
		int int11 register
		label label1
	}
	<class 'arm_ir.CallStat'> 140043466005328 {
		<class 'ir2.BranchLinkStat'> 140043466047824 {
			None
			None
			function square 
		}
	}
	<class 'ir2.StatList'> 140043466005584 {
		<class 'ir2.LoadStat'> 140043466047952 {
			int int8 register
			int x global
		}
		<class 'ir2.LoadStat'> 140043466048016 {
			int int9 register
			int int3 1 const 
		}
		<class 'ir2.BinStat'> 140043466048080 {
			'plus'
			int int10 register
			int int8 register
			int int9 register
		}
		<class 'ir2.StoreStat'> 140043466005264 {
			int x global
			int int10 register
		}
	}
	<class 'arm_ir.PrintStat'> 140043466005840 {
		int squ global
	}
	<class 'ir2.BranchStat'> 140043466048272 {
		None
		None
		label label2
	}
	label1 : <class 'ir2.EmptyStat'> 140043466005776 {
	}
}: [None, None, None]
DEBUG:root:Uses of <class 'ir2.ReturnStat'> 140043466048912 {
}: []
DEBUG:root:Uses of <class 'ir2.ReturnStat'> 140043466048912 {
}: []
DEBUG:root:Uses of <class 'ir2.StatList'> 140043466048336 {
	label2 : <class 'ir2.LoadStat'> 140043466006480 {
		int int5 register
		int x global
	}
	<class 'ir2.LoadStat'> 140043466047568 {
		int int6 register
		int int2 10 const 
	}
	<class 'ir2.BinStat'> 140043466047632 {
		'leq'
		int int7 register
		int int5 register
		int int6 register
	}
	<class 'ir2.BranchStat'> 140043466048208 {
		'gtr'
		int int11 register
		label label1
	}
	<class 'arm_ir.CallStat'> 140043466005328 {
		<class 'ir2.BranchLinkStat'> 140043466047824 {
			None
			None
			function square 
		}
	}
	<class 'ir2.StatList'> 140043466005584 {
		<class 'ir2.LoadStat'> 140043466047952 {
			int int8 register
			int x global
		}
		<class 'ir2.LoadStat'> 140043466048016 {
			int int9 register
			int int3 1 const 
		}
		<class 'ir2.BinStat'> 140043466048080 {
			'plus'
			int int10 register
			int int8 register
			int int9 register
		}
		<class 'ir2.StoreStat'> 140043466005264 {
			int x global
			int int10 register
		}
	}
	<class 'arm_ir.PrintStat'> 140043466005840 {
		int squ global
	}
	<class 'ir2.BranchStat'> 140043466048272 {
		None
		None
		label label2
	}
	label1 : <class 'ir2.EmptyStat'> 140043466005776 {
	}
}: [None, None, None]
DEBUG:root:Uses of <class 'ir2.StatList'> 140043466006288 {
	<class 'ir2.LoadStat'> 140043466006160 {
		int int4 register
		int int1 1 const 
	}
	<class 'ir2.StoreStat'> 140043466005968 {
		int x global
		int int4 register
	}
}: [None, None, None]
DEBUG:root:Uses of main : <class 'ir2.FunctionPrologueStat'> 140043466005904 {
}: []
DEBUG:root:Uses of <class 'ir2.StatList'> 140043466048464 {
	<class 'ir2.LoadStat'> 140043466048656 {
		int int12 register
		int x global
	}
	<class 'ir2.LoadStat'> 140043466048720 {
		int int13 register
		int x global
	}
	<class 'ir2.BinStat'> 140043466048784 {
		'times'
		int int14 register
		int int12 register
		int int13 register
	}
	<class 'ir2.StoreStat'> 140043466004368 {
		int squ global
		int int14 register
	}
}: [None, None, None]
DEBUG:root:Uses of <class 'ir2.StatList'> 140043466048464 {
	<class 'ir2.LoadStat'> 140043466048656 {
		int int12 register
		int x global
	}
	<class 'ir2.LoadStat'> 140043466048720 {
		int int13 register
		int x global
	}
	<class 'ir2.BinStat'> 140043466048784 {
		'times'
		int int14 register
		int int12 register
		int int13 register
	}
	<class 'ir2.StoreStat'> 140043466004368 {
		int squ global
		int int14 register
	}
}: [None, None, None]
DEBUG:root:
*********************************************
	Starting debug with standard test program
*********************************************

DEBUG:root:start <function program at 0x7f87c6d577d0>
DEBUG:root:getsym: varsym var
DEBUG:root:start <function block at 0x7f87c6d576e0>
DEBUG:root:accepting constsym == varsym
DEBUG:root:accepting varsym == varsym
DEBUG:root:getsym: ident x
DEBUG:root:expecting ident
DEBUG:root:accepting ident == ident
DEBUG:root:getsym: comma ,
DEBUG:root:accepting comma == comma
DEBUG:root:getsym: ident squ
DEBUG:root:expecting ident
DEBUG:root:accepting ident == ident
DEBUG:root:getsym: semicolon ;
DEBUG:root:accepting comma == semicolon
DEBUG:root:expecting semicolon
DEBUG:root:accepting semicolon == semicolon
DEBUG:root:getsym: procsym procedure
DEBUG:root:accepting procsym == procsym
DEBUG:root:getsym: ident square
DEBUG:root:expecting ident
DEBUG:root:accepting ident == ident
DEBUG:root:getsym: semicolon ;
DEBUG:root:expecting semicolon
DEBUG:root:accepting semicolon == semicolon
DEBUG:root:getsym: beginsym begin
DEBUG:root:start <function block at 0x7f87c6d576e0>
DEBUG:root:accepting constsym == beginsym
DEBUG:root:accepting varsym == beginsym
DEBUG:root:accepting procsym == beginsym
DEBUG:root:start <function statement at 0x7f87c6d575f0>
DEBUG:root:accepting ident == beginsym
DEBUG:root:accepting callsym == beginsym
DEBUG:root:accepting beginsym == beginsym
DEBUG:root:getsym: ident squ
DEBUG:root:StatList : new 140221112497360
DEBUG:root:start <function statement at 0x7f87c6d575f0>
DEBUG:root:accepting ident == ident
DEBUG:root:getsym: becomes :=
DEBUG:root:Looking up squ
DEBUG:root:Looking up in parent
DEBUG:root:Looking up squ
DEBUG:root:expecting becomes
DEBUG:root:accepting becomes == becomes
DEBUG:root:getsym: ident x
DEBUG:root:start <function expression at 0x7f87c6d57410>
DEBUG:root:start <function term at 0x7f87c6d57320>
DEBUG:root:start <function factor at 0x7f87c6d57230>
DEBUG:root:accepting ident == ident
DEBUG:root:getsym: times *
DEBUG:root:Looking up x
DEBUG:root:Looking up in parent
DEBUG:root:Looking up x
DEBUG:root:end <function factor at 0x7f87c6d57230>
DEBUG:root:getsym: ident x
DEBUG:root:start <function factor at 0x7f87c6d57230>
DEBUG:root:accepting ident == ident
DEBUG:root:getsym: endsym end
DEBUG:root:Looking up x
DEBUG:root:Looking up in parent
DEBUG:root:Looking up x
DEBUG:root:end <function factor at 0x7f87c6d57230>
DEBUG:root:end <function term at 0x7f87c6d57320>
DEBUG:root:end <function expression at 0x7f87c6d57410>
DEBUG:root:end <function statement at 0x7f87c6d575f0>
DEBUG:root:StatList: appending 140221112498192 of type <class 'ir2.AssignStat'> to 140221112497360
DEBUG:root:accepting semicolon == endsym
DEBUG:root:expecting endsym
DEBUG:root:accepting endsym == endsym
DEBUG:root:getsym: semicolon ;
DEBUG:root:StatList 140221112497360 : [
DEBUG:root:140221112498192 
DEBUG:root:]
DEBUG:root:end <function statement at 0x7f87c6d575f0>
DEBUG:root:end <function block at 0x7f87c6d576e0>
DEBUG:root:expecting semicolon
DEBUG:root:accepting semicolon == semicolon
DEBUG:root:getsym: beginsym begin
DEBUG:root:Looking up square
DEBUG:root:accepting procsym == beginsym
DEBUG:root:start <function statement at 0x7f87c6d575f0>
DEBUG:root:accepting ident == beginsym
DEBUG:root:accepting callsym == beginsym
DEBUG:root:accepting beginsym == beginsym
DEBUG:root:getsym: ident x
DEBUG:root:StatList : new 140221112498384
DEBUG:root:start <function statement at 0x7f87c6d575f0>
DEBUG:root:accepting ident == ident
DEBUG:root:getsym: becomes :=
DEBUG:root:Looking up x
DEBUG:root:expecting becomes
DEBUG:root:accepting becomes == becomes
DEBUG:root:getsym: number 1
DEBUG:root:start <function expression at 0x7f87c6d57410>
DEBUG:root:start <function term at 0x7f87c6d57320>
DEBUG:root:start <function factor at 0x7f87c6d57230>
DEBUG:root:accepting ident == number
DEBUG:root:accepting number == number
DEBUG:root:getsym: semicolon ;
DEBUG:root:end <function factor at 0x7f87c6d57230>
DEBUG:root:end <function term at 0x7f87c6d57320>
DEBUG:root:end <function expression at 0x7f87c6d57410>
DEBUG:root:end <function statement at 0x7f87c6d575f0>
DEBUG:root:StatList: appending 140221112498576 of type <class 'ir2.AssignStat'> to 140221112498384
DEBUG:root:accepting semicolon == semicolon
DEBUG:root:getsym: whilesym while
DEBUG:root:start <function statement at 0x7f87c6d575f0>
DEBUG:root:accepting ident == whilesym
DEBUG:root:accepting callsym == whilesym
DEBUG:root:accepting beginsym == whilesym
DEBUG:root:accepting ifsym == whilesym
DEBUG:root:accepting whilesym == whilesym
DEBUG:root:getsym: ident x
DEBUG:root:start <function condition at 0x7f87c6d57500>
DEBUG:root:accepting oddsym == ident
DEBUG:root:start <function expression at 0x7f87c6d57410>
DEBUG:root:start <function term at 0x7f87c6d57320>
DEBUG:root:start <function factor at 0x7f87c6d57230>
DEBUG:root:accepting ident == ident
DEBUG:root:getsym: leq <=
DEBUG:root:Looking up x
DEBUG:root:end <function factor at 0x7f87c6d57230>
DEBUG:root:end <function term at 0x7f87c6d57320>
DEBUG:root:end <function expression at 0x7f87c6d57410>
DEBUG:root:getsym: number 10
DEBUG:root:condition operator leq number
DEBUG:root:start <function expression at 0x7f87c6d57410>
DEBUG:root:start <function term at 0x7f87c6d57320>
DEBUG:root:start <function factor at 0x7f87c6d57230>
DEBUG:root:accepting ident == number
DEBUG:root:accepting number == number
DEBUG:root:getsym: dosym do
DEBUG:root:end <function factor at 0x7f87c6d57230>
DEBUG:root:end <function term at 0x7f87c6d57320>
DEBUG:root:end <function expression at 0x7f87c6d57410>
DEBUG:root:end <function condition at 0x7f87c6d57500>
DEBUG:root:expecting dosym
DEBUG:root:accepting dosym == dosym
DEBUG:root:getsym: beginsym begin
DEBUG:root:start <function statement at 0x7f87c6d575f0>
DEBUG:root:accepting ident == beginsym
DEBUG:root:accepting callsym == beginsym
DEBUG:root:accepting beginsym == beginsym
DEBUG:root:getsym: callsym call
DEBUG:root:StatList : new 140221112498896
DEBUG:root:start <function statement at 0x7f87c6d575f0>
DEBUG:root:accepting ident == callsym
DEBUG:root:accepting callsym == callsym
DEBUG:root:getsym: ident square
DEBUG:root:expecting ident
DEBUG:root:accepting ident == ident
DEBUG:root:getsym: semicolon ;
DEBUG:root:Looking up square
DEBUG:root:end <function statement at 0x7f87c6d575f0>
DEBUG:root:StatList: appending 140221112499024 of type <class 'arm_ir.CallStat'> to 140221112498896
DEBUG:root:accepting semicolon == semicolon
DEBUG:root:getsym: ident x
DEBUG:root:start <function statement at 0x7f87c6d575f0>
DEBUG:root:accepting ident == ident
DEBUG:root:getsym: becomes :=
DEBUG:root:Looking up x
DEBUG:root:expecting becomes
DEBUG:root:accepting becomes == becomes
DEBUG:root:getsym: ident x
DEBUG:root:start <function expression at 0x7f87c6d57410>
DEBUG:root:start <function term at 0x7f87c6d57320>
DEBUG:root:start <function factor at 0x7f87c6d57230>
DEBUG:root:accepting ident == ident
DEBUG:root:getsym: plus +
DEBUG:root:Looking up x
DEBUG:root:end <function factor at 0x7f87c6d57230>
DEBUG:root:end <function term at 0x7f87c6d57320>
DEBUG:root:getsym: number 1
DEBUG:root:start <function term at 0x7f87c6d57320>
DEBUG:root:start <function factor at 0x7f87c6d57230>
DEBUG:root:accepting ident == number
DEBUG:root:accepting number == number
DEBUG:root:getsym: semicolon ;
DEBUG:root:end <function factor at 0x7f87c6d57230>
DEBUG:root:end <function term at 0x7f87c6d57320>
DEBUG:root:end <function expression at 0x7f87c6d57410>
DEBUG:root:end <function statement at 0x7f87c6d575f0>
DEBUG:root:StatList: appending 140221112499472 of type <class 'ir2.AssignStat'> to 140221112498896
DEBUG:root:accepting semicolon == semicolon
DEBUG:root:getsym: print !
DEBUG:root:start <function statement at 0x7f87c6d575f0>
DEBUG:root:accepting ident == print
DEBUG:root:accepting callsym == print
DEBUG:root:accepting beginsym == print
DEBUG:root:accepting ifsym == print
DEBUG:root:accepting whilesym == print
DEBUG:root:accepting print == print
DEBUG:root:getsym: ident squ
DEBUG:root:expecting ident
DEBUG:root:accepting ident == ident
DEBUG:root:getsym: endsym end
DEBUG:root:Looking up squ
DEBUG:root:end <function statement at 0x7f87c6d575f0>
DEBUG:root:StatList: appending 140221112499536 of type <class 'arm_ir.PrintStat'> to 140221112498896
DEBUG:root:accepting semicolon == endsym
DEBUG:root:expecting endsym
DEBUG:root:accepting endsym == endsym
DEBUG:root:getsym: endsym end
DEBUG:root:StatList 140221112498896 : [
DEBUG:root:140221112499024 
DEBUG:root:140221112499472 
DEBUG:root:140221112499536 
DEBUG:root:]
DEBUG:root:end <function statement at 0x7f87c6d575f0>
DEBUG:root:end <function statement at 0x7f87c6d575f0>
DEBUG:root:StatList: appending 140221112499600 of type <class 'ir2.WhileStat'> to 140221112498384
DEBUG:root:accepting semicolon == endsym
DEBUG:root:expecting endsym
DEBUG:root:accepting endsym == endsym
DEBUG:root:getsym: period .
DEBUG:root:StatList 140221112498384 : [
DEBUG:root:140221112498576 
DEBUG:root:140221112499600 
DEBUG:root:]
DEBUG:root:end <function statement at 0x7f87c6d575f0>
DEBUG:root:end <function block at 0x7f87c6d576e0>
DEBUG:root:expecting period
DEBUG:root:accepting period == period
DEBUG:root:end <function program at 0x7f87c6d577d0>
DEBUG:root:
 <class 'arm_ir.Block'> 140221112498320 {
	<class 'arm_ir.DefinitionList'> 140221112496720 {
		<class 'arm_ir.FunctionDef'> 140221112498256 {
			function square 
			<class 'arm_ir.Block'> 140221112497168 {
				<class 'arm_ir.DefinitionList'> 140221112497104 {
				}
				<class 'arm_ir.StatList'> 140221112497360 {
					<class 'ir2.AssignStat'> 140221112498192 {
						int squ 
						<class 'ir2.BinExpr'> 140221112498128 {
							'times'
							<class 'ir2.Var'> 140221112497936 {
								int x 
							}
							<class 'ir2.Var'> 140221112498064 {
								int x 
							}
						}
					}
				}
			}
		}
	}
	<class 'arm_ir.StatList'> 140221112498384 {
		<class 'ir2.AssignStat'> 140221112498576 {
			int x 
			<class 'ir2.Const'> 140221112498448 {
				int int1 1 const 
			}
		}
		<class 'ir2.WhileStat'> 140221112499600 {
			<class 'ir2.BinExpr'> 140221112498832 {
				'leq'
				<class 'ir2.Var'> 140221112498640 {
					int x 
				}
				<class 'ir2.Const'> 140221112498704 {
					int int2 10 const 
				}
			}
			<class 'arm_ir.StatList'> 140221112498896 {
				<class 'arm_ir.CallStat'> 140221112499024 {
					<class 'ir2.CallExpr'> 140221112498960 {
						function square 
					}
				}
				<class 'ir2.AssignStat'> 140221112499472 {
					int x 
					<class 'ir2.BinExpr'> 140221112499408 {
						'plus'
						<class 'ir2.Var'> 140221112499152 {
							int x 
						}
						<class 'ir2.Const'> 140221112499280 {
							int int3 1 const 
						}
					}
				}
				<class 'arm_ir.PrintStat'> 140221112499536 {
					int squ 
				}
			}
		}
	}
} 

DEBUG:root:Lowering <class 'ir2.Const'> 140221112498448
DEBUG:root:StatList : new 140221112499984
DEBUG:root:Lowering <class 'ir2.AssignStat'> 140221112498576
DEBUG:root:Lowering <class 'ir2.Var'> 140221112498640
DEBUG:root:Lowering <class 'ir2.Const'> 140221112498704
DEBUG:root:StatList : new 140221112541392
DEBUG:root:Lowering <class 'ir2.BinExpr'> 140221112498832
DEBUG:root:Lowering <class 'ir2.CallExpr'> 140221112498960
DEBUG:root:Cannot lower <class 'arm_ir.CallStat'> 'lower' is not in list
DEBUG:root:Lowering <class 'ir2.Var'> 140221112499152
DEBUG:root:Lowering <class 'ir2.Const'> 140221112499280
DEBUG:root:StatList : new 140221112541840
DEBUG:root:Lowering <class 'ir2.BinExpr'> 140221112499408
DEBUG:root:StatList : new 140221112499280
DEBUG:root:Lowering <class 'ir2.AssignStat'> 140221112499472
DEBUG:root:Cannot lower <class 'arm_ir.PrintStat'> 'lower' is not in list
DEBUG:root:Cannot lower <class 'arm_ir.StatList'> 'NoneType' object is not callable
DEBUG:root:None attached to <class 'ir2.StatList'> 140221112541392 {
	label2 : <class 'ir2.LoadStat'> 140221112500176 {
		int int5 register
		int x 
	}
	<class 'ir2.LoadStat'> 140221112541264 {
		int int6 register
		int int2 10 const 
	}
	<class 'ir2.BinStat'> 140221112541328 {
		'leq'
		int int7 register
		int int5 register
		int int6 register
	}
}
DEBUG:root:StatList : new 140221112542032
DEBUG:root:Lowering <class 'ir2.WhileStat'> 140221112499600
DEBUG:root:Cannot lower <class 'arm_ir.StatList'> 'NoneType' object is not callable
DEBUG:root:Lowering <class 'ir2.Var'> 140221112497936
DEBUG:root:Lowering <class 'ir2.Var'> 140221112498064
DEBUG:root:StatList : new 140221112542544
DEBUG:root:Lowering <class 'ir2.BinExpr'> 140221112498128
DEBUG:root:StatList : new 140221112542160
DEBUG:root:Lowering <class 'ir2.AssignStat'> 140221112498192
DEBUG:root:Cannot lower <class 'arm_ir.StatList'> 'NoneType' object is not callable
DEBUG:root:Cannot lower <class 'arm_ir.DefinitionList'> 'lower' is not in list
DEBUG:root:Lowering <class 'arm_ir.Block'> 140221112497168
DEBUG:root:Failed!
DEBUG:root:StatList : new 140221112498128
DEBUG:root:Lowering <class 'arm_ir.FunctionDef'> 140221112498256
DEBUG:root:Failed!
DEBUG:root:Cannot lower <class 'arm_ir.DefinitionList'> 'lower' is not in list
DEBUG:root:StatList: inserting 140221112499600 of type <class 'ir2.FunctionPrologueStat'> into 140221112498384
DEBUG:root:StatList: appending 140221112542608 of type <class 'ir2.ReturnStat'> to 140221112498384
DEBUG:root:Lowering <class 'arm_ir.Block'> 140221112498320
DEBUG:root:Failed!
DEBUG:root:<class 'ir2.FunctionPrologueStat'> 'flatten' is not in list
DEBUG:root:<class 'ir2.LoadStat'> 'flatten' is not in list
DEBUG:root:<class 'ir2.StoreStat'> 'flatten' is not in list
DEBUG:root:Not flattening 140221112499984 into 140221112498384 of type <class 'arm_ir.StatList'>
DEBUG:root:Flattening <class 'ir2.StatList'> 140221112499984
DEBUG:root:Failed!
DEBUG:root:<class 'ir2.LoadStat'> 'flatten' is not in list
DEBUG:root:<class 'ir2.LoadStat'> 'flatten' is not in list
DEBUG:root:<class 'ir2.BinStat'> 'flatten' is not in list
DEBUG:root:Flattening 140221112541392 into 140221112542032
DEBUG:root:Flattening <class 'ir2.StatList'> 140221112541392
DEBUG:root:<class 'ir2.BranchStat'> 'flatten' is not in list
DEBUG:root:<class 'ir2.BranchLinkStat'> 'flatten' is not in list
DEBUG:root:<class 'arm_ir.CallStat'> 'flatten' is not in list
DEBUG:root:<class 'ir2.LoadStat'> 'flatten' is not in list
DEBUG:root:<class 'ir2.LoadStat'> 'flatten' is not in list
DEBUG:root:<class 'ir2.BinStat'> 'flatten' is not in list
DEBUG:root:Flattening 140221112541840 into 140221112499280
DEBUG:root:Flattening <class 'ir2.StatList'> 140221112541840
DEBUG:root:<class 'ir2.StoreStat'> 'flatten' is not in list
DEBUG:root:Not flattening 140221112499280 into 140221112498896 of type <class 'arm_ir.StatList'>
DEBUG:root:Flattening <class 'ir2.StatList'> 140221112499280
DEBUG:root:Failed!
DEBUG:root:<class 'arm_ir.PrintStat'> 'flatten' is not in list
DEBUG:root:Flattening 140221112498896 into 140221112542032
DEBUG:root:Flattening <class 'arm_ir.StatList'> 140221112498896
DEBUG:root:<class 'ir2.BranchStat'> 'flatten' is not in list
DEBUG:root:<class 'ir2.EmptyStat'> 'flatten' is not in list
DEBUG:root:Not flattening 140221112542032 into 140221112498384 of type <class 'arm_ir.StatList'>
DEBUG:root:Flattening <class 'ir2.StatList'> 140221112542032
DEBUG:root:Failed!
DEBUG:root:<class 'ir2.ReturnStat'> 'flatten' is not in list
DEBUG:root:Not flattening 140221112498384 into 94856441619808 of type <type 'NoneType'>
DEBUG:root:Flattening <class 'arm_ir.StatList'> 140221112498384
DEBUG:root:Failed!
DEBUG:root:<class 'ir2.FunctionPrologueStat'> 'flatten' is not in list
DEBUG:root:<class 'ir2.LoadStat'> 'flatten' is not in list
DEBUG:root:<class 'ir2.LoadStat'> 'flatten' is not in list
DEBUG:root:<class 'ir2.BinStat'> 'flatten' is not in list
DEBUG:root:Flattening 140221112542544 into 140221112542160
DEBUG:root:Flattening <class 'ir2.StatList'> 140221112542544
DEBUG:root:<class 'ir2.StoreStat'> 'flatten' is not in list
DEBUG:root:Not flattening 140221112542160 into 140221112497360 of type <class 'arm_ir.StatList'>
DEBUG:root:Flattening <class 'ir2.StatList'> 140221112542160
DEBUG:root:Failed!
DEBUG:root:Not flattening 140221112497360 into 94856441619808 of type <type 'NoneType'>
DEBUG:root:Flattening <class 'arm_ir.StatList'> 140221112497360
DEBUG:root:Failed!
DEBUG:root:<class 'arm_ir.DefinitionList'> 'flatten' is not in list
DEBUG:root:<class 'arm_ir.Block'> 'flatten' is not in list
DEBUG:root:<class 'ir2.ReturnStat'> 'flatten' is not in list
DEBUG:root:Not flattening 140221112498128 into 140221112498256 of type <class 'arm_ir.FunctionDef'>
DEBUG:root:Flattening <class 'ir2.StatList'> 140221112498128
DEBUG:root:Failed!
DEBUG:root:<class 'arm_ir.FunctionDef'> 'flatten' is not in list
DEBUG:root:<class 'arm_ir.DefinitionList'> 'flatten' is not in list
DEBUG:root:<class 'arm_ir.Block'> 'flatten' is not in list
DEBUG:root:
 <class 'arm_ir.Block'> 140221112498320 {
	<class 'arm_ir.DefinitionList'> 140221112496720 {
		<class 'arm_ir.FunctionDef'> 140221112498256 {
			function square 
			<class 'ir2.StatList'> 140221112498128 {
				<class 'ir2.FunctionPrologueStat'> 140221112499728 {
				}
				<class 'arm_ir.Block'> 140221112497168 {
					<class 'arm_ir.DefinitionList'> 140221112497104 {
					}
					<class 'arm_ir.StatList'> 140221112497360 {
						<class 'ir2.StatList'> 140221112542160 {
							<class 'ir2.LoadStat'> 140221112542352 {
								int int12 register
								int x 
							}
							<class 'ir2.LoadStat'> 140221112542416 {
								int int13 register
								int x 
							}
							<class 'ir2.BinStat'> 140221112542480 {
								'times'
								int int14 register
								int int12 register
								int int13 register
							}
							<class 'ir2.StoreStat'> 140221112498064 {
								int squ 
								int int14 register
							}
						}
					}
				}
				<class 'ir2.ReturnStat'> 140221112498192 {
				}
			}
		}
	}
	<class 'arm_ir.StatList'> 140221112498384 {
		main : <class 'ir2.FunctionPrologueStat'> 140221112499600 {
		}
		<class 'ir2.StatList'> 140221112499984 {
			<class 'ir2.LoadStat'> 140221112499856 {
				int int4 register
				int int1 1 const 
			}
			<class 'ir2.StoreStat'> 140221112499664 {
				int x 
				int int4 register
			}
		}
		<class 'ir2.StatList'> 140221112542032 {
			label2 : <class 'ir2.LoadStat'> 140221112500176 {
				int int5 register
				int x 
			}
			<class 'ir2.LoadStat'> 140221112541264 {
				int int6 register
				int int2 10 const 
			}
			<class 'ir2.BinStat'> 140221112541328 {
				'leq'
				int int7 register
				int int5 register
				int int6 register
			}
			<class 'ir2.BranchStat'> 140221112541904 {
				'gtr'
				int int11 register
				label label1
			}
			<class 'arm_ir.CallStat'> 140221112499024 {
				<class 'ir2.BranchLinkStat'> 140221112541520 {
					None
					None
					function square 
				}
			}
			<class 'ir2.StatList'> 140221112499280 {
				<class 'ir2.LoadStat'> 140221112541648 {
					int int8 register
					int x 
				}
				<class 'ir2.LoadStat'> 140221112541712 {
					int int9 register
					int int3 1 const 
				}
				<class 'ir2.BinStat'> 140221112541776 {
					'plus'
					int int10 register
					int int8 register
					int int9 register
				}
				<class 'ir2.StoreStat'> 140221112498960 {
					int x 
					int int10 register
				}
			}
			<class 'arm_ir.PrintStat'> 140221112499536 {
				int squ 
			}
			<class 'ir2.BranchStat'> 140221112541968 {
				None
				None
				label label2
			}
			label1 : <class 'ir2.EmptyStat'> 140221112499472 {
			}
		}
		<class 'ir2.ReturnStat'> 140221112542608 {
		}
	}
} 

DEBUG:root:Data Layout <class 'arm_ir.Block'> 140221112498320
DEBUG:root:Failed!
DEBUG:root:<class 'arm_ir.StatList'> 'NoneType' object is not callable
DEBUG:root:<class 'ir2.FunctionPrologueStat'> 'dataLayout' is not in list
DEBUG:root:<class 'ir2.StatList'> 'NoneType' object is not callable
DEBUG:root:<class 'ir2.LoadStat'> 'dataLayout' is not in list
DEBUG:root:<class 'ir2.StoreStat'> 'dataLayout' is not in list
DEBUG:root:<class 'ir2.StatList'> 'NoneType' object is not callable
DEBUG:root:<class 'ir2.LoadStat'> 'dataLayout' is not in list
DEBUG:root:<class 'ir2.LoadStat'> 'dataLayout' is not in list
DEBUG:root:<class 'ir2.BinStat'> 'dataLayout' is not in list
DEBUG:root:<class 'ir2.BranchStat'> 'dataLayout' is not in list
DEBUG:root:<class 'arm_ir.CallStat'> 'dataLayout' is not in list
DEBUG:root:<class 'ir2.BranchLinkStat'> 'dataLayout' is not in list
DEBUG:root:<class 'ir2.StatList'> 'NoneType' object is not callable
DEBUG:root:<class 'ir2.LoadStat'> 'dataLayout' is not in list
DEBUG:root:<class 'ir2.LoadStat'> 'dataLayout' is not in list
DEBUG:root:<class 'ir2.BinStat'> 'dataLayout' is not in list
DEBUG:root:<class 'ir2.StoreStat'> 'dataLayout' is not in list
DEBUG:root:<class 'arm_ir.PrintStat'> 'dataLayout' is not in list
DEBUG:root:<class 'ir2.BranchStat'> 'dataLayout' is not in list
DEBUG:root:<class 'ir2.EmptyStat'> 'dataLayout' is not in list
DEBUG:root:<class 'ir2.ReturnStat'> 'dataLayout' is not in list
DEBUG:root:<class 'arm_ir.DefinitionList'> 'dataLayout' is not in list
DEBUG:root:<class 'arm_ir.FunctionDef'> 'dataLayout' is not in list
DEBUG:root:<class 'ir2.StatList'> 'NoneType' object is not callable
DEBUG:root:<class 'ir2.FunctionPrologueStat'> 'dataLayout' is not in list
DEBUG:root:Data Layout <class 'arm_ir.Block'> 140221112497168
DEBUG:root:Failed!
DEBUG:root:<class 'arm_ir.StatList'> 'NoneType' object is not callable
DEBUG:root:<class 'ir2.StatList'> 'NoneType' object is not callable
DEBUG:root:<class 'ir2.LoadStat'> 'dataLayout' is not in list
DEBUG:root:<class 'ir2.LoadStat'> 'dataLayout' is not in list
DEBUG:root:<class 'ir2.BinStat'> 'dataLayout' is not in list
DEBUG:root:<class 'ir2.StoreStat'> 'dataLayout' is not in list
DEBUG:root:<class 'arm_ir.DefinitionList'> 'dataLayout' is not in list
DEBUG:root:<class 'ir2.ReturnStat'> 'dataLayout' is not in list
DEBUG:root:Uses of main : <class 'ir2.FunctionPrologueStat'> 140221112499600 {
}: []
DEBUG:root:Uses of <class 'ir2.StatList'> 140221112499984 {
	<class 'ir2.LoadStat'> 140221112499856 {
		int int4 register
		int int1 1 const 
	}
	<class 'ir2.StoreStat'> 140221112499664 {
		int x global
		int int4 register
	}
}: [None, None, None]
DEBUG:root:Uses of <class 'ir2.StatList'> 140221112542032 {
	label2 : <class 'ir2.LoadStat'> 140221112500176 {
		int int5 register
		int x global
	}
	<class 'ir2.LoadStat'> 140221112541264 {
		int int6 register
		int int2 10 const 
	}
	<class 'ir2.BinStat'> 140221112541328 {
		'leq'
		int int7 register
		int int5 register
		int int6 register
	}
	<class 'ir2.BranchStat'> 140221112541904 {
		'gtr'
		int int11 register
		label label1
	}
	<class 'arm_ir.CallStat'> 140221112499024 {
		<class 'ir2.BranchLinkStat'> 140221112541520 {
			None
			None
			function square 
		}
	}
	<class 'ir2.StatList'> 140221112499280 {
		<class 'ir2.LoadStat'> 140221112541648 {
			int int8 register
			int x global
		}
		<class 'ir2.LoadStat'> 140221112541712 {
			int int9 register
			int int3 1 const 
		}
		<class 'ir2.BinStat'> 140221112541776 {
			'plus'
			int int10 register
			int int8 register
			int int9 register
		}
		<class 'ir2.StoreStat'> 140221112498960 {
			int x global
			int int10 register
		}
	}
	<class 'arm_ir.PrintStat'> 140221112499536 {
		int squ global
	}
	<class 'ir2.BranchStat'> 140221112541968 {
		None
		None
		label label2
	}
	label1 : <class 'ir2.EmptyStat'> 140221112499472 {
	}
}: [None, None, None]
DEBUG:root:Uses of <class 'ir2.ReturnStat'> 140221112542608 {
}: []
DEBUG:root:Uses of <class 'ir2.ReturnStat'> 140221112542608 {
}: []
DEBUG:root:Uses of <class 'ir2.StatList'> 140221112542032 {
	label2 : <class 'ir2.LoadStat'> 140221112500176 {
		int int5 register
		int x global
	}
	<class 'ir2.LoadStat'> 140221112541264 {
		int int6 register
		int int2 10 const 
	}
	<class 'ir2.BinStat'> 140221112541328 {
		'leq'
		int int7 register
		int int5 register
		int int6 register
	}
	<class 'ir2.BranchStat'> 140221112541904 {
		'gtr'
		int int11 register
		label label1
	}
	<class 'arm_ir.CallStat'> 140221112499024 {
		<class 'ir2.BranchLinkStat'> 140221112541520 {
			None
			None
			function square 
		}
	}
	<class 'ir2.StatList'> 140221112499280 {
		<class 'ir2.LoadStat'> 140221112541648 {
			int int8 register
			int x global
		}
		<class 'ir2.LoadStat'> 140221112541712 {
			int int9 register
			int int3 1 const 
		}
		<class 'ir2.BinStat'> 140221112541776 {
			'plus'
			int int10 register
			int int8 register
			int int9 register
		}
		<class 'ir2.StoreStat'> 140221112498960 {
			int x global
			int int10 register
		}
	}
	<class 'arm_ir.PrintStat'> 140221112499536 {
		int squ global
	}
	<class 'ir2.BranchStat'> 140221112541968 {
		None
		None
		label label2
	}
	label1 : <class 'ir2.EmptyStat'> 140221112499472 {
	}
}: [None, None, None]
DEBUG:root:Uses of <class 'ir2.StatList'> 140221112499984 {
	<class 'ir2.LoadStat'> 140221112499856 {
		int int4 register
		int int1 1 const 
	}
	<class 'ir2.StoreStat'> 140221112499664 {
		int x global
		int int4 register
	}
}: [None, None, None]
DEBUG:root:Uses of main : <class 'ir2.FunctionPrologueStat'> 140221112499600 {
}: []
DEBUG:root:Uses of <class 'ir2.StatList'> 140221112542160 {
	<class 'ir2.LoadStat'> 140221112542352 {
		int int12 register
		int x global
	}
	<class 'ir2.LoadStat'> 140221112542416 {
		int int13 register
		int x global
	}
	<class 'ir2.BinStat'> 140221112542480 {
		'times'
		int int14 register
		int int12 register
		int int13 register
	}
	<class 'ir2.StoreStat'> 140221112498064 {
		int squ global
		int int14 register
	}
}: [None, None, None]
DEBUG:root:Uses of <class 'ir2.StatList'> 140221112542160 {
	<class 'ir2.LoadStat'> 140221112542352 {
		int int12 register
		int x global
	}
	<class 'ir2.LoadStat'> 140221112542416 {
		int int13 register
		int x global
	}
	<class 'ir2.BinStat'> 140221112542480 {
		'times'
		int int14 register
		int int12 register
		int int13 register
	}
	<class 'ir2.StoreStat'> 140221112498064 {
		int squ global
		int int14 register
	}
}: [None, None, None]
DEBUG:root:Registers: set([])
DEBUG:root:Interference Graph: set([])
INFO:root:Generating code for <class 'arm_ir.Block'> 140221112498320
INFO:root:Generating code for <class 'arm_ir.StatList'> 140221112498384
INFO:root:Generating code for <class 'ir2.FunctionPrologueStat'> 140221112499600
INFO:root:Generating code for <class 'ir2.StatList'> 140221112499984
INFO:root:Generating code for <class 'ir2.LoadStat'> 140221112499856
INFO:root:Generating code for <class 'ir2.StoreStat'> 140221112499664
INFO:root:Generating code for <class 'ir2.StatList'> 140221112542032
INFO:root:Generating code for <class 'ir2.LoadStat'> 140221112500176
INFO:root:Generating code for <class 'ir2.LoadStat'> 140221112541264
INFO:root:Generating code for <class 'ir2.BinStat'> 140221112541328
INFO:root:Generating code for <class 'ir2.BranchStat'> 140221112541904
INFO:root:Generating code for <class 'arm_ir.CallStat'> 140221112499024
INFO:root:Generating code for <class 'ir2.BranchLinkStat'> 140221112541520
INFO:root:Generating code for <class 'ir2.StatList'> 140221112499280
INFO:root:Generating code for <class 'ir2.LoadStat'> 140221112541648
INFO:root:Generating code for <class 'ir2.LoadStat'> 140221112541712
INFO:root:Generating code for <class 'ir2.BinStat'> 140221112541776
INFO:root:Generating code for <class 'ir2.StoreStat'> 140221112498960
INFO:root:Generating code for <class 'arm_ir.PrintStat'> 140221112499536
INFO:root:Generating code for <class 'ir2.BranchStat'> 140221112541968
INFO:root:Generating code for <class 'ir2.EmptyStat'> 140221112499472
INFO:root:Generating code for <class 'ir2.ReturnStat'> 140221112542608
INFO:root:Generating code for <class 'arm_ir.DefinitionList'> 140221112496720
INFO:root:Generating code for <class 'arm_ir.FunctionDef'> 140221112498256
INFO:root:Generating code for <class 'ir2.StatList'> 140221112498128
INFO:root:Generating code for <class 'ir2.FunctionPrologueStat'> 140221112499728
INFO:root:Generating code for <class 'arm_ir.Block'> 140221112497168
INFO:root:Generating code for <class 'arm_ir.StatList'> 140221112497360
INFO:root:Generating code for <class 'ir2.StatList'> 140221112542160
INFO:root:Generating code for <class 'ir2.LoadStat'> 140221112542352
INFO:root:Generating code for <class 'ir2.LoadStat'> 140221112542416
INFO:root:Generating code for <class 'ir2.BinStat'> 140221112542480
INFO:root:Generating code for <class 'ir2.StoreStat'> 140221112498064
INFO:root:Generating code for <class 'arm_ir.DefinitionList'> 140221112497104
INFO:root:Generating code for <class 'ir2.ReturnStat'> 140221112498192
DEBUG:root:
*********************************************
	Starting debug with standard test program
*********************************************

DEBUG:root:start <function program at 0x7f194d529500>
DEBUG:root:getsym: varsym var
DEBUG:root:start <function block at 0x7f194d529410>
DEBUG:root:accepting constsym == varsym
DEBUG:root:accepting varsym == varsym
DEBUG:root:getsym: ident x
DEBUG:root:expecting ident
DEBUG:root:accepting ident == ident
DEBUG:root:getsym: comma ,
DEBUG:root:accepting comma == comma
DEBUG:root:getsym: ident squ
DEBUG:root:expecting ident
DEBUG:root:accepting ident == ident
DEBUG:root:getsym: semicolon ;
DEBUG:root:accepting comma == semicolon
DEBUG:root:expecting semicolon
DEBUG:root:accepting semicolon == semicolon
DEBUG:root:getsym: procsym procedure
DEBUG:root:accepting procsym == procsym
DEBUG:root:getsym: ident square
DEBUG:root:expecting ident
DEBUG:root:accepting ident == ident
DEBUG:root:getsym: semicolon ;
DEBUG:root:expecting semicolon
DEBUG:root:accepting semicolon == semicolon
DEBUG:root:getsym: beginsym begin
DEBUG:root:start <function block at 0x7f194d529410>
DEBUG:root:accepting constsym == beginsym
DEBUG:root:accepting varsym == beginsym
DEBUG:root:accepting procsym == beginsym
DEBUG:root:start <function statement at 0x7f194d529320>
DEBUG:root:accepting ident == beginsym
DEBUG:root:accepting callsym == beginsym
DEBUG:root:accepting beginsym == beginsym
DEBUG:root:getsym: ident squ
DEBUG:root:StatList : new 139746627424080
DEBUG:root:start <function statement at 0x7f194d529320>
DEBUG:root:accepting ident == ident
DEBUG:root:getsym: becomes :=
DEBUG:root:Looking up squ
DEBUG:root:Looking up in parent
DEBUG:root:Looking up squ
DEBUG:root:expecting becomes
DEBUG:root:accepting becomes == becomes
DEBUG:root:getsym: ident x
DEBUG:root:start <function expression at 0x7f194d529140>
DEBUG:root:start <function term at 0x7f194d529050>
DEBUG:root:start <function factor at 0x7f194d528ed8>
DEBUG:root:accepting ident == ident
DEBUG:root:getsym: times *
DEBUG:root:Looking up x
DEBUG:root:Looking up in parent
DEBUG:root:Looking up x
DEBUG:root:end <function factor at 0x7f194d528ed8>
DEBUG:root:getsym: ident x
DEBUG:root:start <function factor at 0x7f194d528ed8>
DEBUG:root:accepting ident == ident
DEBUG:root:getsym: endsym end
DEBUG:root:Looking up x
DEBUG:root:Looking up in parent
DEBUG:root:Looking up x
DEBUG:root:end <function factor at 0x7f194d528ed8>
DEBUG:root:end <function term at 0x7f194d529050>
DEBUG:root:end <function expression at 0x7f194d529140>
DEBUG:root:end <function statement at 0x7f194d529320>
DEBUG:root:StatList: appending 139746627482320 of type <class 'ir2.AssignStat'> to 139746627424080
DEBUG:root:accepting semicolon == endsym
DEBUG:root:expecting endsym
DEBUG:root:accepting endsym == endsym
DEBUG:root:getsym: semicolon ;
DEBUG:root:StatList 139746627424080 : [
DEBUG:root:139746627482320 
DEBUG:root:]
DEBUG:root:end <function statement at 0x7f194d529320>
DEBUG:root:end <function block at 0x7f194d529410>
DEBUG:root:expecting semicolon
DEBUG:root:accepting semicolon == semicolon
DEBUG:root:getsym: beginsym begin
DEBUG:root:Looking up square
DEBUG:root:accepting procsym == beginsym
DEBUG:root:start <function statement at 0x7f194d529320>
DEBUG:root:accepting ident == beginsym
DEBUG:root:accepting callsym == beginsym
DEBUG:root:accepting beginsym == beginsym
DEBUG:root:getsym: ident x
DEBUG:root:StatList : new 139746627482512
DEBUG:root:start <function statement at 0x7f194d529320>
DEBUG:root:accepting ident == ident
DEBUG:root:getsym: becomes :=
DEBUG:root:Looking up x
DEBUG:root:expecting becomes
DEBUG:root:accepting becomes == becomes
DEBUG:root:getsym: number 1
DEBUG:root:start <function expression at 0x7f194d529140>
DEBUG:root:start <function term at 0x7f194d529050>
DEBUG:root:start <function factor at 0x7f194d528ed8>
DEBUG:root:accepting ident == number
DEBUG:root:accepting number == number
DEBUG:root:getsym: semicolon ;
DEBUG:root:end <function factor at 0x7f194d528ed8>
DEBUG:root:end <function term at 0x7f194d529050>
DEBUG:root:end <function expression at 0x7f194d529140>
DEBUG:root:end <function statement at 0x7f194d529320>
DEBUG:root:StatList: appending 139746627482704 of type <class 'ir2.AssignStat'> to 139746627482512
DEBUG:root:accepting semicolon == semicolon
DEBUG:root:getsym: whilesym while
DEBUG:root:start <function statement at 0x7f194d529320>
DEBUG:root:accepting ident == whilesym
DEBUG:root:accepting callsym == whilesym
DEBUG:root:accepting beginsym == whilesym
DEBUG:root:accepting ifsym == whilesym
DEBUG:root:accepting whilesym == whilesym
DEBUG:root:getsym: ident x
DEBUG:root:start <function condition at 0x7f194d529230>
DEBUG:root:accepting oddsym == ident
DEBUG:root:start <function expression at 0x7f194d529140>
DEBUG:root:start <function term at 0x7f194d529050>
DEBUG:root:start <function factor at 0x7f194d528ed8>
DEBUG:root:accepting ident == ident
DEBUG:root:getsym: leq <=
DEBUG:root:Looking up x
DEBUG:root:end <function factor at 0x7f194d528ed8>
DEBUG:root:end <function term at 0x7f194d529050>
DEBUG:root:end <function expression at 0x7f194d529140>
DEBUG:root:getsym: number 10
DEBUG:root:condition operator leq number
DEBUG:root:start <function expression at 0x7f194d529140>
DEBUG:root:start <function term at 0x7f194d529050>
DEBUG:root:start <function factor at 0x7f194d528ed8>
DEBUG:root:accepting ident == number
DEBUG:root:accepting number == number
DEBUG:root:getsym: dosym do
DEBUG:root:end <function factor at 0x7f194d528ed8>
DEBUG:root:end <function term at 0x7f194d529050>
DEBUG:root:end <function expression at 0x7f194d529140>
DEBUG:root:end <function condition at 0x7f194d529230>
DEBUG:root:expecting dosym
DEBUG:root:accepting dosym == dosym
DEBUG:root:getsym: beginsym begin
DEBUG:root:start <function statement at 0x7f194d529320>
DEBUG:root:accepting ident == beginsym
DEBUG:root:accepting callsym == beginsym
DEBUG:root:accepting beginsym == beginsym
DEBUG:root:getsym: callsym call
DEBUG:root:StatList : new 139746627483024
DEBUG:root:start <function statement at 0x7f194d529320>
DEBUG:root:accepting ident == callsym
DEBUG:root:accepting callsym == callsym
DEBUG:root:getsym: ident square
DEBUG:root:expecting ident
DEBUG:root:accepting ident == ident
DEBUG:root:getsym: semicolon ;
DEBUG:root:Looking up square
DEBUG:root:end <function statement at 0x7f194d529320>
DEBUG:root:StatList: appending 139746627483152 of type <class 'ir2.CallStat'> to 139746627483024
DEBUG:root:accepting semicolon == semicolon
DEBUG:root:getsym: ident x
DEBUG:root:start <function statement at 0x7f194d529320>
DEBUG:root:accepting ident == ident
DEBUG:root:getsym: becomes :=
DEBUG:root:Looking up x
DEBUG:root:expecting becomes
DEBUG:root:accepting becomes == becomes
DEBUG:root:getsym: ident x
DEBUG:root:start <function expression at 0x7f194d529140>
DEBUG:root:start <function term at 0x7f194d529050>
DEBUG:root:start <function factor at 0x7f194d528ed8>
DEBUG:root:accepting ident == ident
DEBUG:root:getsym: plus +
DEBUG:root:Looking up x
DEBUG:root:end <function factor at 0x7f194d528ed8>
DEBUG:root:end <function term at 0x7f194d529050>
DEBUG:root:getsym: number 1
DEBUG:root:start <function term at 0x7f194d529050>
DEBUG:root:start <function factor at 0x7f194d528ed8>
DEBUG:root:accepting ident == number
DEBUG:root:accepting number == number
DEBUG:root:getsym: semicolon ;
DEBUG:root:end <function factor at 0x7f194d528ed8>
DEBUG:root:end <function term at 0x7f194d529050>
DEBUG:root:end <function expression at 0x7f194d529140>
DEBUG:root:end <function statement at 0x7f194d529320>
DEBUG:root:StatList: appending 139746627483600 of type <class 'ir2.AssignStat'> to 139746627483024
DEBUG:root:accepting semicolon == semicolon
DEBUG:root:getsym: print !
DEBUG:root:start <function statement at 0x7f194d529320>
DEBUG:root:accepting ident == print
DEBUG:root:accepting callsym == print
DEBUG:root:accepting beginsym == print
DEBUG:root:accepting ifsym == print
DEBUG:root:accepting whilesym == print
DEBUG:root:accepting print == print
DEBUG:root:getsym: ident squ
DEBUG:root:expecting ident
DEBUG:root:accepting ident == ident
DEBUG:root:getsym: endsym end
DEBUG:root:Looking up squ
DEBUG:root:end <function statement at 0x7f194d529320>
DEBUG:root:StatList: appending 139746627483664 of type <class 'ir2.PrintStat'> to 139746627483024
DEBUG:root:accepting semicolon == endsym
DEBUG:root:expecting endsym
DEBUG:root:accepting endsym == endsym
DEBUG:root:getsym: endsym end
DEBUG:root:StatList 139746627483024 : [
DEBUG:root:139746627483152 
DEBUG:root:139746627483600 
DEBUG:root:139746627483664 
DEBUG:root:]
DEBUG:root:end <function statement at 0x7f194d529320>
DEBUG:root:end <function statement at 0x7f194d529320>
DEBUG:root:StatList: appending 139746627483728 of type <class 'ir2.WhileStat'> to 139746627482512
DEBUG:root:accepting semicolon == endsym
DEBUG:root:expecting endsym
DEBUG:root:accepting endsym == endsym
DEBUG:root:getsym: period .
DEBUG:root:StatList 139746627482512 : [
DEBUG:root:139746627482704 
DEBUG:root:139746627483728 
DEBUG:root:]
DEBUG:root:end <function statement at 0x7f194d529320>
DEBUG:root:end <function block at 0x7f194d529410>
DEBUG:root:expecting period
DEBUG:root:accepting period == period
DEBUG:root:end <function program at 0x7f194d529500>
DEBUG:root:
 <class 'ir2.Block'> 139746627482448 {
	<class 'ir2.DefinitionList'> 139746627423440 {
		<class 'ir2.FunctionDef'> 139746627482384 {
			function square 
			<class 'ir2.Block'> 139746627423888 {
				<class 'ir2.DefinitionList'> 139746627423824 {
				}
				<class 'ir2.StatList'> 139746627424080 {
					<class 'ir2.AssignStat'> 139746627482320 {
						int squ 
						<class 'ir2.BinExpr'> 139746627482256 {
							'times'
							<class 'ir2.Var'> 139746627482064 {
								int x 
							}
							<class 'ir2.Var'> 139746627482192 {
								int x 
							}
						}
					}
				}
			}
		}
	}
	<class 'ir2.StatList'> 139746627482512 {
		<class 'ir2.AssignStat'> 139746627482704 {
			int x 
			<class 'ir2.Const'> 139746627482576 {
				int int1 1 const 
			}
		}
		<class 'ir2.WhileStat'> 139746627483728 {
			<class 'ir2.BinExpr'> 139746627482960 {
				'leq'
				<class 'ir2.Var'> 139746627482768 {
					int x 
				}
				<class 'ir2.Const'> 139746627482832 {
					int int2 10 const 
				}
			}
			<class 'ir2.StatList'> 139746627483024 {
				<class 'ir2.CallStat'> 139746627483152 {
					<class 'ir2.CallExpr'> 139746627483088 {
						function square 
					}
				}
				<class 'ir2.AssignStat'> 139746627483600 {
					int x 
					<class 'ir2.BinExpr'> 139746627483536 {
						'plus'
						<class 'ir2.Var'> 139746627483280 {
							int x 
						}
						<class 'ir2.Const'> 139746627483408 {
							int int3 1 const 
						}
					}
				}
				<class 'ir2.PrintStat'> 139746627483664 {
					int squ 
				}
			}
		}
	}
} 

DEBUG:root:Lowering <class 'ir2.Const'> 139746627482576
DEBUG:root:StatList : new 139746627484112
DEBUG:root:Lowering <class 'ir2.AssignStat'> 139746627482704
DEBUG:root:Lowering <class 'ir2.Var'> 139746627482768
DEBUG:root:Lowering <class 'ir2.Const'> 139746627482832
DEBUG:root:StatList : new 139746627484496
DEBUG:root:Lowering <class 'ir2.BinExpr'> 139746627482960
DEBUG:root:Lowering <class 'ir2.CallExpr'> 139746627483088
DEBUG:root:Cannot lower <class 'ir2.CallStat'> 'lower' is not in list
DEBUG:root:Lowering <class 'ir2.Var'> 139746627483280
DEBUG:root:Lowering <class 'ir2.Const'> 139746627483408
DEBUG:root:StatList : new 139746627484944
DEBUG:root:Lowering <class 'ir2.BinExpr'> 139746627483536
DEBUG:root:StatList : new 139746627483408
DEBUG:root:Lowering <class 'ir2.AssignStat'> 139746627483600
DEBUG:root:Cannot lower <class 'ir2.PrintStat'> 'lower' is not in list
DEBUG:root:Cannot lower <class 'ir2.StatList'> 'NoneType' object is not callable
DEBUG:root:None attached to <class 'ir2.StatList'> 139746627484496 {
	label2 : <class 'ir2.LoadStat'> 139746627484304 {
		int int5 register
		int x 
	}
	<class 'ir2.LoadStat'> 139746627484368 {
		int int6 register
		int int2 10 const 
	}
	<class 'ir2.BinStat'> 139746627484432 {
		'leq'
		int int7 register
		int int5 register
		int int6 register
	}
}
DEBUG:root:StatList : new 139746627485136
DEBUG:root:Lowering <class 'ir2.WhileStat'> 139746627483728
DEBUG:root:Cannot lower <class 'ir2.StatList'> 'NoneType' object is not callable
DEBUG:root:Lowering <class 'ir2.Var'> 139746627482064
DEBUG:root:Lowering <class 'ir2.Var'> 139746627482192
DEBUG:root:StatList : new 139746627485648
DEBUG:root:Lowering <class 'ir2.BinExpr'> 139746627482256
DEBUG:root:StatList : new 139746627482192
DEBUG:root:Lowering <class 'ir2.AssignStat'> 139746627482320
DEBUG:root:Cannot lower <class 'ir2.StatList'> 'NoneType' object is not callable
DEBUG:root:Cannot lower <class 'ir2.DefinitionList'> 'lower' is not in list
DEBUG:root:Lowering <class 'ir2.Block'> 139746627423888
DEBUG:root:Failed!
DEBUG:root:StatList : new 139746627485200
DEBUG:root:Lowering <class 'ir2.FunctionDef'> 139746627482384
DEBUG:root:Failed!
DEBUG:root:Cannot lower <class 'ir2.DefinitionList'> 'lower' is not in list
DEBUG:root:StatList: inserting 139746627483728 of type <class 'ir2.FunctionPrologueStat'> into 139746627482512
DEBUG:root:StatList: appending 139746627539024 of type <class 'ir2.ReturnStat'> to 139746627482512
DEBUG:root:Lowering <class 'ir2.Block'> 139746627482448
DEBUG:root:Failed!
DEBUG:root:<class 'ir2.FunctionPrologueStat'> 'flatten' is not in list
DEBUG:root:<class 'ir2.LoadStat'> 'flatten' is not in list
DEBUG:root:<class 'ir2.StoreStat'> 'flatten' is not in list
DEBUG:root:Flattening 139746627484112 into 139746627482512
DEBUG:root:Flattening <class 'ir2.StatList'> 139746627484112
DEBUG:root:<class 'ir2.LoadStat'> 'flatten' is not in list
DEBUG:root:<class 'ir2.LoadStat'> 'flatten' is not in list
DEBUG:root:<class 'ir2.BinStat'> 'flatten' is not in list
DEBUG:root:Flattening 139746627484496 into 139746627485136
DEBUG:root:Flattening <class 'ir2.StatList'> 139746627484496
DEBUG:root:<class 'ir2.BranchStat'> 'flatten' is not in list
DEBUG:root:<class 'ir2.BranchLinkStat'> 'flatten' is not in list
DEBUG:root:<class 'ir2.CallStat'> 'flatten' is not in list
DEBUG:root:<class 'ir2.LoadStat'> 'flatten' is not in list
DEBUG:root:<class 'ir2.LoadStat'> 'flatten' is not in list
DEBUG:root:<class 'ir2.BinStat'> 'flatten' is not in list
DEBUG:root:Flattening 139746627484944 into 139746627483408
DEBUG:root:Flattening <class 'ir2.StatList'> 139746627484944
DEBUG:root:<class 'ir2.StoreStat'> 'flatten' is not in list
DEBUG:root:Flattening 139746627483408 into 139746627483024
DEBUG:root:Flattening <class 'ir2.StatList'> 139746627483408
DEBUG:root:<class 'ir2.PrintStat'> 'flatten' is not in list
DEBUG:root:Flattening 139746627483024 into 139746627485136
DEBUG:root:Flattening <class 'ir2.StatList'> 139746627483024
DEBUG:root:<class 'ir2.BranchStat'> 'flatten' is not in list
DEBUG:root:<class 'ir2.EmptyStat'> 'flatten' is not in list
DEBUG:root:Flattening 139746627485136 into 139746627482512
DEBUG:root:Flattening <class 'ir2.StatList'> 139746627485136
DEBUG:root:<class 'ir2.ReturnStat'> 'flatten' is not in list
DEBUG:root:Not flattening 139746627482512 into 93949218272608 of type <type 'NoneType'>
DEBUG:root:Flattening <class 'ir2.StatList'> 139746627482512
DEBUG:root:Failed!
DEBUG:root:<class 'ir2.FunctionPrologueStat'> 'flatten' is not in list
DEBUG:root:<class 'ir2.LoadStat'> 'flatten' is not in list
DEBUG:root:<class 'ir2.LoadStat'> 'flatten' is not in list
DEBUG:root:<class 'ir2.BinStat'> 'flatten' is not in list
DEBUG:root:Flattening 139746627485648 into 139746627482192
DEBUG:root:Flattening <class 'ir2.StatList'> 139746627485648
DEBUG:root:<class 'ir2.StoreStat'> 'flatten' is not in list
DEBUG:root:Flattening 139746627482192 into 139746627424080
DEBUG:root:Flattening <class 'ir2.StatList'> 139746627482192
DEBUG:root:Not flattening 139746627424080 into 93949218272608 of type <type 'NoneType'>
DEBUG:root:Flattening <class 'ir2.StatList'> 139746627424080
DEBUG:root:Failed!
DEBUG:root:<class 'ir2.DefinitionList'> 'flatten' is not in list
DEBUG:root:<class 'ir2.Block'> 'flatten' is not in list
DEBUG:root:<class 'ir2.ReturnStat'> 'flatten' is not in list
DEBUG:root:Not flattening 139746627485200 into 139746627482384 of type <class 'ir2.FunctionDef'>
DEBUG:root:Flattening <class 'ir2.StatList'> 139746627485200
DEBUG:root:Failed!
DEBUG:root:<class 'ir2.FunctionDef'> 'flatten' is not in list
DEBUG:root:<class 'ir2.DefinitionList'> 'flatten' is not in list
DEBUG:root:<class 'ir2.Block'> 'flatten' is not in list
DEBUG:root:
 <class 'ir2.Block'> 139746627482448 {
	<class 'ir2.DefinitionList'> 139746627423440 {
		<class 'ir2.FunctionDef'> 139746627482384 {
			function square 
			<class 'ir2.StatList'> 139746627485200 {
				<class 'ir2.FunctionPrologueStat'> 139746627483920 {
				}
				<class 'ir2.Block'> 139746627423888 {
					<class 'ir2.DefinitionList'> 139746627423824 {
					}
					<class 'ir2.StatList'> 139746627424080 {
						<class 'ir2.LoadStat'> 139746627485456 {
							int int12 register
							int x 
						}
						<class 'ir2.LoadStat'> 139746627485520 {
							int int13 register
							int x 
						}
						<class 'ir2.BinStat'> 139746627485584 {
							'times'
							int int14 register
							int int12 register
							int int13 register
						}
						<class 'ir2.StoreStat'> 139746627485264 {
							int squ 
							int int14 register
						}
					}
				}
				<class 'ir2.ReturnStat'> 139746627482320 {
				}
			}
		}
	}
	<class 'ir2.StatList'> 139746627482512 {
		main : <class 'ir2.FunctionPrologueStat'> 139746627483728 {
		}
		<class 'ir2.LoadStat'> 139746627483984 {
			int int4 register
			int int1 1 const 
		}
		<class 'ir2.StoreStat'> 139746627483856 {
			int x 
			int int4 register
		}
		label2 : <class 'ir2.LoadStat'> 139746627484304 {
			int int5 register
			int x 
		}
		<class 'ir2.LoadStat'> 139746627484368 {
			int int6 register
			int int2 10 const 
		}
		<class 'ir2.BinStat'> 139746627484432 {
			'leq'
			int int7 register
			int int5 register
			int int6 register
		}
		<class 'ir2.BranchStat'> 139746627485008 {
			'gtr'
			int int11 register
			label label1
		}
		<class 'ir2.CallStat'> 139746627483152 {
			<class 'ir2.BranchLinkStat'> 139746627484624 {
				None
				None
				function square 
			}
		}
		<class 'ir2.LoadStat'> 139746627484752 {
			int int8 register
			int x 
		}
		<class 'ir2.LoadStat'> 139746627484816 {
			int int9 register
			int int3 1 const 
		}
		<class 'ir2.BinStat'> 139746627484880 {
			'plus'
			int int10 register
			int int8 register
			int int9 register
		}
		<class 'ir2.StoreStat'> 139746627483088 {
			int x 
			int int10 register
		}
		<class 'ir2.PrintStat'> 139746627483664 {
			int squ 
		}
		<class 'ir2.BranchStat'> 139746627485072 {
			None
			None
			label label2
		}
		label1 : <class 'ir2.EmptyStat'> 139746627483600 {
		}
		<class 'ir2.ReturnStat'> 139746627539024 {
		}
	}
} 

DEBUG:root:Data Layout <class 'ir2.Block'> 139746627482448
DEBUG:root:Failed!
DEBUG:root:<class 'ir2.StatList'> 'NoneType' object is not callable
DEBUG:root:<class 'ir2.FunctionPrologueStat'> 'dataLayout' is not in list
DEBUG:root:<class 'ir2.LoadStat'> 'dataLayout' is not in list
DEBUG:root:<class 'ir2.StoreStat'> 'dataLayout' is not in list
DEBUG:root:<class 'ir2.LoadStat'> 'dataLayout' is not in list
DEBUG:root:<class 'ir2.LoadStat'> 'dataLayout' is not in list
DEBUG:root:<class 'ir2.BinStat'> 'dataLayout' is not in list
DEBUG:root:<class 'ir2.BranchStat'> 'dataLayout' is not in list
DEBUG:root:<class 'ir2.CallStat'> 'dataLayout' is not in list
DEBUG:root:<class 'ir2.BranchLinkStat'> 'dataLayout' is not in list
DEBUG:root:<class 'ir2.LoadStat'> 'dataLayout' is not in list
DEBUG:root:<class 'ir2.LoadStat'> 'dataLayout' is not in list
DEBUG:root:<class 'ir2.BinStat'> 'dataLayout' is not in list
DEBUG:root:<class 'ir2.StoreStat'> 'dataLayout' is not in list
DEBUG:root:<class 'ir2.PrintStat'> 'dataLayout' is not in list
DEBUG:root:<class 'ir2.BranchStat'> 'dataLayout' is not in list
DEBUG:root:<class 'ir2.EmptyStat'> 'dataLayout' is not in list
DEBUG:root:<class 'ir2.ReturnStat'> 'dataLayout' is not in list
DEBUG:root:<class 'ir2.DefinitionList'> 'dataLayout' is not in list
DEBUG:root:<class 'ir2.FunctionDef'> 'dataLayout' is not in list
DEBUG:root:<class 'ir2.StatList'> 'NoneType' object is not callable
DEBUG:root:<class 'ir2.FunctionPrologueStat'> 'dataLayout' is not in list
DEBUG:root:Data Layout <class 'ir2.Block'> 139746627423888
DEBUG:root:Failed!
DEBUG:root:<class 'ir2.StatList'> 'NoneType' object is not callable
DEBUG:root:<class 'ir2.LoadStat'> 'dataLayout' is not in list
DEBUG:root:<class 'ir2.LoadStat'> 'dataLayout' is not in list
DEBUG:root:<class 'ir2.BinStat'> 'dataLayout' is not in list
DEBUG:root:<class 'ir2.StoreStat'> 'dataLayout' is not in list
DEBUG:root:<class 'ir2.DefinitionList'> 'dataLayout' is not in list
DEBUG:root:<class 'ir2.ReturnStat'> 'dataLayout' is not in list
DEBUG:root:
*********************************************
	Starting debug with standard test program
*********************************************

DEBUG:root:start <function program at 0x7f104b7dc500>
DEBUG:root:getsym: varsym var
DEBUG:root:start <function block at 0x7f104b7dc410>
DEBUG:root:accepting constsym == varsym
DEBUG:root:accepting varsym == varsym
DEBUG:root:getsym: ident x
DEBUG:root:expecting ident
DEBUG:root:accepting ident == ident
DEBUG:root:getsym: comma ,
DEBUG:root:accepting comma == comma
DEBUG:root:getsym: ident squ
DEBUG:root:expecting ident
DEBUG:root:accepting ident == ident
DEBUG:root:getsym: semicolon ;
DEBUG:root:accepting comma == semicolon
DEBUG:root:expecting semicolon
DEBUG:root:accepting semicolon == semicolon
DEBUG:root:getsym: procsym procedure
DEBUG:root:accepting procsym == procsym
DEBUG:root:getsym: ident square
DEBUG:root:expecting ident
DEBUG:root:accepting ident == ident
DEBUG:root:getsym: semicolon ;
DEBUG:root:expecting semicolon
DEBUG:root:accepting semicolon == semicolon
DEBUG:root:getsym: beginsym begin
DEBUG:root:start <function block at 0x7f104b7dc410>
DEBUG:root:accepting constsym == beginsym
DEBUG:root:accepting varsym == beginsym
DEBUG:root:accepting procsym == beginsym
DEBUG:root:start <function statement at 0x7f104b7dc320>
DEBUG:root:accepting ident == beginsym
DEBUG:root:accepting callsym == beginsym
DEBUG:root:accepting beginsym == beginsym
DEBUG:root:getsym: ident squ
DEBUG:root:StatList : new 139707941994320
DEBUG:root:start <function statement at 0x7f104b7dc320>
DEBUG:root:accepting ident == ident
DEBUG:root:getsym: becomes :=
DEBUG:root:Looking up squ
DEBUG:root:Looking up in parent
DEBUG:root:Looking up squ
DEBUG:root:expecting becomes
DEBUG:root:accepting becomes == becomes
DEBUG:root:getsym: ident x
DEBUG:root:start <function expression at 0x7f104b7dc140>
DEBUG:root:start <function term at 0x7f104b7dc050>
DEBUG:root:start <function factor at 0x7f104b7dbed8>
DEBUG:root:accepting ident == ident
DEBUG:root:getsym: times *
DEBUG:root:Looking up x
DEBUG:root:Looking up in parent
DEBUG:root:Looking up x
DEBUG:root:end <function factor at 0x7f104b7dbed8>
DEBUG:root:getsym: ident x
DEBUG:root:start <function factor at 0x7f104b7dbed8>
DEBUG:root:accepting ident == ident
DEBUG:root:getsym: endsym end
DEBUG:root:Looking up x
DEBUG:root:Looking up in parent
DEBUG:root:Looking up x
DEBUG:root:end <function factor at 0x7f104b7dbed8>
DEBUG:root:end <function term at 0x7f104b7dc050>
DEBUG:root:end <function expression at 0x7f104b7dc140>
DEBUG:root:end <function statement at 0x7f104b7dc320>
DEBUG:root:StatList: appending 139707942052560 of type <class 'ir2.AssignStat'> to 139707941994320
DEBUG:root:accepting semicolon == endsym
DEBUG:root:expecting endsym
DEBUG:root:accepting endsym == endsym
DEBUG:root:getsym: semicolon ;
DEBUG:root:StatList 139707941994320 : [
DEBUG:root:139707942052560 
DEBUG:root:]
DEBUG:root:end <function statement at 0x7f104b7dc320>
DEBUG:root:end <function block at 0x7f104b7dc410>
DEBUG:root:expecting semicolon
DEBUG:root:accepting semicolon == semicolon
DEBUG:root:getsym: beginsym begin
DEBUG:root:Looking up square
DEBUG:root:accepting procsym == beginsym
DEBUG:root:start <function statement at 0x7f104b7dc320>
DEBUG:root:accepting ident == beginsym
DEBUG:root:accepting callsym == beginsym
DEBUG:root:accepting beginsym == beginsym
DEBUG:root:getsym: ident x
DEBUG:root:StatList : new 139707942052752
DEBUG:root:start <function statement at 0x7f104b7dc320>
DEBUG:root:accepting ident == ident
DEBUG:root:getsym: becomes :=
DEBUG:root:Looking up x
DEBUG:root:expecting becomes
DEBUG:root:accepting becomes == becomes
DEBUG:root:getsym: number 1
DEBUG:root:start <function expression at 0x7f104b7dc140>
DEBUG:root:start <function term at 0x7f104b7dc050>
DEBUG:root:start <function factor at 0x7f104b7dbed8>
DEBUG:root:accepting ident == number
DEBUG:root:accepting number == number
DEBUG:root:getsym: semicolon ;
DEBUG:root:end <function factor at 0x7f104b7dbed8>
DEBUG:root:end <function term at 0x7f104b7dc050>
DEBUG:root:end <function expression at 0x7f104b7dc140>
DEBUG:root:end <function statement at 0x7f104b7dc320>
DEBUG:root:StatList: appending 139707942052944 of type <class 'ir2.AssignStat'> to 139707942052752
DEBUG:root:accepting semicolon == semicolon
DEBUG:root:getsym: whilesym while
DEBUG:root:start <function statement at 0x7f104b7dc320>
DEBUG:root:accepting ident == whilesym
DEBUG:root:accepting callsym == whilesym
DEBUG:root:accepting beginsym == whilesym
DEBUG:root:accepting ifsym == whilesym
DEBUG:root:accepting whilesym == whilesym
DEBUG:root:getsym: ident x
DEBUG:root:start <function condition at 0x7f104b7dc230>
DEBUG:root:accepting oddsym == ident
DEBUG:root:start <function expression at 0x7f104b7dc140>
DEBUG:root:start <function term at 0x7f104b7dc050>
DEBUG:root:start <function factor at 0x7f104b7dbed8>
DEBUG:root:accepting ident == ident
DEBUG:root:getsym: leq <=
DEBUG:root:Looking up x
DEBUG:root:end <function factor at 0x7f104b7dbed8>
DEBUG:root:end <function term at 0x7f104b7dc050>
DEBUG:root:end <function expression at 0x7f104b7dc140>
DEBUG:root:getsym: number 10
DEBUG:root:condition operator leq number
DEBUG:root:start <function expression at 0x7f104b7dc140>
DEBUG:root:start <function term at 0x7f104b7dc050>
DEBUG:root:start <function factor at 0x7f104b7dbed8>
DEBUG:root:accepting ident == number
DEBUG:root:accepting number == number
DEBUG:root:getsym: dosym do
DEBUG:root:end <function factor at 0x7f104b7dbed8>
DEBUG:root:end <function term at 0x7f104b7dc050>
DEBUG:root:end <function expression at 0x7f104b7dc140>
DEBUG:root:end <function condition at 0x7f104b7dc230>
DEBUG:root:expecting dosym
DEBUG:root:accepting dosym == dosym
DEBUG:root:getsym: beginsym begin
DEBUG:root:start <function statement at 0x7f104b7dc320>
DEBUG:root:accepting ident == beginsym
DEBUG:root:accepting callsym == beginsym
DEBUG:root:accepting beginsym == beginsym
DEBUG:root:getsym: callsym call
DEBUG:root:StatList : new 139707942053264
DEBUG:root:start <function statement at 0x7f104b7dc320>
DEBUG:root:accepting ident == callsym
DEBUG:root:accepting callsym == callsym
DEBUG:root:getsym: ident square
DEBUG:root:expecting ident
DEBUG:root:accepting ident == ident
DEBUG:root:getsym: semicolon ;
DEBUG:root:Looking up square
DEBUG:root:end <function statement at 0x7f104b7dc320>
DEBUG:root:StatList: appending 139707942053392 of type <class 'ir2.CallStat'> to 139707942053264
DEBUG:root:accepting semicolon == semicolon
DEBUG:root:getsym: ident x
DEBUG:root:start <function statement at 0x7f104b7dc320>
DEBUG:root:accepting ident == ident
DEBUG:root:getsym: becomes :=
DEBUG:root:Looking up x
DEBUG:root:expecting becomes
DEBUG:root:accepting becomes == becomes
DEBUG:root:getsym: ident x
DEBUG:root:start <function expression at 0x7f104b7dc140>
DEBUG:root:start <function term at 0x7f104b7dc050>
DEBUG:root:start <function factor at 0x7f104b7dbed8>
DEBUG:root:accepting ident == ident
DEBUG:root:getsym: plus +
DEBUG:root:Looking up x
DEBUG:root:end <function factor at 0x7f104b7dbed8>
DEBUG:root:end <function term at 0x7f104b7dc050>
DEBUG:root:getsym: number 1
DEBUG:root:start <function term at 0x7f104b7dc050>
DEBUG:root:start <function factor at 0x7f104b7dbed8>
DEBUG:root:accepting ident == number
DEBUG:root:accepting number == number
DEBUG:root:getsym: semicolon ;
DEBUG:root:end <function factor at 0x7f104b7dbed8>
DEBUG:root:end <function term at 0x7f104b7dc050>
DEBUG:root:end <function expression at 0x7f104b7dc140>
DEBUG:root:end <function statement at 0x7f104b7dc320>
DEBUG:root:StatList: appending 139707942053840 of type <class 'ir2.AssignStat'> to 139707942053264
DEBUG:root:accepting semicolon == semicolon
DEBUG:root:getsym: print !
DEBUG:root:start <function statement at 0x7f104b7dc320>
DEBUG:root:accepting ident == print
DEBUG:root:accepting callsym == print
DEBUG:root:accepting beginsym == print
DEBUG:root:accepting ifsym == print
DEBUG:root:accepting whilesym == print
DEBUG:root:accepting print == print
DEBUG:root:getsym: ident squ
DEBUG:root:expecting ident
DEBUG:root:accepting ident == ident
DEBUG:root:getsym: endsym end
DEBUG:root:Looking up squ
DEBUG:root:end <function statement at 0x7f104b7dc320>
DEBUG:root:StatList: appending 139707942053904 of type <class 'ir2.PrintStat'> to 139707942053264
DEBUG:root:accepting semicolon == endsym
DEBUG:root:expecting endsym
DEBUG:root:accepting endsym == endsym
DEBUG:root:getsym: endsym end
DEBUG:root:StatList 139707942053264 : [
DEBUG:root:139707942053392 
DEBUG:root:139707942053840 
DEBUG:root:139707942053904 
DEBUG:root:]
DEBUG:root:end <function statement at 0x7f104b7dc320>
DEBUG:root:end <function statement at 0x7f104b7dc320>
DEBUG:root:StatList: appending 139707942053968 of type <class 'ir2.WhileStat'> to 139707942052752
DEBUG:root:accepting semicolon == endsym
DEBUG:root:expecting endsym
DEBUG:root:accepting endsym == endsym
DEBUG:root:getsym: period .
DEBUG:root:StatList 139707942052752 : [
DEBUG:root:139707942052944 
DEBUG:root:139707942053968 
DEBUG:root:]
DEBUG:root:end <function statement at 0x7f104b7dc320>
DEBUG:root:end <function block at 0x7f104b7dc410>
DEBUG:root:expecting period
DEBUG:root:accepting period == period
DEBUG:root:end <function program at 0x7f104b7dc500>
DEBUG:root:
 <class 'ir2.Block'> 139707942052688 {
	<class 'ir2.DefinitionList'> 139707941993680 {
		<class 'ir2.FunctionDef'> 139707942052624 {
			function square 
			<class 'ir2.Block'> 139707941994128 {
				<class 'ir2.DefinitionList'> 139707941994064 {
				}
				<class 'ir2.StatList'> 139707941994320 {
					<class 'ir2.AssignStat'> 139707942052560 {
						int squ 
						<class 'ir2.BinExpr'> 139707942052496 {
							'times'
							<class 'ir2.Var'> 139707942052304 {
								int x 
							}
							<class 'ir2.Var'> 139707942052432 {
								int x 
							}
						}
					}
				}
			}
		}
	}
	<class 'ir2.StatList'> 139707942052752 {
		<class 'ir2.AssignStat'> 139707942052944 {
			int x 
			<class 'ir2.Const'> 139707942052816 {
				int int1 1 const 
			}
		}
		<class 'ir2.WhileStat'> 139707942053968 {
			<class 'ir2.BinExpr'> 139707942053200 {
				'leq'
				<class 'ir2.Var'> 139707942053008 {
					int x 
				}
				<class 'ir2.Const'> 139707942053072 {
					int int2 10 const 
				}
			}
			<class 'ir2.StatList'> 139707942053264 {
				<class 'ir2.CallStat'> 139707942053392 {
					<class 'ir2.CallExpr'> 139707942053328 {
						function square 
					}
				}
				<class 'ir2.AssignStat'> 139707942053840 {
					int x 
					<class 'ir2.BinExpr'> 139707942053776 {
						'plus'
						<class 'ir2.Var'> 139707942053520 {
							int x 
						}
						<class 'ir2.Const'> 139707942053648 {
							int int3 1 const 
						}
					}
				}
				<class 'ir2.PrintStat'> 139707942053904 {
					int squ 
				}
			}
		}
	}
} 

DEBUG:root:Lowering <class 'ir2.Const'> 139707942052816
DEBUG:root:StatList : new 139707942054352
DEBUG:root:Lowering <class 'ir2.AssignStat'> 139707942052944
DEBUG:root:Lowering <class 'ir2.Var'> 139707942053008
DEBUG:root:Lowering <class 'ir2.Const'> 139707942053072
DEBUG:root:StatList : new 139707942054736
DEBUG:root:Lowering <class 'ir2.BinExpr'> 139707942053200
DEBUG:root:Lowering <class 'ir2.CallExpr'> 139707942053328
DEBUG:root:Cannot lower <class 'ir2.CallStat'> 'lower' is not in list
DEBUG:root:Lowering <class 'ir2.Var'> 139707942053520
DEBUG:root:Lowering <class 'ir2.Const'> 139707942053648
DEBUG:root:StatList : new 139707942055184
DEBUG:root:Lowering <class 'ir2.BinExpr'> 139707942053776
DEBUG:root:StatList : new 139707942053648
DEBUG:root:Lowering <class 'ir2.AssignStat'> 139707942053840
DEBUG:root:Cannot lower <class 'ir2.PrintStat'> 'lower' is not in list
DEBUG:root:Cannot lower <class 'ir2.StatList'> 'NoneType' object is not callable
DEBUG:root:None attached to <class 'ir2.StatList'> 139707942054736 {
	label2 : <class 'ir2.LoadStat'> 139707942054544 {
		int int5 register
		int x 
	}
	<class 'ir2.LoadStat'> 139707942054608 {
		int int6 register
		int int2 10 const 
	}
	<class 'ir2.BinStat'> 139707942054672 {
		'leq'
		int int7 register
		int int5 register
		int int6 register
	}
}
DEBUG:root:StatList : new 139707942055376
DEBUG:root:Lowering <class 'ir2.WhileStat'> 139707942053968
DEBUG:root:Cannot lower <class 'ir2.StatList'> 'NoneType' object is not callable
DEBUG:root:Lowering <class 'ir2.Var'> 139707942052304
DEBUG:root:Lowering <class 'ir2.Var'> 139707942052432
DEBUG:root:StatList : new 139707942055888
DEBUG:root:Lowering <class 'ir2.BinExpr'> 139707942052496
DEBUG:root:StatList : new 139707942052432
DEBUG:root:Lowering <class 'ir2.AssignStat'> 139707942052560
DEBUG:root:Cannot lower <class 'ir2.StatList'> 'NoneType' object is not callable
DEBUG:root:Cannot lower <class 'ir2.DefinitionList'> 'lower' is not in list
DEBUG:root:Lowering <class 'ir2.Block'> 139707941994128
DEBUG:root:Failed!
DEBUG:root:StatList : new 139707942055440
DEBUG:root:Lowering <class 'ir2.FunctionDef'> 139707942052624
DEBUG:root:Failed!
DEBUG:root:Cannot lower <class 'ir2.DefinitionList'> 'lower' is not in list
DEBUG:root:StatList: inserting 139707942053968 of type <class 'ir2.FunctionPrologueStat'> into 139707942052752
DEBUG:root:StatList: appending 139707942109264 of type <class 'ir2.ReturnStat'> to 139707942052752
DEBUG:root:Lowering <class 'ir2.Block'> 139707942052688
DEBUG:root:Failed!
DEBUG:root:<class 'ir2.FunctionPrologueStat'> 'flatten' is not in list
DEBUG:root:<class 'ir2.LoadStat'> 'flatten' is not in list
DEBUG:root:<class 'ir2.StoreStat'> 'flatten' is not in list
DEBUG:root:Flattening 139707942054352 into 139707942052752
DEBUG:root:Flattening <class 'ir2.StatList'> 139707942054352
DEBUG:root:<class 'ir2.LoadStat'> 'flatten' is not in list
DEBUG:root:<class 'ir2.LoadStat'> 'flatten' is not in list
DEBUG:root:<class 'ir2.BinStat'> 'flatten' is not in list
DEBUG:root:Flattening 139707942054736 into 139707942055376
DEBUG:root:Flattening <class 'ir2.StatList'> 139707942054736
DEBUG:root:<class 'ir2.BranchStat'> 'flatten' is not in list
DEBUG:root:<class 'ir2.BranchLinkStat'> 'flatten' is not in list
DEBUG:root:<class 'ir2.CallStat'> 'flatten' is not in list
DEBUG:root:<class 'ir2.LoadStat'> 'flatten' is not in list
DEBUG:root:<class 'ir2.LoadStat'> 'flatten' is not in list
DEBUG:root:<class 'ir2.BinStat'> 'flatten' is not in list
DEBUG:root:Flattening 139707942055184 into 139707942053648
DEBUG:root:Flattening <class 'ir2.StatList'> 139707942055184
DEBUG:root:<class 'ir2.StoreStat'> 'flatten' is not in list
DEBUG:root:Flattening 139707942053648 into 139707942053264
DEBUG:root:Flattening <class 'ir2.StatList'> 139707942053648
DEBUG:root:<class 'ir2.PrintStat'> 'flatten' is not in list
DEBUG:root:Flattening 139707942053264 into 139707942055376
DEBUG:root:Flattening <class 'ir2.StatList'> 139707942053264
DEBUG:root:<class 'ir2.BranchStat'> 'flatten' is not in list
DEBUG:root:<class 'ir2.EmptyStat'> 'flatten' is not in list
DEBUG:root:Flattening 139707942055376 into 139707942052752
DEBUG:root:Flattening <class 'ir2.StatList'> 139707942055376
DEBUG:root:<class 'ir2.ReturnStat'> 'flatten' is not in list
DEBUG:root:Not flattening 139707942052752 into 94275290961248 of type <type 'NoneType'>
DEBUG:root:Flattening <class 'ir2.StatList'> 139707942052752
DEBUG:root:Failed!
DEBUG:root:<class 'ir2.FunctionPrologueStat'> 'flatten' is not in list
DEBUG:root:<class 'ir2.LoadStat'> 'flatten' is not in list
DEBUG:root:<class 'ir2.LoadStat'> 'flatten' is not in list
DEBUG:root:<class 'ir2.BinStat'> 'flatten' is not in list
DEBUG:root:Flattening 139707942055888 into 139707942052432
DEBUG:root:Flattening <class 'ir2.StatList'> 139707942055888
DEBUG:root:<class 'ir2.StoreStat'> 'flatten' is not in list
DEBUG:root:Flattening 139707942052432 into 139707941994320
DEBUG:root:Flattening <class 'ir2.StatList'> 139707942052432
DEBUG:root:Not flattening 139707941994320 into 94275290961248 of type <type 'NoneType'>
DEBUG:root:Flattening <class 'ir2.StatList'> 139707941994320
DEBUG:root:Failed!
DEBUG:root:<class 'ir2.DefinitionList'> 'flatten' is not in list
DEBUG:root:<class 'ir2.Block'> 'flatten' is not in list
DEBUG:root:<class 'ir2.ReturnStat'> 'flatten' is not in list
DEBUG:root:Not flattening 139707942055440 into 139707942052624 of type <class 'ir2.FunctionDef'>
DEBUG:root:Flattening <class 'ir2.StatList'> 139707942055440
DEBUG:root:Failed!
DEBUG:root:<class 'ir2.FunctionDef'> 'flatten' is not in list
DEBUG:root:<class 'ir2.DefinitionList'> 'flatten' is not in list
DEBUG:root:<class 'ir2.Block'> 'flatten' is not in list
DEBUG:root:
 <class 'ir2.Block'> 139707942052688 {
	<class 'ir2.DefinitionList'> 139707941993680 {
		<class 'ir2.FunctionDef'> 139707942052624 {
			function square 
			<class 'ir2.StatList'> 139707942055440 {
				<class 'ir2.FunctionPrologueStat'> 139707942054160 {
				}
				<class 'ir2.Block'> 139707941994128 {
					<class 'ir2.DefinitionList'> 139707941994064 {
					}
					<class 'ir2.StatList'> 139707941994320 {
						<class 'ir2.LoadStat'> 139707942055696 {
							int int12 register
							int x 
						}
						<class 'ir2.LoadStat'> 139707942055760 {
							int int13 register
							int x 
						}
						<class 'ir2.BinStat'> 139707942055824 {
							'times'
							int int14 register
							int int12 register
							int int13 register
						}
						<class 'ir2.StoreStat'> 139707942055504 {
							int squ 
							int int14 register
						}
					}
				}
				<class 'ir2.ReturnStat'> 139707942052560 {
				}
			}
		}
	}
	<class 'ir2.StatList'> 139707942052752 {
		main : <class 'ir2.FunctionPrologueStat'> 139707942053968 {
		}
		<class 'ir2.LoadStat'> 139707942054224 {
			int int4 register
			int int1 1 const 
		}
		<class 'ir2.StoreStat'> 139707942054096 {
			int x 
			int int4 register
		}
		label2 : <class 'ir2.LoadStat'> 139707942054544 {
			int int5 register
			int x 
		}
		<class 'ir2.LoadStat'> 139707942054608 {
			int int6 register
			int int2 10 const 
		}
		<class 'ir2.BinStat'> 139707942054672 {
			'leq'
			int int7 register
			int int5 register
			int int6 register
		}
		<class 'ir2.BranchStat'> 139707942055248 {
			'gtr'
			int int11 register
			label label1
		}
		<class 'ir2.CallStat'> 139707942053392 {
			<class 'ir2.BranchLinkStat'> 139707942054864 {
				None
				None
				function square 
			}
		}
		<class 'ir2.LoadStat'> 139707942054992 {
			int int8 register
			int x 
		}
		<class 'ir2.LoadStat'> 139707942055056 {
			int int9 register
			int int3 1 const 
		}
		<class 'ir2.BinStat'> 139707942055120 {
			'plus'
			int int10 register
			int int8 register
			int int9 register
		}
		<class 'ir2.StoreStat'> 139707942053328 {
			int x 
			int int10 register
		}
		<class 'ir2.PrintStat'> 139707942053904 {
			int squ 
		}
		<class 'ir2.BranchStat'> 139707942055312 {
			None
			None
			label label2
		}
		label1 : <class 'ir2.EmptyStat'> 139707942053840 {
		}
		<class 'ir2.ReturnStat'> 139707942109264 {
		}
	}
} 

DEBUG:root:Data Layout <class 'ir2.Block'> 139707942052688
DEBUG:root:Failed!
DEBUG:root:<class 'ir2.StatList'> 'NoneType' object is not callable
DEBUG:root:<class 'ir2.FunctionPrologueStat'> 'dataLayout' is not in list
DEBUG:root:<class 'ir2.LoadStat'> 'dataLayout' is not in list
DEBUG:root:<class 'ir2.StoreStat'> 'dataLayout' is not in list
DEBUG:root:<class 'ir2.LoadStat'> 'dataLayout' is not in list
DEBUG:root:<class 'ir2.LoadStat'> 'dataLayout' is not in list
DEBUG:root:<class 'ir2.BinStat'> 'dataLayout' is not in list
DEBUG:root:<class 'ir2.BranchStat'> 'dataLayout' is not in list
DEBUG:root:<class 'ir2.CallStat'> 'dataLayout' is not in list
DEBUG:root:<class 'ir2.BranchLinkStat'> 'dataLayout' is not in list
DEBUG:root:<class 'ir2.LoadStat'> 'dataLayout' is not in list
DEBUG:root:<class 'ir2.LoadStat'> 'dataLayout' is not in list
DEBUG:root:<class 'ir2.BinStat'> 'dataLayout' is not in list
DEBUG:root:<class 'ir2.StoreStat'> 'dataLayout' is not in list
DEBUG:root:<class 'ir2.PrintStat'> 'dataLayout' is not in list
DEBUG:root:<class 'ir2.BranchStat'> 'dataLayout' is not in list
DEBUG:root:<class 'ir2.EmptyStat'> 'dataLayout' is not in list
DEBUG:root:<class 'ir2.ReturnStat'> 'dataLayout' is not in list
DEBUG:root:<class 'ir2.DefinitionList'> 'dataLayout' is not in list
DEBUG:root:<class 'ir2.FunctionDef'> 'dataLayout' is not in list
DEBUG:root:<class 'ir2.StatList'> 'NoneType' object is not callable
DEBUG:root:<class 'ir2.FunctionPrologueStat'> 'dataLayout' is not in list
DEBUG:root:Data Layout <class 'ir2.Block'> 139707941994128
DEBUG:root:Failed!
DEBUG:root:<class 'ir2.StatList'> 'NoneType' object is not callable
DEBUG:root:<class 'ir2.LoadStat'> 'dataLayout' is not in list
DEBUG:root:<class 'ir2.LoadStat'> 'dataLayout' is not in list
DEBUG:root:<class 'ir2.BinStat'> 'dataLayout' is not in list
DEBUG:root:<class 'ir2.StoreStat'> 'dataLayout' is not in list
DEBUG:root:<class 'ir2.DefinitionList'> 'dataLayout' is not in list
DEBUG:root:<class 'ir2.ReturnStat'> 'dataLayout' is not in list
DEBUG:root:Uses of main : <class 'ir2.FunctionPrologueStat'> 139707942053968 {
}: []
DEBUG:root:Uses of <class 'ir2.LoadStat'> 139707942054224 {
	int int4 register
	int int1 1 const 
}: []
DEBUG:root:Uses of <class 'ir2.StoreStat'> 139707942054096 {
	int x global
	int int4 register
}: [int int4 register]
DEBUG:root:Uses of <class 'ir2.StoreStat'> 139707942054096 {
	int x global
	int int4 register
}: [int int4 register]
DEBUG:root:Uses of <class 'ir2.LoadStat'> 139707942054224 {
	int int4 register
	int int1 1 const 
}: []
DEBUG:root:Uses of main : <class 'ir2.FunctionPrologueStat'> 139707942053968 {
}: []
DEBUG:root:Uses of label2 : <class 'ir2.LoadStat'> 139707942054544 {
	int int5 register
	int x global
}: []
DEBUG:root:Uses of <class 'ir2.LoadStat'> 139707942054608 {
	int int6 register
	int int2 10 const 
}: []
DEBUG:root:Uses of <class 'ir2.BinStat'> 139707942054672 {
	'leq'
	int int7 register
	int int5 register
	int int6 register
}: [int int5 register, int int6 register]
DEBUG:root:Uses of <class 'ir2.BranchStat'> 139707942055248 {
	'gtr'
	int int11 register
	label label1
}: [int int11 register]
DEBUG:root:Uses of <class 'ir2.BranchStat'> 139707942055248 {
	'gtr'
	int int11 register
	label label1
}: [int int11 register]
DEBUG:root:Uses of <class 'ir2.BinStat'> 139707942054672 {
	'leq'
	int int7 register
	int int5 register
	int int6 register
}: [int int5 register, int int6 register]
DEBUG:root:Uses of <class 'ir2.LoadStat'> 139707942054608 {
	int int6 register
	int int2 10 const 
}: []
DEBUG:root:Uses of label2 : <class 'ir2.LoadStat'> 139707942054544 {
	int int5 register
	int x global
}: []
DEBUG:root:Uses of <class 'ir2.CallStat'> 139707942053392 {
	<class 'ir2.BranchLinkStat'> 139707942054864 {
		None
		None
		function square 
	}
}: []
DEBUG:root:Uses of <class 'ir2.CallStat'> 139707942053392 {
	<class 'ir2.BranchLinkStat'> 139707942054864 {
		None
		None
		function square 
	}
}: []
DEBUG:root:Uses of <class 'ir2.LoadStat'> 139707942054992 {
	int int8 register
	int x global
}: []
DEBUG:root:Uses of <class 'ir2.LoadStat'> 139707942055056 {
	int int9 register
	int int3 1 const 
}: []
DEBUG:root:Uses of <class 'ir2.BinStat'> 139707942055120 {
	'plus'
	int int10 register
	int int8 register
	int int9 register
}: [int int8 register, int int9 register]
DEBUG:root:Uses of <class 'ir2.StoreStat'> 139707942053328 {
	int x global
	int int10 register
}: [int int10 register]
DEBUG:root:Uses of <class 'ir2.PrintStat'> 139707942053904 {
	int squ global
}: []
DEBUG:root:Uses of <class 'ir2.BranchStat'> 139707942055312 {
	None
	None
	label label2
}: [None]
DEBUG:root:Uses of <class 'ir2.BranchStat'> 139707942055312 {
	None
	None
	label label2
}: [None]
DEBUG:root:Uses of <class 'ir2.PrintStat'> 139707942053904 {
	int squ global
}: []
DEBUG:root:Uses of <class 'ir2.StoreStat'> 139707942053328 {
	int x global
	int int10 register
}: [int int10 register]
DEBUG:root:Uses of <class 'ir2.BinStat'> 139707942055120 {
	'plus'
	int int10 register
	int int8 register
	int int9 register
}: [int int8 register, int int9 register]
DEBUG:root:Uses of <class 'ir2.LoadStat'> 139707942055056 {
	int int9 register
	int int3 1 const 
}: []
DEBUG:root:Uses of <class 'ir2.LoadStat'> 139707942054992 {
	int int8 register
	int x global
}: []
DEBUG:root:Uses of label1 : <class 'ir2.EmptyStat'> 139707942053840 {
}: []
DEBUG:root:Uses of <class 'ir2.ReturnStat'> 139707942109264 {
}: []
DEBUG:root:Uses of <class 'ir2.ReturnStat'> 139707942109264 {
}: []
DEBUG:root:Uses of label1 : <class 'ir2.EmptyStat'> 139707942053840 {
}: []
DEBUG:root:Uses of <class 'ir2.FunctionPrologueStat'> 139707942054160 {
}: []
DEBUG:root:Uses of <class 'ir2.Block'> 139707941994128 {
	<class 'ir2.DefinitionList'> 139707941994064 {
	}
	<class 'ir2.StatList'> 139707941994320 {
		<class 'ir2.LoadStat'> 139707942055696 {
			int int12 register
			int x global
		}
		<class 'ir2.LoadStat'> 139707942055760 {
			int int13 register
			int x global
		}
		<class 'ir2.BinStat'> 139707942055824 {
			'times'
			int int14 register
			int int12 register
			int int13 register
		}
		<class 'ir2.StoreStat'> 139707942055504 {
			int squ global
			int int14 register
		}
	}
}: []
DEBUG:root:Uses of <class 'ir2.ReturnStat'> 139707942052560 {
}: []
DEBUG:root:Uses of <class 'ir2.ReturnStat'> 139707942052560 {
}: []
DEBUG:root:Uses of <class 'ir2.Block'> 139707941994128 {
	<class 'ir2.DefinitionList'> 139707941994064 {
	}
	<class 'ir2.StatList'> 139707941994320 {
		<class 'ir2.LoadStat'> 139707942055696 {
			int int12 register
			int x global
		}
		<class 'ir2.LoadStat'> 139707942055760 {
			int int13 register
			int x global
		}
		<class 'ir2.BinStat'> 139707942055824 {
			'times'
			int int14 register
			int int12 register
			int int13 register
		}
		<class 'ir2.StoreStat'> 139707942055504 {
			int squ global
			int int14 register
		}
	}
}: []
DEBUG:root:Uses of <class 'ir2.FunctionPrologueStat'> 139707942054160 {
}: []
DEBUG:root:Uses of <class 'ir2.LoadStat'> 139707942055696 {
	int int12 register
	int x global
}: []
DEBUG:root:Uses of <class 'ir2.LoadStat'> 139707942055760 {
	int int13 register
	int x global
}: []
DEBUG:root:Uses of <class 'ir2.BinStat'> 139707942055824 {
	'times'
	int int14 register
	int int12 register
	int int13 register
}: [int int12 register, int int13 register]
DEBUG:root:Uses of <class 'ir2.StoreStat'> 139707942055504 {
	int squ global
	int int14 register
}: [int int14 register]
DEBUG:root:Uses of <class 'ir2.StoreStat'> 139707942055504 {
	int squ global
	int int14 register
}: [int int14 register]
DEBUG:root:Uses of <class 'ir2.BinStat'> 139707942055824 {
	'times'
	int int14 register
	int int12 register
	int int13 register
}: [int int12 register, int int13 register]
DEBUG:root:Uses of <class 'ir2.LoadStat'> 139707942055760 {
	int int13 register
	int x global
}: []
DEBUG:root:Uses of <class 'ir2.LoadStat'> 139707942055696 {
	int int12 register
	int x global
}: []
DEBUG:root:Registers: set([int int8 register, int int5 register, int int6 register, int int4 register, int int14 register, int int10 register, int int12 register, int int9 register, int int11 register, int int13 register])
DEBUG:root:Interference Graph: set([(int int5 register, int int6 register), (int int9 register, int int8 register), (int int11 register, int int5 register), (int int13 register, int int12 register), (int int6 register, int int11 register), (int int5 register, int int11 register), (int int8 register, int int9 register), (int int6 register, int int5 register), (int int11 register, int int6 register), (int int12 register, int int13 register)])
INFO:root:Generating code for <class 'ir2.Block'> 139707942052688
INFO:root:Generating code for <class 'ir2.StatList'> 139707942052752
INFO:root:Generating code for <class 'ir2.FunctionPrologueStat'> 139707942053968
INFO:root:Generating code for <class 'ir2.LoadStat'> 139707942054224
INFO:root:Generating code for <class 'ir2.StoreStat'> 139707942054096
INFO:root:Generating code for <class 'ir2.LoadStat'> 139707942054544
INFO:root:Generating code for <class 'ir2.LoadStat'> 139707942054608
INFO:root:Generating code for <class 'ir2.BinStat'> 139707942054672
INFO:root:Generating code for <class 'ir2.BranchStat'> 139707942055248
INFO:root:Generating code for <class 'ir2.CallStat'> 139707942053392
INFO:root:Generating code for <class 'ir2.BranchLinkStat'> 139707942054864
INFO:root:Generating code for <class 'ir2.LoadStat'> 139707942054992
INFO:root:Generating code for <class 'ir2.LoadStat'> 139707942055056
INFO:root:Generating code for <class 'ir2.BinStat'> 139707942055120
INFO:root:Generating code for <class 'ir2.StoreStat'> 139707942053328
INFO:root:Generating code for <class 'ir2.PrintStat'> 139707942053904
INFO:root:Generating code for <class 'ir2.BranchStat'> 139707942055312
INFO:root:Generating code for <class 'ir2.EmptyStat'> 139707942053840
INFO:root:Generating code for <class 'ir2.ReturnStat'> 139707942109264
INFO:root:Generating code for <class 'ir2.DefinitionList'> 139707941993680
INFO:root:Generating code for <class 'ir2.FunctionDef'> 139707942052624
INFO:root:Generating code for <class 'ir2.StatList'> 139707942055440
INFO:root:Generating code for <class 'ir2.FunctionPrologueStat'> 139707942054160
INFO:root:Generating code for <class 'ir2.Block'> 139707941994128
INFO:root:Generating code for <class 'ir2.StatList'> 139707941994320
INFO:root:Generating code for <class 'ir2.LoadStat'> 139707942055696
INFO:root:Generating code for <class 'ir2.LoadStat'> 139707942055760
INFO:root:Generating code for <class 'ir2.BinStat'> 139707942055824
INFO:root:Generating code for <class 'ir2.StoreStat'> 139707942055504
INFO:root:Generating code for <class 'ir2.DefinitionList'> 139707941994064
INFO:root:Generating code for <class 'ir2.ReturnStat'> 139707942052560
DEBUG:root:
*********************************************
	Starting debug with standard test program
*********************************************

DEBUG:root:start <function program at 0x7fb1b5144e60>
DEBUG:root:getsym: varsym var
DEBUG:root:start <function block at 0x7fb1b5144d70>
DEBUG:root:accepting constsym == varsym
DEBUG:root:accepting varsym == varsym
DEBUG:root:getsym: ident x
DEBUG:root:expecting ident
DEBUG:root:accepting ident == ident
DEBUG:root:getsym: comma ,
DEBUG:root:accepting comma == comma
DEBUG:root:getsym: ident squ
DEBUG:root:expecting ident
DEBUG:root:accepting ident == ident
DEBUG:root:getsym: semicolon ;
DEBUG:root:accepting comma == semicolon
DEBUG:root:expecting semicolon
DEBUG:root:accepting semicolon == semicolon
DEBUG:root:getsym: procsym procedure
DEBUG:root:accepting procsym == procsym
DEBUG:root:getsym: ident square
DEBUG:root:expecting ident
DEBUG:root:accepting ident == ident
DEBUG:root:getsym: semicolon ;
DEBUG:root:expecting semicolon
DEBUG:root:accepting semicolon == semicolon
DEBUG:root:getsym: beginsym begin
DEBUG:root:start <function block at 0x7fb1b5144d70>
DEBUG:root:accepting constsym == beginsym
DEBUG:root:accepting varsym == beginsym
DEBUG:root:accepting procsym == beginsym
DEBUG:root:start <function statement at 0x7fb1b5144c80>
DEBUG:root:accepting ident == beginsym
DEBUG:root:accepting callsym == beginsym
DEBUG:root:accepting beginsym == beginsym
DEBUG:root:getsym: ident squ
DEBUG:root:StatList : new 140401223966480
DEBUG:root:start <function statement at 0x7fb1b5144c80>
DEBUG:root:accepting ident == ident
DEBUG:root:getsym: becomes :=
DEBUG:root:Looking up squ
DEBUG:root:Looking up in parent
DEBUG:root:Looking up squ
DEBUG:root:expecting becomes
DEBUG:root:accepting becomes == becomes
DEBUG:root:getsym: ident x
DEBUG:root:start <function expression at 0x7fb1b5144aa0>
DEBUG:root:start <function term at 0x7fb1b51449b0>
DEBUG:root:start <function factor at 0x7fb1b51448c0>
DEBUG:root:accepting ident == ident
DEBUG:root:getsym: times *
DEBUG:root:Looking up x
DEBUG:root:Looking up in parent
DEBUG:root:Looking up x
DEBUG:root:end <function factor at 0x7fb1b51448c0>
DEBUG:root:getsym: ident x
DEBUG:root:start <function factor at 0x7fb1b51448c0>
DEBUG:root:accepting ident == ident
DEBUG:root:getsym: endsym end
DEBUG:root:Looking up x
DEBUG:root:Looking up in parent
DEBUG:root:Looking up x
DEBUG:root:end <function factor at 0x7fb1b51448c0>
DEBUG:root:end <function term at 0x7fb1b51449b0>
DEBUG:root:end <function expression at 0x7fb1b5144aa0>
DEBUG:root:end <function statement at 0x7fb1b5144c80>
DEBUG:root:StatList: appending 140401224012432 of type <class 'ir2.AssignStat'> to 140401223966480
DEBUG:root:accepting semicolon == endsym
DEBUG:root:expecting endsym
DEBUG:root:accepting endsym == endsym
DEBUG:root:getsym: semicolon ;
DEBUG:root:StatList 140401223966480 : [
DEBUG:root:140401224012432 
DEBUG:root:]
DEBUG:root:end <function statement at 0x7fb1b5144c80>
DEBUG:root:end <function block at 0x7fb1b5144d70>
DEBUG:root:expecting semicolon
DEBUG:root:accepting semicolon == semicolon
DEBUG:root:getsym: beginsym begin
DEBUG:root:Looking up square
DEBUG:root:accepting procsym == beginsym
DEBUG:root:start <function statement at 0x7fb1b5144c80>
DEBUG:root:accepting ident == beginsym
DEBUG:root:accepting callsym == beginsym
DEBUG:root:accepting beginsym == beginsym
DEBUG:root:getsym: ident x
DEBUG:root:StatList : new 140401224012624
DEBUG:root:start <function statement at 0x7fb1b5144c80>
DEBUG:root:accepting ident == ident
DEBUG:root:getsym: becomes :=
DEBUG:root:Looking up x
DEBUG:root:expecting becomes
DEBUG:root:accepting becomes == becomes
DEBUG:root:getsym: number 1
DEBUG:root:start <function expression at 0x7fb1b5144aa0>
DEBUG:root:start <function term at 0x7fb1b51449b0>
DEBUG:root:start <function factor at 0x7fb1b51448c0>
DEBUG:root:accepting ident == number
DEBUG:root:accepting number == number
DEBUG:root:getsym: semicolon ;
DEBUG:root:end <function factor at 0x7fb1b51448c0>
DEBUG:root:end <function term at 0x7fb1b51449b0>
DEBUG:root:end <function expression at 0x7fb1b5144aa0>
DEBUG:root:end <function statement at 0x7fb1b5144c80>
DEBUG:root:StatList: appending 140401224012816 of type <class 'ir2.AssignStat'> to 140401224012624
DEBUG:root:accepting semicolon == semicolon
DEBUG:root:getsym: whilesym while
DEBUG:root:start <function statement at 0x7fb1b5144c80>
DEBUG:root:accepting ident == whilesym
DEBUG:root:accepting callsym == whilesym
DEBUG:root:accepting beginsym == whilesym
DEBUG:root:accepting ifsym == whilesym
DEBUG:root:accepting whilesym == whilesym
DEBUG:root:getsym: ident x
DEBUG:root:start <function condition at 0x7fb1b5144b90>
DEBUG:root:accepting oddsym == ident
DEBUG:root:start <function expression at 0x7fb1b5144aa0>
DEBUG:root:start <function term at 0x7fb1b51449b0>
DEBUG:root:start <function factor at 0x7fb1b51448c0>
DEBUG:root:accepting ident == ident
DEBUG:root:getsym: leq <=
DEBUG:root:Looking up x
DEBUG:root:end <function factor at 0x7fb1b51448c0>
DEBUG:root:end <function term at 0x7fb1b51449b0>
DEBUG:root:end <function expression at 0x7fb1b5144aa0>
DEBUG:root:getsym: number 10
DEBUG:root:condition operator leq number
DEBUG:root:start <function expression at 0x7fb1b5144aa0>
DEBUG:root:start <function term at 0x7fb1b51449b0>
DEBUG:root:start <function factor at 0x7fb1b51448c0>
DEBUG:root:accepting ident == number
DEBUG:root:accepting number == number
DEBUG:root:getsym: dosym do
DEBUG:root:end <function factor at 0x7fb1b51448c0>
DEBUG:root:end <function term at 0x7fb1b51449b0>
DEBUG:root:end <function expression at 0x7fb1b5144aa0>
DEBUG:root:end <function condition at 0x7fb1b5144b90>
DEBUG:root:expecting dosym
DEBUG:root:accepting dosym == dosym
DEBUG:root:getsym: beginsym begin
DEBUG:root:start <function statement at 0x7fb1b5144c80>
DEBUG:root:accepting ident == beginsym
DEBUG:root:accepting callsym == beginsym
DEBUG:root:accepting beginsym == beginsym
DEBUG:root:getsym: callsym call
DEBUG:root:StatList : new 140401224013136
DEBUG:root:start <function statement at 0x7fb1b5144c80>
DEBUG:root:accepting ident == callsym
DEBUG:root:accepting callsym == callsym
DEBUG:root:getsym: ident square
DEBUG:root:expecting ident
DEBUG:root:accepting ident == ident
DEBUG:root:getsym: semicolon ;
DEBUG:root:Looking up square
DEBUG:root:end <function statement at 0x7fb1b5144c80>
DEBUG:root:StatList: appending 140401224013264 of type <class 'ir2.CallStat'> to 140401224013136
DEBUG:root:accepting semicolon == semicolon
DEBUG:root:getsym: ident x
DEBUG:root:start <function statement at 0x7fb1b5144c80>
DEBUG:root:accepting ident == ident
DEBUG:root:getsym: becomes :=
DEBUG:root:Looking up x
DEBUG:root:expecting becomes
DEBUG:root:accepting becomes == becomes
DEBUG:root:getsym: ident x
DEBUG:root:start <function expression at 0x7fb1b5144aa0>
DEBUG:root:start <function term at 0x7fb1b51449b0>
DEBUG:root:start <function factor at 0x7fb1b51448c0>
DEBUG:root:accepting ident == ident
DEBUG:root:getsym: plus +
DEBUG:root:Looking up x
DEBUG:root:end <function factor at 0x7fb1b51448c0>
DEBUG:root:end <function term at 0x7fb1b51449b0>
DEBUG:root:getsym: number 1
DEBUG:root:start <function term at 0x7fb1b51449b0>
DEBUG:root:start <function factor at 0x7fb1b51448c0>
DEBUG:root:accepting ident == number
DEBUG:root:accepting number == number
DEBUG:root:getsym: semicolon ;
DEBUG:root:end <function factor at 0x7fb1b51448c0>
DEBUG:root:end <function term at 0x7fb1b51449b0>
DEBUG:root:end <function expression at 0x7fb1b5144aa0>
DEBUG:root:end <function statement at 0x7fb1b5144c80>
DEBUG:root:StatList: appending 140401224013712 of type <class 'ir2.AssignStat'> to 140401224013136
DEBUG:root:accepting semicolon == semicolon
DEBUG:root:getsym: print !
DEBUG:root:start <function statement at 0x7fb1b5144c80>
DEBUG:root:accepting ident == print
DEBUG:root:accepting callsym == print
DEBUG:root:accepting beginsym == print
DEBUG:root:accepting ifsym == print
DEBUG:root:accepting whilesym == print
DEBUG:root:accepting print == print
DEBUG:root:getsym: ident squ
DEBUG:root:expecting ident
DEBUG:root:accepting ident == ident
DEBUG:root:getsym: endsym end
DEBUG:root:Looking up squ
DEBUG:root:end <function statement at 0x7fb1b5144c80>
DEBUG:root:StatList: appending 140401224013776 of type <class 'ir2.PrintStat'> to 140401224013136
DEBUG:root:accepting semicolon == endsym
DEBUG:root:expecting endsym
DEBUG:root:accepting endsym == endsym
DEBUG:root:getsym: endsym end
DEBUG:root:StatList 140401224013136 : [
DEBUG:root:140401224013264 
DEBUG:root:140401224013712 
DEBUG:root:140401224013776 
DEBUG:root:]
DEBUG:root:end <function statement at 0x7fb1b5144c80>
DEBUG:root:end <function statement at 0x7fb1b5144c80>
DEBUG:root:StatList: appending 140401224013840 of type <class 'ir2.WhileStat'> to 140401224012624
DEBUG:root:accepting semicolon == endsym
DEBUG:root:expecting endsym
DEBUG:root:accepting endsym == endsym
DEBUG:root:getsym: period .
DEBUG:root:StatList 140401224012624 : [
DEBUG:root:140401224012816 
DEBUG:root:140401224013840 
DEBUG:root:]
DEBUG:root:end <function statement at 0x7fb1b5144c80>
DEBUG:root:end <function block at 0x7fb1b5144d70>
DEBUG:root:expecting period
DEBUG:root:accepting period == period
DEBUG:root:end <function program at 0x7fb1b5144e60>
DEBUG:root:
 <class 'ir2.Block'> 140401224012560 {
	<class 'ir2.DefinitionList'> 140401223965840 {
		<class 'ir2.FunctionDef'> 140401224012496 {
			function square 
			<class 'ir2.Block'> 140401223966288 {
				<class 'ir2.DefinitionList'> 140401223966224 {
				}
				<class 'ir2.StatList'> 140401223966480 {
					<class 'ir2.AssignStat'> 140401224012432 {
						int squ 
						<class 'ir2.BinExpr'> 140401224012368 {
							'times'
							<class 'ir2.Var'> 140401224012176 {
								int x 
							}
							<class 'ir2.Var'> 140401224012304 {
								int x 
							}
						}
					}
				}
			}
		}
	}
	<class 'ir2.StatList'> 140401224012624 {
		<class 'ir2.AssignStat'> 140401224012816 {
			int x 
			<class 'ir2.Const'> 140401224012688 {
				int int1 1 const 
			}
		}
		<class 'ir2.WhileStat'> 140401224013840 {
			<class 'ir2.BinExpr'> 140401224013072 {
				'leq'
				<class 'ir2.Var'> 140401224012880 {
					int x 
				}
				<class 'ir2.Const'> 140401224012944 {
					int int2 10 const 
				}
			}
			<class 'ir2.StatList'> 140401224013136 {
				<class 'ir2.CallStat'> 140401224013264 {
					<class 'ir2.CallExpr'> 140401224013200 {
						function square 
					}
				}
				<class 'ir2.AssignStat'> 140401224013712 {
					int x 
					<class 'ir2.BinExpr'> 140401224013648 {
						'plus'
						<class 'ir2.Var'> 140401224013392 {
							int x 
						}
						<class 'ir2.Const'> 140401224013520 {
							int int3 1 const 
						}
					}
				}
				<class 'ir2.PrintStat'> 140401224013776 {
					int squ 
				}
			}
		}
	}
} 

DEBUG:root:Lowering <class 'ir2.Const'> 140401224012688
DEBUG:root:StatList : new 140401224014224
DEBUG:root:Lowering <class 'ir2.AssignStat'> 140401224012816
DEBUG:root:Lowering <class 'ir2.Var'> 140401224012880
DEBUG:root:Lowering <class 'ir2.Const'> 140401224012944
DEBUG:root:StatList : new 140401224014608
DEBUG:root:Lowering <class 'ir2.BinExpr'> 140401224013072
DEBUG:root:Lowering <class 'ir2.CallExpr'> 140401224013200
DEBUG:root:Cannot lower <class 'ir2.CallStat'> 'lower' is not in list
DEBUG:root:Lowering <class 'ir2.Var'> 140401224013392
DEBUG:root:Lowering <class 'ir2.Const'> 140401224013520
DEBUG:root:StatList : new 140401224015056
DEBUG:root:Lowering <class 'ir2.BinExpr'> 140401224013648
DEBUG:root:StatList : new 140401224013520
DEBUG:root:Lowering <class 'ir2.AssignStat'> 140401224013712
DEBUG:root:Cannot lower <class 'ir2.PrintStat'> 'lower' is not in list
DEBUG:root:Cannot lower <class 'ir2.StatList'> 'NoneType' object is not callable
DEBUG:root:None attached to <class 'ir2.StatList'> 140401224014608 {
	label2 : <class 'ir2.LoadStat'> 140401224014416 {
		int int5 register
		int x 
	}
	<class 'ir2.LoadStat'> 140401224014480 {
		int int6 register
		int int2 10 const 
	}
	<class 'ir2.BinStat'> 140401224014544 {
		'leq'
		int int7 register
		int int5 register
		int int6 register
	}
}
DEBUG:root:StatList : new 140401224015248
DEBUG:root:Lowering <class 'ir2.WhileStat'> 140401224013840
DEBUG:root:Cannot lower <class 'ir2.StatList'> 'NoneType' object is not callable
DEBUG:root:Lowering <class 'ir2.Var'> 140401224012176
DEBUG:root:Lowering <class 'ir2.Var'> 140401224012304
DEBUG:root:StatList : new 140401224015760
DEBUG:root:Lowering <class 'ir2.BinExpr'> 140401224012368
DEBUG:root:StatList : new 140401224012304
DEBUG:root:Lowering <class 'ir2.AssignStat'> 140401224012432
DEBUG:root:Cannot lower <class 'ir2.StatList'> 'NoneType' object is not callable
DEBUG:root:Cannot lower <class 'ir2.DefinitionList'> 'lower' is not in list
DEBUG:root:Lowering <class 'ir2.Block'> 140401223966288
DEBUG:root:Failed!
DEBUG:root:StatList : new 140401224015312
DEBUG:root:Lowering <class 'ir2.FunctionDef'> 140401224012496
DEBUG:root:Failed!
DEBUG:root:Cannot lower <class 'ir2.DefinitionList'> 'lower' is not in list
DEBUG:root:StatList: inserting 140401224013840 of type <class 'ir2.FunctionPrologueStat'> into 140401224012624
DEBUG:root:StatList: appending 140401224015824 of type <class 'ir2.ReturnStat'> to 140401224012624
DEBUG:root:Lowering <class 'ir2.Block'> 140401224012560
DEBUG:root:Failed!
DEBUG:root:<class 'ir2.FunctionPrologueStat'> 'flatten' is not in list
DEBUG:root:<class 'ir2.LoadStat'> 'flatten' is not in list
DEBUG:root:<class 'ir2.StoreStat'> 'flatten' is not in list
DEBUG:root:Flattening 140401224014224 into 140401224012624
DEBUG:root:Flattening <class 'ir2.StatList'> 140401224014224
DEBUG:root:<class 'ir2.LoadStat'> 'flatten' is not in list
DEBUG:root:<class 'ir2.LoadStat'> 'flatten' is not in list
DEBUG:root:<class 'ir2.BinStat'> 'flatten' is not in list
DEBUG:root:Flattening 140401224014608 into 140401224015248
DEBUG:root:Flattening <class 'ir2.StatList'> 140401224014608
DEBUG:root:<class 'ir2.BranchStat'> 'flatten' is not in list
DEBUG:root:<class 'ir2.BranchLinkStat'> 'flatten' is not in list
DEBUG:root:<class 'ir2.CallStat'> 'flatten' is not in list
DEBUG:root:<class 'ir2.LoadStat'> 'flatten' is not in list
DEBUG:root:<class 'ir2.LoadStat'> 'flatten' is not in list
DEBUG:root:<class 'ir2.BinStat'> 'flatten' is not in list
DEBUG:root:Flattening 140401224015056 into 140401224013520
DEBUG:root:Flattening <class 'ir2.StatList'> 140401224015056
DEBUG:root:<class 'ir2.StoreStat'> 'flatten' is not in list
DEBUG:root:Flattening 140401224013520 into 140401224013136
DEBUG:root:Flattening <class 'ir2.StatList'> 140401224013520
DEBUG:root:<class 'ir2.PrintStat'> 'flatten' is not in list
DEBUG:root:Flattening 140401224013136 into 140401224015248
DEBUG:root:Flattening <class 'ir2.StatList'> 140401224013136
DEBUG:root:<class 'ir2.BranchStat'> 'flatten' is not in list
DEBUG:root:<class 'ir2.EmptyStat'> 'flatten' is not in list
DEBUG:root:Flattening 140401224015248 into 140401224012624
DEBUG:root:Flattening <class 'ir2.StatList'> 140401224015248
DEBUG:root:<class 'ir2.ReturnStat'> 'flatten' is not in list
DEBUG:root:Not flattening 140401224012624 into 93953609942368 of type <type 'NoneType'>
DEBUG:root:Flattening <class 'ir2.StatList'> 140401224012624
DEBUG:root:Failed!
DEBUG:root:<class 'ir2.FunctionPrologueStat'> 'flatten' is not in list
DEBUG:root:<class 'ir2.LoadStat'> 'flatten' is not in list
DEBUG:root:<class 'ir2.LoadStat'> 'flatten' is not in list
DEBUG:root:<class 'ir2.BinStat'> 'flatten' is not in list
DEBUG:root:Flattening 140401224015760 into 140401224012304
DEBUG:root:Flattening <class 'ir2.StatList'> 140401224015760
DEBUG:root:<class 'ir2.StoreStat'> 'flatten' is not in list
DEBUG:root:Flattening 140401224012304 into 140401223966480
DEBUG:root:Flattening <class 'ir2.StatList'> 140401224012304
DEBUG:root:Not flattening 140401223966480 into 93953609942368 of type <type 'NoneType'>
DEBUG:root:Flattening <class 'ir2.StatList'> 140401223966480
DEBUG:root:Failed!
DEBUG:root:<class 'ir2.DefinitionList'> 'flatten' is not in list
DEBUG:root:<class 'ir2.Block'> 'flatten' is not in list
DEBUG:root:<class 'ir2.ReturnStat'> 'flatten' is not in list
DEBUG:root:Not flattening 140401224015312 into 140401224012496 of type <class 'ir2.FunctionDef'>
DEBUG:root:Flattening <class 'ir2.StatList'> 140401224015312
DEBUG:root:Failed!
DEBUG:root:<class 'ir2.FunctionDef'> 'flatten' is not in list
DEBUG:root:<class 'ir2.DefinitionList'> 'flatten' is not in list
DEBUG:root:<class 'ir2.Block'> 'flatten' is not in list
DEBUG:root:
 <class 'ir2.Block'> 140401224012560 {
	<class 'ir2.DefinitionList'> 140401223965840 {
		<class 'ir2.FunctionDef'> 140401224012496 {
			function square 
			<class 'ir2.StatList'> 140401224015312 {
				<class 'ir2.FunctionPrologueStat'> 140401224014032 {
				}
				<class 'ir2.Block'> 140401223966288 {
					<class 'ir2.DefinitionList'> 140401223966224 {
					}
					<class 'ir2.StatList'> 140401223966480 {
						<class 'ir2.LoadStat'> 140401224015568 {
							int int12 register
							int x 
						}
						<class 'ir2.LoadStat'> 140401224015632 {
							int int13 register
							int x 
						}
						<class 'ir2.BinStat'> 140401224015696 {
							'times'
							int int14 register
							int int12 register
							int int13 register
						}
						<class 'ir2.StoreStat'> 140401224015376 {
							int squ 
							int int14 register
						}
					}
				}
				<class 'ir2.ReturnStat'> 140401224012432 {
				}
			}
		}
	}
	<class 'ir2.StatList'> 140401224012624 {
		main : <class 'ir2.FunctionPrologueStat'> 140401224013840 {
		}
		<class 'ir2.LoadStat'> 140401224014096 {
			int int4 register
			int int1 1 const 
		}
		<class 'ir2.StoreStat'> 140401224013968 {
			int x 
			int int4 register
		}
		label2 : <class 'ir2.LoadStat'> 140401224014416 {
			int int5 register
			int x 
		}
		<class 'ir2.LoadStat'> 140401224014480 {
			int int6 register
			int int2 10 const 
		}
		<class 'ir2.BinStat'> 140401224014544 {
			'leq'
			int int7 register
			int int5 register
			int int6 register
		}
		<class 'ir2.BranchStat'> 140401224015120 {
			'gtr'
			int int11 register
			label label1
		}
		<class 'ir2.CallStat'> 140401224013264 {
			<class 'ir2.BranchLinkStat'> 140401224014736 {
				None
				None
				function square 
			}
		}
		<class 'ir2.LoadStat'> 140401224014864 {
			int int8 register
			int x 
		}
		<class 'ir2.LoadStat'> 140401224014928 {
			int int9 register
			int int3 1 const 
		}
		<class 'ir2.BinStat'> 140401224014992 {
			'plus'
			int int10 register
			int int8 register
			int int9 register
		}
		<class 'ir2.StoreStat'> 140401224013200 {
			int x 
			int int10 register
		}
		<class 'ir2.PrintStat'> 140401224013776 {
			int squ 
		}
		<class 'ir2.BranchStat'> 140401224015184 {
			None
			None
			label label2
		}
		label1 : <class 'ir2.EmptyStat'> 140401224013712 {
		}
		<class 'ir2.ReturnStat'> 140401224015824 {
		}
	}
} 

DEBUG:root:Data Layout <class 'ir2.Block'> 140401224012560
DEBUG:root:Failed!
DEBUG:root:<class 'ir2.StatList'> 'NoneType' object is not callable
DEBUG:root:<class 'ir2.FunctionPrologueStat'> 'dataLayout' is not in list
DEBUG:root:<class 'ir2.LoadStat'> 'dataLayout' is not in list
DEBUG:root:<class 'ir2.StoreStat'> 'dataLayout' is not in list
DEBUG:root:<class 'ir2.LoadStat'> 'dataLayout' is not in list
DEBUG:root:<class 'ir2.LoadStat'> 'dataLayout' is not in list
DEBUG:root:<class 'ir2.BinStat'> 'dataLayout' is not in list
DEBUG:root:<class 'ir2.BranchStat'> 'dataLayout' is not in list
DEBUG:root:<class 'ir2.CallStat'> 'dataLayout' is not in list
DEBUG:root:<class 'ir2.BranchLinkStat'> 'dataLayout' is not in list
DEBUG:root:<class 'ir2.LoadStat'> 'dataLayout' is not in list
DEBUG:root:<class 'ir2.LoadStat'> 'dataLayout' is not in list
DEBUG:root:<class 'ir2.BinStat'> 'dataLayout' is not in list
DEBUG:root:<class 'ir2.StoreStat'> 'dataLayout' is not in list
DEBUG:root:<class 'ir2.PrintStat'> 'dataLayout' is not in list
DEBUG:root:<class 'ir2.BranchStat'> 'dataLayout' is not in list
DEBUG:root:<class 'ir2.EmptyStat'> 'dataLayout' is not in list
DEBUG:root:<class 'ir2.ReturnStat'> 'dataLayout' is not in list
DEBUG:root:<class 'ir2.DefinitionList'> 'dataLayout' is not in list
DEBUG:root:<class 'ir2.FunctionDef'> 'dataLayout' is not in list
DEBUG:root:<class 'ir2.StatList'> 'NoneType' object is not callable
DEBUG:root:<class 'ir2.FunctionPrologueStat'> 'dataLayout' is not in list
DEBUG:root:Data Layout <class 'ir2.Block'> 140401223966288
DEBUG:root:Failed!
DEBUG:root:<class 'ir2.StatList'> 'NoneType' object is not callable
DEBUG:root:<class 'ir2.LoadStat'> 'dataLayout' is not in list
DEBUG:root:<class 'ir2.LoadStat'> 'dataLayout' is not in list
DEBUG:root:<class 'ir2.BinStat'> 'dataLayout' is not in list
DEBUG:root:<class 'ir2.StoreStat'> 'dataLayout' is not in list
DEBUG:root:<class 'ir2.DefinitionList'> 'dataLayout' is not in list
DEBUG:root:<class 'ir2.ReturnStat'> 'dataLayout' is not in list
DEBUG:root:Uses of main : <class 'ir2.FunctionPrologueStat'> 140401224013840 {
}: []
DEBUG:root:Uses of <class 'ir2.LoadStat'> 140401224014096 {
	int int4 register
	int int1 1 const 
}: []
DEBUG:root:Uses of <class 'ir2.StoreStat'> 140401224013968 {
	int x global
	int int4 register
}: [int int4 register]
DEBUG:root:Uses of <class 'ir2.StoreStat'> 140401224013968 {
	int x global
	int int4 register
}: [int int4 register]
DEBUG:root:Uses of <class 'ir2.LoadStat'> 140401224014096 {
	int int4 register
	int int1 1 const 
}: []
DEBUG:root:Uses of main : <class 'ir2.FunctionPrologueStat'> 140401224013840 {
}: []
DEBUG:root:Uses of label2 : <class 'ir2.LoadStat'> 140401224014416 {
	int int5 register
	int x global
}: []
DEBUG:root:Uses of <class 'ir2.LoadStat'> 140401224014480 {
	int int6 register
	int int2 10 const 
}: []
DEBUG:root:Uses of <class 'ir2.BinStat'> 140401224014544 {
	'leq'
	int int7 register
	int int5 register
	int int6 register
}: [int int5 register, int int6 register]
DEBUG:root:Uses of <class 'ir2.BranchStat'> 140401224015120 {
	'gtr'
	int int11 register
	label label1
}: [int int11 register]
DEBUG:root:Uses of <class 'ir2.BranchStat'> 140401224015120 {
	'gtr'
	int int11 register
	label label1
}: [int int11 register]
DEBUG:root:Uses of <class 'ir2.BinStat'> 140401224014544 {
	'leq'
	int int7 register
	int int5 register
	int int6 register
}: [int int5 register, int int6 register]
DEBUG:root:Uses of <class 'ir2.LoadStat'> 140401224014480 {
	int int6 register
	int int2 10 const 
}: []
DEBUG:root:Uses of label2 : <class 'ir2.LoadStat'> 140401224014416 {
	int int5 register
	int x global
}: []
DEBUG:root:Uses of <class 'ir2.CallStat'> 140401224013264 {
	<class 'ir2.BranchLinkStat'> 140401224014736 {
		None
		None
		function square 
	}
}: []
DEBUG:root:Uses of <class 'ir2.CallStat'> 140401224013264 {
	<class 'ir2.BranchLinkStat'> 140401224014736 {
		None
		None
		function square 
	}
}: []
DEBUG:root:Uses of <class 'ir2.LoadStat'> 140401224014864 {
	int int8 register
	int x global
}: []
DEBUG:root:Uses of <class 'ir2.LoadStat'> 140401224014928 {
	int int9 register
	int int3 1 const 
}: []
DEBUG:root:Uses of <class 'ir2.BinStat'> 140401224014992 {
	'plus'
	int int10 register
	int int8 register
	int int9 register
}: [int int8 register, int int9 register]
DEBUG:root:Uses of <class 'ir2.StoreStat'> 140401224013200 {
	int x global
	int int10 register
}: [int int10 register]
DEBUG:root:Uses of <class 'ir2.PrintStat'> 140401224013776 {
	int squ global
}: []
DEBUG:root:Uses of <class 'ir2.BranchStat'> 140401224015184 {
	None
	None
	label label2
}: [None]
DEBUG:root:Uses of <class 'ir2.BranchStat'> 140401224015184 {
	None
	None
	label label2
}: [None]
DEBUG:root:Uses of <class 'ir2.PrintStat'> 140401224013776 {
	int squ global
}: []
DEBUG:root:Uses of <class 'ir2.StoreStat'> 140401224013200 {
	int x global
	int int10 register
}: [int int10 register]
DEBUG:root:Uses of <class 'ir2.BinStat'> 140401224014992 {
	'plus'
	int int10 register
	int int8 register
	int int9 register
}: [int int8 register, int int9 register]
DEBUG:root:Uses of <class 'ir2.LoadStat'> 140401224014928 {
	int int9 register
	int int3 1 const 
}: []
DEBUG:root:Uses of <class 'ir2.LoadStat'> 140401224014864 {
	int int8 register
	int x global
}: []
DEBUG:root:Uses of label1 : <class 'ir2.EmptyStat'> 140401224013712 {
}: []
DEBUG:root:Uses of <class 'ir2.ReturnStat'> 140401224015824 {
}: []
DEBUG:root:Uses of <class 'ir2.ReturnStat'> 140401224015824 {
}: []
DEBUG:root:Uses of label1 : <class 'ir2.EmptyStat'> 140401224013712 {
}: []
DEBUG:root:Uses of <class 'ir2.FunctionPrologueStat'> 140401224014032 {
}: []
DEBUG:root:Uses of <class 'ir2.Block'> 140401223966288 {
	<class 'ir2.DefinitionList'> 140401223966224 {
	}
	<class 'ir2.StatList'> 140401223966480 {
		<class 'ir2.LoadStat'> 140401224015568 {
			int int12 register
			int x global
		}
		<class 'ir2.LoadStat'> 140401224015632 {
			int int13 register
			int x global
		}
		<class 'ir2.BinStat'> 140401224015696 {
			'times'
			int int14 register
			int int12 register
			int int13 register
		}
		<class 'ir2.StoreStat'> 140401224015376 {
			int squ global
			int int14 register
		}
	}
}: []
DEBUG:root:Uses of <class 'ir2.ReturnStat'> 140401224012432 {
}: []
DEBUG:root:Uses of <class 'ir2.ReturnStat'> 140401224012432 {
}: []
DEBUG:root:Uses of <class 'ir2.Block'> 140401223966288 {
	<class 'ir2.DefinitionList'> 140401223966224 {
	}
	<class 'ir2.StatList'> 140401223966480 {
		<class 'ir2.LoadStat'> 140401224015568 {
			int int12 register
			int x global
		}
		<class 'ir2.LoadStat'> 140401224015632 {
			int int13 register
			int x global
		}
		<class 'ir2.BinStat'> 140401224015696 {
			'times'
			int int14 register
			int int12 register
			int int13 register
		}
		<class 'ir2.StoreStat'> 140401224015376 {
			int squ global
			int int14 register
		}
	}
}: []
DEBUG:root:Uses of <class 'ir2.FunctionPrologueStat'> 140401224014032 {
}: []
DEBUG:root:Uses of <class 'ir2.LoadStat'> 140401224015568 {
	int int12 register
	int x global
}: []
DEBUG:root:Uses of <class 'ir2.LoadStat'> 140401224015632 {
	int int13 register
	int x global
}: []
DEBUG:root:Uses of <class 'ir2.BinStat'> 140401224015696 {
	'times'
	int int14 register
	int int12 register
	int int13 register
}: [int int12 register, int int13 register]
DEBUG:root:Uses of <class 'ir2.StoreStat'> 140401224015376 {
	int squ global
	int int14 register
}: [int int14 register]
DEBUG:root:Uses of <class 'ir2.StoreStat'> 140401224015376 {
	int squ global
	int int14 register
}: [int int14 register]
DEBUG:root:Uses of <class 'ir2.BinStat'> 140401224015696 {
	'times'
	int int14 register
	int int12 register
	int int13 register
}: [int int12 register, int int13 register]
DEBUG:root:Uses of <class 'ir2.LoadStat'> 140401224015632 {
	int int13 register
	int x global
}: []
DEBUG:root:Uses of <class 'ir2.LoadStat'> 140401224015568 {
	int int12 register
	int x global
}: []
DEBUG:root:Registers: set([int int5 register, int int9 register, int int6 register, int int10 register, int int14 register, int int11 register, int int12 register, int int13 register, int int8 register, int int4 register])
DEBUG:root:Interference Graph: set([(int int13 register, int int12 register), (int int5 register, int int11 register), (int int11 register, int int5 register), (int int9 register, int int8 register), (int int5 register, int int6 register), (int int11 register, int int6 register), (int int12 register, int int13 register), (int int6 register, int int5 register), (int int8 register, int int9 register), (int int6 register, int int11 register)])
INFO:root:Generating code for <class 'ir2.Block'> 140401224012560
INFO:root:Generating code for <class 'ir2.StatList'> 140401224012624
INFO:root:Generating code for <class 'ir2.FunctionPrologueStat'> 140401224013840
INFO:root:Generating code for <class 'ir2.LoadStat'> 140401224014096
INFO:root:Generating code for <class 'ir2.StoreStat'> 140401224013968
INFO:root:Generating code for <class 'ir2.LoadStat'> 140401224014416
INFO:root:Generating code for <class 'ir2.LoadStat'> 140401224014480
INFO:root:Generating code for <class 'ir2.BinStat'> 140401224014544
INFO:root:Generating code for <class 'ir2.BranchStat'> 140401224015120
INFO:root:Generating code for <class 'ir2.CallStat'> 140401224013264
INFO:root:Generating code for <class 'ir2.BranchLinkStat'> 140401224014736
INFO:root:Generating code for <class 'ir2.LoadStat'> 140401224014864
INFO:root:Generating code for <class 'ir2.LoadStat'> 140401224014928
INFO:root:Generating code for <class 'ir2.BinStat'> 140401224014992
INFO:root:Generating code for <class 'ir2.StoreStat'> 140401224013200
INFO:root:Generating code for <class 'ir2.PrintStat'> 140401224013776
INFO:root:Generating code for <class 'ir2.BranchStat'> 140401224015184
INFO:root:Generating code for <class 'ir2.EmptyStat'> 140401224013712
INFO:root:Generating code for <class 'ir2.ReturnStat'> 140401224015824
INFO:root:Generating code for <class 'ir2.DefinitionList'> 140401223965840
INFO:root:Generating code for <class 'ir2.FunctionDef'> 140401224012496
INFO:root:Generating code for <class 'ir2.StatList'> 140401224015312
INFO:root:Generating code for <class 'ir2.FunctionPrologueStat'> 140401224014032
INFO:root:Generating code for <class 'ir2.Block'> 140401223966288
INFO:root:Generating code for <class 'ir2.StatList'> 140401223966480
INFO:root:Generating code for <class 'ir2.LoadStat'> 140401224015568
INFO:root:Generating code for <class 'ir2.LoadStat'> 140401224015632
INFO:root:Generating code for <class 'ir2.BinStat'> 140401224015696
INFO:root:Generating code for <class 'ir2.StoreStat'> 140401224015376
INFO:root:Generating code for <class 'ir2.DefinitionList'> 140401223966224
INFO:root:Generating code for <class 'ir2.ReturnStat'> 140401224012432
DEBUG:root:
*********************************************
	Starting debug with standard test program
*********************************************

DEBUG:root:start <function program at 0x7f4204cabde8>
DEBUG:root:getsym: varsym var
DEBUG:root:start <function block at 0x7f4204cabcf8>
DEBUG:root:accepting constsym == varsym
DEBUG:root:accepting varsym == varsym
DEBUG:root:getsym: ident x
DEBUG:root:expecting ident
DEBUG:root:accepting ident == ident
DEBUG:root:getsym: comma ,
DEBUG:root:accepting comma == comma
DEBUG:root:getsym: ident squ
DEBUG:root:expecting ident
DEBUG:root:accepting ident == ident
DEBUG:root:getsym: semicolon ;
DEBUG:root:accepting comma == semicolon
DEBUG:root:expecting semicolon
DEBUG:root:accepting semicolon == semicolon
DEBUG:root:getsym: procsym procedure
DEBUG:root:accepting procsym == procsym
DEBUG:root:getsym: ident square
DEBUG:root:expecting ident
DEBUG:root:accepting ident == ident
DEBUG:root:getsym: semicolon ;
DEBUG:root:expecting semicolon
DEBUG:root:accepting semicolon == semicolon
DEBUG:root:getsym: beginsym begin
DEBUG:root:start <function block at 0x7f4204cabcf8>
DEBUG:root:accepting constsym == beginsym
DEBUG:root:accepting varsym == beginsym
DEBUG:root:accepting procsym == beginsym
DEBUG:root:start <function statement at 0x7f4204cabc08>
DEBUG:root:accepting ident == beginsym
DEBUG:root:accepting callsym == beginsym
DEBUG:root:accepting beginsym == beginsym
DEBUG:root:getsym: ident squ
DEBUG:root:StatList : new 139921504239312
DEBUG:root:start <function statement at 0x7f4204cabc08>
DEBUG:root:accepting ident == ident
DEBUG:root:getsym: becomes :=
DEBUG:root:Looking up squ
DEBUG:root:Looking up in parent
DEBUG:root:Looking up squ
DEBUG:root:expecting becomes
DEBUG:root:accepting becomes == becomes
DEBUG:root:getsym: ident x
DEBUG:root:start <function expression at 0x7f4204caba28>
DEBUG:root:start <function term at 0x7f4204cab938>
DEBUG:root:start <function factor at 0x7f4204cab848>
DEBUG:root:accepting ident == ident
DEBUG:root:getsym: times *
DEBUG:root:Looking up x
DEBUG:root:Looking up in parent
DEBUG:root:Looking up x
DEBUG:root:end <function factor at 0x7f4204cab848>
DEBUG:root:getsym: ident x
DEBUG:root:start <function factor at 0x7f4204cab848>
DEBUG:root:accepting ident == ident
DEBUG:root:getsym: endsym end
DEBUG:root:Looking up x
DEBUG:root:Looking up in parent
DEBUG:root:Looking up x
DEBUG:root:end <function factor at 0x7f4204cab848>
DEBUG:root:end <function term at 0x7f4204cab938>
DEBUG:root:end <function expression at 0x7f4204caba28>
DEBUG:root:end <function statement at 0x7f4204cabc08>
DEBUG:root:StatList: appending 139921504289360 of type <class 'ir2.AssignStat'> to 139921504239312
DEBUG:root:accepting semicolon == endsym
DEBUG:root:expecting endsym
DEBUG:root:accepting endsym == endsym
DEBUG:root:getsym: semicolon ;
DEBUG:root:StatList 139921504239312 : [
DEBUG:root:139921504289360 
DEBUG:root:]
DEBUG:root:end <function statement at 0x7f4204cabc08>
DEBUG:root:end <function block at 0x7f4204cabcf8>
DEBUG:root:expecting semicolon
DEBUG:root:accepting semicolon == semicolon
DEBUG:root:getsym: beginsym begin
DEBUG:root:Looking up square
DEBUG:root:accepting procsym == beginsym
DEBUG:root:start <function statement at 0x7f4204cabc08>
DEBUG:root:accepting ident == beginsym
DEBUG:root:accepting callsym == beginsym
DEBUG:root:accepting beginsym == beginsym
DEBUG:root:getsym: ident x
DEBUG:root:StatList : new 139921504289552
DEBUG:root:start <function statement at 0x7f4204cabc08>
DEBUG:root:accepting ident == ident
DEBUG:root:getsym: becomes :=
DEBUG:root:Looking up x
DEBUG:root:expecting becomes
DEBUG:root:accepting becomes == becomes
DEBUG:root:getsym: number 1
DEBUG:root:start <function expression at 0x7f4204caba28>
DEBUG:root:start <function term at 0x7f4204cab938>
DEBUG:root:start <function factor at 0x7f4204cab848>
DEBUG:root:accepting ident == number
DEBUG:root:accepting number == number
DEBUG:root:getsym: semicolon ;
DEBUG:root:end <function factor at 0x7f4204cab848>
DEBUG:root:end <function term at 0x7f4204cab938>
DEBUG:root:end <function expression at 0x7f4204caba28>
DEBUG:root:end <function statement at 0x7f4204cabc08>
DEBUG:root:StatList: appending 139921504289744 of type <class 'ir2.AssignStat'> to 139921504289552
DEBUG:root:accepting semicolon == semicolon
DEBUG:root:getsym: whilesym while
DEBUG:root:start <function statement at 0x7f4204cabc08>
DEBUG:root:accepting ident == whilesym
DEBUG:root:accepting callsym == whilesym
DEBUG:root:accepting beginsym == whilesym
DEBUG:root:accepting ifsym == whilesym
DEBUG:root:accepting whilesym == whilesym
DEBUG:root:getsym: ident x
DEBUG:root:start <function condition at 0x7f4204cabb18>
DEBUG:root:accepting oddsym == ident
DEBUG:root:start <function expression at 0x7f4204caba28>
DEBUG:root:start <function term at 0x7f4204cab938>
DEBUG:root:start <function factor at 0x7f4204cab848>
DEBUG:root:accepting ident == ident
DEBUG:root:getsym: leq <=
DEBUG:root:Looking up x
DEBUG:root:end <function factor at 0x7f4204cab848>
DEBUG:root:end <function term at 0x7f4204cab938>
DEBUG:root:end <function expression at 0x7f4204caba28>
DEBUG:root:getsym: number 10
DEBUG:root:condition operator leq number
DEBUG:root:start <function expression at 0x7f4204caba28>
DEBUG:root:start <function term at 0x7f4204cab938>
DEBUG:root:start <function factor at 0x7f4204cab848>
DEBUG:root:accepting ident == number
DEBUG:root:accepting number == number
DEBUG:root:getsym: dosym do
DEBUG:root:end <function factor at 0x7f4204cab848>
DEBUG:root:end <function term at 0x7f4204cab938>
DEBUG:root:end <function expression at 0x7f4204caba28>
DEBUG:root:end <function condition at 0x7f4204cabb18>
DEBUG:root:expecting dosym
DEBUG:root:accepting dosym == dosym
DEBUG:root:getsym: beginsym begin
DEBUG:root:start <function statement at 0x7f4204cabc08>
DEBUG:root:accepting ident == beginsym
DEBUG:root:accepting callsym == beginsym
DEBUG:root:accepting beginsym == beginsym
DEBUG:root:getsym: callsym call
DEBUG:root:StatList : new 139921504290064
DEBUG:root:start <function statement at 0x7f4204cabc08>
DEBUG:root:accepting ident == callsym
DEBUG:root:accepting callsym == callsym
DEBUG:root:getsym: ident square
DEBUG:root:expecting ident
DEBUG:root:accepting ident == ident
DEBUG:root:getsym: semicolon ;
DEBUG:root:Looking up square
DEBUG:root:end <function statement at 0x7f4204cabc08>
DEBUG:root:StatList: appending 139921504290192 of type <class 'ir2.CallStat'> to 139921504290064
DEBUG:root:accepting semicolon == semicolon
DEBUG:root:getsym: ident x
DEBUG:root:start <function statement at 0x7f4204cabc08>
DEBUG:root:accepting ident == ident
DEBUG:root:getsym: becomes :=
DEBUG:root:Looking up x
DEBUG:root:expecting becomes
DEBUG:root:accepting becomes == becomes
DEBUG:root:getsym: ident x
DEBUG:root:start <function expression at 0x7f4204caba28>
DEBUG:root:start <function term at 0x7f4204cab938>
DEBUG:root:start <function factor at 0x7f4204cab848>
DEBUG:root:accepting ident == ident
DEBUG:root:getsym: plus +
DEBUG:root:Looking up x
DEBUG:root:end <function factor at 0x7f4204cab848>
DEBUG:root:end <function term at 0x7f4204cab938>
DEBUG:root:getsym: number 1
DEBUG:root:start <function term at 0x7f4204cab938>
DEBUG:root:start <function factor at 0x7f4204cab848>
DEBUG:root:accepting ident == number
DEBUG:root:accepting number == number
DEBUG:root:getsym: semicolon ;
DEBUG:root:end <function factor at 0x7f4204cab848>
DEBUG:root:end <function term at 0x7f4204cab938>
DEBUG:root:end <function expression at 0x7f4204caba28>
DEBUG:root:end <function statement at 0x7f4204cabc08>
DEBUG:root:StatList: appending 139921504290640 of type <class 'ir2.AssignStat'> to 139921504290064
DEBUG:root:accepting semicolon == semicolon
DEBUG:root:getsym: print !
DEBUG:root:start <function statement at 0x7f4204cabc08>
DEBUG:root:accepting ident == print
DEBUG:root:accepting callsym == print
DEBUG:root:accepting beginsym == print
DEBUG:root:accepting ifsym == print
DEBUG:root:accepting whilesym == print
DEBUG:root:accepting print == print
DEBUG:root:getsym: ident squ
DEBUG:root:expecting ident
DEBUG:root:accepting ident == ident
DEBUG:root:getsym: endsym end
DEBUG:root:Looking up squ
DEBUG:root:end <function statement at 0x7f4204cabc08>
DEBUG:root:StatList: appending 139921504290704 of type <class 'ir2.PrintStat'> to 139921504290064
DEBUG:root:accepting semicolon == endsym
DEBUG:root:expecting endsym
DEBUG:root:accepting endsym == endsym
DEBUG:root:getsym: endsym end
DEBUG:root:StatList 139921504290064 : [
DEBUG:root:139921504290192 
DEBUG:root:139921504290640 
DEBUG:root:139921504290704 
DEBUG:root:]
DEBUG:root:end <function statement at 0x7f4204cabc08>
DEBUG:root:end <function statement at 0x7f4204cabc08>
DEBUG:root:StatList: appending 139921504290768 of type <class 'ir2.WhileStat'> to 139921504289552
DEBUG:root:accepting semicolon == endsym
DEBUG:root:expecting endsym
DEBUG:root:accepting endsym == endsym
DEBUG:root:getsym: period .
DEBUG:root:StatList 139921504289552 : [
DEBUG:root:139921504289744 
DEBUG:root:139921504290768 
DEBUG:root:]
DEBUG:root:end <function statement at 0x7f4204cabc08>
DEBUG:root:end <function block at 0x7f4204cabcf8>
DEBUG:root:expecting period
DEBUG:root:accepting period == period
DEBUG:root:end <function program at 0x7f4204cabde8>
DEBUG:root:
 <class 'ir2.Block'> 139921504289488 {
	<class 'ir2.DefinitionList'> 139921504238672 {
		<class 'ir2.FunctionDef'> 139921504289424 {
			function square 
			<class 'ir2.Block'> 139921504239120 {
				<class 'ir2.DefinitionList'> 139921504239056 {
				}
				<class 'ir2.StatList'> 139921504239312 {
					<class 'ir2.AssignStat'> 139921504289360 {
						int squ 
						<class 'ir2.BinExpr'> 139921504289296 {
							'times'
							<class 'ir2.Var'> 139921504289104 {
								int x 
							}
							<class 'ir2.Var'> 139921504289232 {
								int x 
							}
						}
					}
				}
			}
		}
	}
	<class 'ir2.StatList'> 139921504289552 {
		<class 'ir2.AssignStat'> 139921504289744 {
			int x 
			<class 'ir2.Const'> 139921504289616 {
				int int1 1 const 
			}
		}
		<class 'ir2.WhileStat'> 139921504290768 {
			<class 'ir2.BinExpr'> 139921504290000 {
				'leq'
				<class 'ir2.Var'> 139921504289808 {
					int x 
				}
				<class 'ir2.Const'> 139921504289872 {
					int int2 10 const 
				}
			}
			<class 'ir2.StatList'> 139921504290064 {
				<class 'ir2.CallStat'> 139921504290192 {
					<class 'ir2.CallExpr'> 139921504290128 {
						function square 
					}
				}
				<class 'ir2.AssignStat'> 139921504290640 {
					int x 
					<class 'ir2.BinExpr'> 139921504290576 {
						'plus'
						<class 'ir2.Var'> 139921504290320 {
							int x 
						}
						<class 'ir2.Const'> 139921504290448 {
							int int3 1 const 
						}
					}
				}
				<class 'ir2.PrintStat'> 139921504290704 {
					int squ 
				}
			}
		}
	}
} 

DEBUG:root:Lowering <class 'ir2.Const'> 139921504289616
DEBUG:root:StatList : new 139921504291152
DEBUG:root:Lowering <class 'ir2.AssignStat'> 139921504289744
DEBUG:root:Lowering <class 'ir2.Var'> 139921504289808
DEBUG:root:Lowering <class 'ir2.Const'> 139921504289872
DEBUG:root:StatList : new 139921504291536
DEBUG:root:Lowering <class 'ir2.BinExpr'> 139921504290000
DEBUG:root:Lowering <class 'ir2.CallExpr'> 139921504290128
DEBUG:root:Cannot lower <class 'ir2.CallStat'> 'lower' is not in list
DEBUG:root:Lowering <class 'ir2.Var'> 139921504290320
DEBUG:root:Lowering <class 'ir2.Const'> 139921504290448
DEBUG:root:StatList : new 139921504291984
DEBUG:root:Lowering <class 'ir2.BinExpr'> 139921504290576
DEBUG:root:StatList : new 139921504290448
DEBUG:root:Lowering <class 'ir2.AssignStat'> 139921504290640
DEBUG:root:Cannot lower <class 'ir2.PrintStat'> 'lower' is not in list
DEBUG:root:Cannot lower <class 'ir2.StatList'> 'NoneType' object is not callable
DEBUG:root:None attached to <class 'ir2.StatList'> 139921504291536 {
	label2 : <class 'ir2.LoadStat'> 139921504291344 {
		int int5 register
		int x 
	}
	<class 'ir2.LoadStat'> 139921504291408 {
		int int6 register
		int int2 10 const 
	}
	<class 'ir2.BinStat'> 139921504291472 {
		'leq'
		int int7 register
		int int5 register
		int int6 register
	}
}
DEBUG:root:StatList : new 139921504292176
DEBUG:root:Lowering <class 'ir2.WhileStat'> 139921504290768
DEBUG:root:Cannot lower <class 'ir2.StatList'> 'NoneType' object is not callable
DEBUG:root:Lowering <class 'ir2.Var'> 139921504289104
DEBUG:root:Lowering <class 'ir2.Var'> 139921504289232
DEBUG:root:StatList : new 139921504292688
DEBUG:root:Lowering <class 'ir2.BinExpr'> 139921504289296
DEBUG:root:StatList : new 139921504289232
DEBUG:root:Lowering <class 'ir2.AssignStat'> 139921504289360
DEBUG:root:Cannot lower <class 'ir2.StatList'> 'NoneType' object is not callable
DEBUG:root:Cannot lower <class 'ir2.DefinitionList'> 'lower' is not in list
DEBUG:root:Lowering <class 'ir2.Block'> 139921504239120
DEBUG:root:Failed!
DEBUG:root:StatList : new 139921504292240
DEBUG:root:Lowering <class 'ir2.FunctionDef'> 139921504289424
DEBUG:root:Failed!
DEBUG:root:Cannot lower <class 'ir2.DefinitionList'> 'lower' is not in list
DEBUG:root:StatList: inserting 139921504290768 of type <class 'ir2.FunctionPrologueStat'> into 139921504289552
DEBUG:root:StatList: appending 139921504292752 of type <class 'ir2.ReturnStat'> to 139921504289552
DEBUG:root:Lowering <class 'ir2.Block'> 139921504289488
DEBUG:root:Failed!
DEBUG:root:<class 'ir2.FunctionPrologueStat'> 'flatten' is not in list
DEBUG:root:<class 'ir2.LoadStat'> 'flatten' is not in list
DEBUG:root:<class 'ir2.StoreStat'> 'flatten' is not in list
DEBUG:root:Flattening 139921504291152 into 139921504289552
DEBUG:root:Flattening <class 'ir2.StatList'> 139921504291152
DEBUG:root:<class 'ir2.LoadStat'> 'flatten' is not in list
DEBUG:root:<class 'ir2.LoadStat'> 'flatten' is not in list
DEBUG:root:<class 'ir2.BinStat'> 'flatten' is not in list
DEBUG:root:Flattening 139921504291536 into 139921504292176
DEBUG:root:Flattening <class 'ir2.StatList'> 139921504291536
DEBUG:root:<class 'ir2.BranchStat'> 'flatten' is not in list
DEBUG:root:<class 'ir2.BranchLinkStat'> 'flatten' is not in list
DEBUG:root:<class 'ir2.CallStat'> 'flatten' is not in list
DEBUG:root:<class 'ir2.LoadStat'> 'flatten' is not in list
DEBUG:root:<class 'ir2.LoadStat'> 'flatten' is not in list
DEBUG:root:<class 'ir2.BinStat'> 'flatten' is not in list
DEBUG:root:Flattening 139921504291984 into 139921504290448
DEBUG:root:Flattening <class 'ir2.StatList'> 139921504291984
DEBUG:root:<class 'ir2.StoreStat'> 'flatten' is not in list
DEBUG:root:Flattening 139921504290448 into 139921504290064
DEBUG:root:Flattening <class 'ir2.StatList'> 139921504290448
DEBUG:root:<class 'ir2.PrintStat'> 'flatten' is not in list
DEBUG:root:Flattening 139921504290064 into 139921504292176
DEBUG:root:Flattening <class 'ir2.StatList'> 139921504290064
DEBUG:root:<class 'ir2.BranchStat'> 'flatten' is not in list
DEBUG:root:<class 'ir2.EmptyStat'> 'flatten' is not in list
DEBUG:root:Flattening 139921504292176 into 139921504289552
DEBUG:root:Flattening <class 'ir2.StatList'> 139921504292176
DEBUG:root:<class 'ir2.ReturnStat'> 'flatten' is not in list
DEBUG:root:Not flattening 139921504289552 into 93858921416032 of type <type 'NoneType'>
DEBUG:root:Flattening <class 'ir2.StatList'> 139921504289552
DEBUG:root:Failed!
DEBUG:root:<class 'ir2.FunctionPrologueStat'> 'flatten' is not in list
DEBUG:root:<class 'ir2.LoadStat'> 'flatten' is not in list
DEBUG:root:<class 'ir2.LoadStat'> 'flatten' is not in list
DEBUG:root:<class 'ir2.BinStat'> 'flatten' is not in list
DEBUG:root:Flattening 139921504292688 into 139921504289232
DEBUG:root:Flattening <class 'ir2.StatList'> 139921504292688
DEBUG:root:<class 'ir2.StoreStat'> 'flatten' is not in list
DEBUG:root:Flattening 139921504289232 into 139921504239312
DEBUG:root:Flattening <class 'ir2.StatList'> 139921504289232
DEBUG:root:Not flattening 139921504239312 into 93858921416032 of type <type 'NoneType'>
DEBUG:root:Flattening <class 'ir2.StatList'> 139921504239312
DEBUG:root:Failed!
DEBUG:root:<class 'ir2.DefinitionList'> 'flatten' is not in list
DEBUG:root:<class 'ir2.Block'> 'flatten' is not in list
DEBUG:root:<class 'ir2.ReturnStat'> 'flatten' is not in list
DEBUG:root:Not flattening 139921504292240 into 139921504289424 of type <class 'ir2.FunctionDef'>
DEBUG:root:Flattening <class 'ir2.StatList'> 139921504292240
DEBUG:root:Failed!
DEBUG:root:<class 'ir2.FunctionDef'> 'flatten' is not in list
DEBUG:root:<class 'ir2.DefinitionList'> 'flatten' is not in list
DEBUG:root:<class 'ir2.Block'> 'flatten' is not in list
DEBUG:root:
 <class 'ir2.Block'> 139921504289488 {
	<class 'ir2.DefinitionList'> 139921504238672 {
		<class 'ir2.FunctionDef'> 139921504289424 {
			function square 
			<class 'ir2.StatList'> 139921504292240 {
				<class 'ir2.FunctionPrologueStat'> 139921504290960 {
				}
				<class 'ir2.Block'> 139921504239120 {
					<class 'ir2.DefinitionList'> 139921504239056 {
					}
					<class 'ir2.StatList'> 139921504239312 {
						<class 'ir2.LoadStat'> 139921504292496 {
							int int12 register
							int x 
						}
						<class 'ir2.LoadStat'> 139921504292560 {
							int int13 register
							int x 
						}
						<class 'ir2.BinStat'> 139921504292624 {
							'times'
							int int14 register
							int int12 register
							int int13 register
						}
						<class 'ir2.StoreStat'> 139921504292304 {
							int squ 
							int int14 register
						}
					}
				}
				<class 'ir2.ReturnStat'> 139921504289360 {
				}
			}
		}
	}
	<class 'ir2.StatList'> 139921504289552 {
		main : <class 'ir2.FunctionPrologueStat'> 139921504290768 {
		}
		<class 'ir2.LoadStat'> 139921504291024 {
			int int4 register
			int int1 1 const 
		}
		<class 'ir2.StoreStat'> 139921504290896 {
			int x 
			int int4 register
		}
		label2 : <class 'ir2.LoadStat'> 139921504291344 {
			int int5 register
			int x 
		}
		<class 'ir2.LoadStat'> 139921504291408 {
			int int6 register
			int int2 10 const 
		}
		<class 'ir2.BinStat'> 139921504291472 {
			'leq'
			int int7 register
			int int5 register
			int int6 register
		}
		<class 'ir2.BranchStat'> 139921504292048 {
			'gtr'
			int int11 register
			label label1
		}
		<class 'ir2.CallStat'> 139921504290192 {
			<class 'ir2.BranchLinkStat'> 139921504291664 {
				None
				None
				function square 
			}
		}
		<class 'ir2.LoadStat'> 139921504291792 {
			int int8 register
			int x 
		}
		<class 'ir2.LoadStat'> 139921504291856 {
			int int9 register
			int int3 1 const 
		}
		<class 'ir2.BinStat'> 139921504291920 {
			'plus'
			int int10 register
			int int8 register
			int int9 register
		}
		<class 'ir2.StoreStat'> 139921504290128 {
			int x 
			int int10 register
		}
		<class 'ir2.PrintStat'> 139921504290704 {
			int squ 
		}
		<class 'ir2.BranchStat'> 139921504292112 {
			None
			None
			label label2
		}
		label1 : <class 'ir2.EmptyStat'> 139921504290640 {
		}
		<class 'ir2.ReturnStat'> 139921504292752 {
		}
	}
} 

DEBUG:root:Data Layout <class 'ir2.Block'> 139921504289488
DEBUG:root:Failed!
DEBUG:root:<class 'ir2.StatList'> 'NoneType' object is not callable
DEBUG:root:<class 'ir2.FunctionPrologueStat'> 'dataLayout' is not in list
DEBUG:root:<class 'ir2.LoadStat'> 'dataLayout' is not in list
DEBUG:root:<class 'ir2.StoreStat'> 'dataLayout' is not in list
DEBUG:root:<class 'ir2.LoadStat'> 'dataLayout' is not in list
DEBUG:root:<class 'ir2.LoadStat'> 'dataLayout' is not in list
DEBUG:root:<class 'ir2.BinStat'> 'dataLayout' is not in list
DEBUG:root:<class 'ir2.BranchStat'> 'dataLayout' is not in list
DEBUG:root:<class 'ir2.CallStat'> 'dataLayout' is not in list
DEBUG:root:<class 'ir2.BranchLinkStat'> 'dataLayout' is not in list
DEBUG:root:<class 'ir2.LoadStat'> 'dataLayout' is not in list
DEBUG:root:<class 'ir2.LoadStat'> 'dataLayout' is not in list
DEBUG:root:<class 'ir2.BinStat'> 'dataLayout' is not in list
DEBUG:root:<class 'ir2.StoreStat'> 'dataLayout' is not in list
DEBUG:root:<class 'ir2.PrintStat'> 'dataLayout' is not in list
DEBUG:root:<class 'ir2.BranchStat'> 'dataLayout' is not in list
DEBUG:root:<class 'ir2.EmptyStat'> 'dataLayout' is not in list
DEBUG:root:<class 'ir2.ReturnStat'> 'dataLayout' is not in list
DEBUG:root:<class 'ir2.DefinitionList'> 'dataLayout' is not in list
DEBUG:root:<class 'ir2.FunctionDef'> 'dataLayout' is not in list
DEBUG:root:<class 'ir2.StatList'> 'NoneType' object is not callable
DEBUG:root:<class 'ir2.FunctionPrologueStat'> 'dataLayout' is not in list
DEBUG:root:Data Layout <class 'ir2.Block'> 139921504239120
DEBUG:root:Failed!
DEBUG:root:<class 'ir2.StatList'> 'NoneType' object is not callable
DEBUG:root:<class 'ir2.LoadStat'> 'dataLayout' is not in list
DEBUG:root:<class 'ir2.LoadStat'> 'dataLayout' is not in list
DEBUG:root:<class 'ir2.BinStat'> 'dataLayout' is not in list
DEBUG:root:<class 'ir2.StoreStat'> 'dataLayout' is not in list
DEBUG:root:<class 'ir2.DefinitionList'> 'dataLayout' is not in list
DEBUG:root:<class 'ir2.ReturnStat'> 'dataLayout' is not in list
DEBUG:root:Uses of main : <class 'ir2.FunctionPrologueStat'> 139921504290768 {
}: []
DEBUG:root:Uses of <class 'ir2.LoadStat'> 139921504291024 {
	int int4 register
	int int1 1 const 
}: []
DEBUG:root:Uses of <class 'ir2.StoreStat'> 139921504290896 {
	int x global
	int int4 register
}: [int int4 register]
DEBUG:root:Uses of <class 'ir2.StoreStat'> 139921504290896 {
	int x global
	int int4 register
}: [int int4 register]
DEBUG:root:Uses of <class 'ir2.LoadStat'> 139921504291024 {
	int int4 register
	int int1 1 const 
}: []
DEBUG:root:Uses of main : <class 'ir2.FunctionPrologueStat'> 139921504290768 {
}: []
DEBUG:root:Uses of label2 : <class 'ir2.LoadStat'> 139921504291344 {
	int int5 register
	int x global
}: []
DEBUG:root:Uses of <class 'ir2.LoadStat'> 139921504291408 {
	int int6 register
	int int2 10 const 
}: []
DEBUG:root:Uses of <class 'ir2.BinStat'> 139921504291472 {
	'leq'
	int int7 register
	int int5 register
	int int6 register
}: [int int5 register, int int6 register]
DEBUG:root:Uses of <class 'ir2.BranchStat'> 139921504292048 {
	'gtr'
	int int11 register
	label label1
}: [int int11 register]
DEBUG:root:Uses of <class 'ir2.BranchStat'> 139921504292048 {
	'gtr'
	int int11 register
	label label1
}: [int int11 register]
DEBUG:root:Uses of <class 'ir2.BinStat'> 139921504291472 {
	'leq'
	int int7 register
	int int5 register
	int int6 register
}: [int int5 register, int int6 register]
DEBUG:root:Uses of <class 'ir2.LoadStat'> 139921504291408 {
	int int6 register
	int int2 10 const 
}: []
DEBUG:root:Uses of label2 : <class 'ir2.LoadStat'> 139921504291344 {
	int int5 register
	int x global
}: []
DEBUG:root:Uses of <class 'ir2.CallStat'> 139921504290192 {
	<class 'ir2.BranchLinkStat'> 139921504291664 {
		None
		None
		function square 
	}
}: []
DEBUG:root:Uses of <class 'ir2.CallStat'> 139921504290192 {
	<class 'ir2.BranchLinkStat'> 139921504291664 {
		None
		None
		function square 
	}
}: []
DEBUG:root:Uses of <class 'ir2.LoadStat'> 139921504291792 {
	int int8 register
	int x global
}: []
DEBUG:root:Uses of <class 'ir2.LoadStat'> 139921504291856 {
	int int9 register
	int int3 1 const 
}: []
DEBUG:root:Uses of <class 'ir2.BinStat'> 139921504291920 {
	'plus'
	int int10 register
	int int8 register
	int int9 register
}: [int int8 register, int int9 register]
DEBUG:root:Uses of <class 'ir2.StoreStat'> 139921504290128 {
	int x global
	int int10 register
}: [int int10 register]
DEBUG:root:Uses of <class 'ir2.PrintStat'> 139921504290704 {
	int squ global
}: []
DEBUG:root:Uses of <class 'ir2.BranchStat'> 139921504292112 {
	None
	None
	label label2
}: [None]
DEBUG:root:Uses of <class 'ir2.BranchStat'> 139921504292112 {
	None
	None
	label label2
}: [None]
DEBUG:root:Uses of <class 'ir2.PrintStat'> 139921504290704 {
	int squ global
}: []
DEBUG:root:Uses of <class 'ir2.StoreStat'> 139921504290128 {
	int x global
	int int10 register
}: [int int10 register]
DEBUG:root:Uses of <class 'ir2.BinStat'> 139921504291920 {
	'plus'
	int int10 register
	int int8 register
	int int9 register
}: [int int8 register, int int9 register]
DEBUG:root:Uses of <class 'ir2.LoadStat'> 139921504291856 {
	int int9 register
	int int3 1 const 
}: []
DEBUG:root:Uses of <class 'ir2.LoadStat'> 139921504291792 {
	int int8 register
	int x global
}: []
DEBUG:root:Uses of label1 : <class 'ir2.EmptyStat'> 139921504290640 {
}: []
DEBUG:root:Uses of <class 'ir2.ReturnStat'> 139921504292752 {
}: []
DEBUG:root:Uses of <class 'ir2.ReturnStat'> 139921504292752 {
}: []
DEBUG:root:Uses of label1 : <class 'ir2.EmptyStat'> 139921504290640 {
}: []
DEBUG:root:Uses of <class 'ir2.FunctionPrologueStat'> 139921504290960 {
}: []
DEBUG:root:Uses of <class 'ir2.Block'> 139921504239120 {
	<class 'ir2.DefinitionList'> 139921504239056 {
	}
	<class 'ir2.StatList'> 139921504239312 {
		<class 'ir2.LoadStat'> 139921504292496 {
			int int12 register
			int x global
		}
		<class 'ir2.LoadStat'> 139921504292560 {
			int int13 register
			int x global
		}
		<class 'ir2.BinStat'> 139921504292624 {
			'times'
			int int14 register
			int int12 register
			int int13 register
		}
		<class 'ir2.StoreStat'> 139921504292304 {
			int squ global
			int int14 register
		}
	}
}: []
DEBUG:root:Uses of <class 'ir2.ReturnStat'> 139921504289360 {
}: []
DEBUG:root:Uses of <class 'ir2.ReturnStat'> 139921504289360 {
}: []
DEBUG:root:Uses of <class 'ir2.Block'> 139921504239120 {
	<class 'ir2.DefinitionList'> 139921504239056 {
	}
	<class 'ir2.StatList'> 139921504239312 {
		<class 'ir2.LoadStat'> 139921504292496 {
			int int12 register
			int x global
		}
		<class 'ir2.LoadStat'> 139921504292560 {
			int int13 register
			int x global
		}
		<class 'ir2.BinStat'> 139921504292624 {
			'times'
			int int14 register
			int int12 register
			int int13 register
		}
		<class 'ir2.StoreStat'> 139921504292304 {
			int squ global
			int int14 register
		}
	}
}: []
DEBUG:root:Uses of <class 'ir2.FunctionPrologueStat'> 139921504290960 {
}: []
DEBUG:root:Uses of <class 'ir2.LoadStat'> 139921504292496 {
	int int12 register
	int x global
}: []
DEBUG:root:Uses of <class 'ir2.LoadStat'> 139921504292560 {
	int int13 register
	int x global
}: []
DEBUG:root:Uses of <class 'ir2.BinStat'> 139921504292624 {
	'times'
	int int14 register
	int int12 register
	int int13 register
}: [int int12 register, int int13 register]
DEBUG:root:Uses of <class 'ir2.StoreStat'> 139921504292304 {
	int squ global
	int int14 register
}: [int int14 register]
DEBUG:root:Uses of <class 'ir2.StoreStat'> 139921504292304 {
	int squ global
	int int14 register
}: [int int14 register]
DEBUG:root:Uses of <class 'ir2.BinStat'> 139921504292624 {
	'times'
	int int14 register
	int int12 register
	int int13 register
}: [int int12 register, int int13 register]
DEBUG:root:Uses of <class 'ir2.LoadStat'> 139921504292560 {
	int int13 register
	int x global
}: []
DEBUG:root:Uses of <class 'ir2.LoadStat'> 139921504292496 {
	int int12 register
	int x global
}: []
DEBUG:root:Registers: set([int int4 register, int int10 register, int int6 register, int int9 register, int int14 register, int int11 register, int int13 register, int int8 register, int int5 register, int int12 register])
DEBUG:root:Interference Graph: set([(int int5 register, int int11 register), (int int13 register, int int12 register), (int int9 register, int int8 register), (int int11 register, int int5 register), (int int11 register, int int6 register), (int int6 register, int int11 register), (int int5 register, int int6 register), (int int8 register, int int9 register), (int int6 register, int int5 register), (int int12 register, int int13 register)])
INFO:root:Generating code for <class 'ir2.Block'> 139921504289488
INFO:root:Generating code for <class 'ir2.StatList'> 139921504289552
INFO:root:Generating code for <class 'ir2.FunctionPrologueStat'> 139921504290768
INFO:root:Generating code for <class 'ir2.LoadStat'> 139921504291024
INFO:root:Generating code for <class 'ir2.StoreStat'> 139921504290896
INFO:root:Generating code for <class 'ir2.LoadStat'> 139921504291344
INFO:root:Generating code for <class 'ir2.LoadStat'> 139921504291408
INFO:root:Generating code for <class 'ir2.BinStat'> 139921504291472
INFO:root:Generating code for <class 'ir2.BranchStat'> 139921504292048
INFO:root:Generating code for <class 'ir2.CallStat'> 139921504290192
INFO:root:Generating code for <class 'ir2.BranchLinkStat'> 139921504291664
INFO:root:Generating code for <class 'ir2.LoadStat'> 139921504291792
INFO:root:Generating code for <class 'ir2.LoadStat'> 139921504291856
INFO:root:Generating code for <class 'ir2.BinStat'> 139921504291920
INFO:root:Generating code for <class 'ir2.StoreStat'> 139921504290128
INFO:root:Generating code for <class 'ir2.PrintStat'> 139921504290704
INFO:root:Generating code for <class 'ir2.BranchStat'> 139921504292112
INFO:root:Generating code for <class 'ir2.EmptyStat'> 139921504290640
INFO:root:Generating code for <class 'ir2.ReturnStat'> 139921504292752
INFO:root:Generating code for <class 'ir2.DefinitionList'> 139921504238672
INFO:root:Generating code for <class 'ir2.FunctionDef'> 139921504289424
INFO:root:Generating code for <class 'ir2.StatList'> 139921504292240
INFO:root:Generating code for <class 'ir2.FunctionPrologueStat'> 139921504290960
INFO:root:Generating code for <class 'ir2.Block'> 139921504239120
INFO:root:Generating code for <class 'ir2.StatList'> 139921504239312
INFO:root:Generating code for <class 'ir2.LoadStat'> 139921504292496
INFO:root:Generating code for <class 'ir2.LoadStat'> 139921504292560
INFO:root:Generating code for <class 'ir2.BinStat'> 139921504292624
INFO:root:Generating code for <class 'ir2.StoreStat'> 139921504292304
INFO:root:Generating code for <class 'ir2.DefinitionList'> 139921504239056
INFO:root:Generating code for <class 'ir2.ReturnStat'> 139921504289360
DEBUG:root:
*********************************************
	Starting debug with standard test program
*********************************************

DEBUG:root:start <function program at 0x7fd49a400de8>
DEBUG:root:getsym: varsym var
DEBUG:root:start <function block at 0x7fd49a400cf8>
DEBUG:root:accepting constsym == varsym
DEBUG:root:accepting varsym == varsym
DEBUG:root:getsym: ident x
DEBUG:root:expecting ident
DEBUG:root:accepting ident == ident
DEBUG:root:getsym: comma ,
DEBUG:root:accepting comma == comma
DEBUG:root:getsym: ident squ
DEBUG:root:expecting ident
DEBUG:root:accepting ident == ident
DEBUG:root:getsym: semicolon ;
DEBUG:root:accepting comma == semicolon
DEBUG:root:expecting semicolon
DEBUG:root:accepting semicolon == semicolon
DEBUG:root:getsym: procsym procedure
DEBUG:root:accepting procsym == procsym
DEBUG:root:getsym: ident square
DEBUG:root:expecting ident
DEBUG:root:accepting ident == ident
DEBUG:root:getsym: semicolon ;
DEBUG:root:expecting semicolon
DEBUG:root:accepting semicolon == semicolon
DEBUG:root:getsym: beginsym begin
DEBUG:root:start <function block at 0x7fd49a400cf8>
DEBUG:root:accepting constsym == beginsym
DEBUG:root:accepting varsym == beginsym
DEBUG:root:accepting procsym == beginsym
DEBUG:root:start <function statement at 0x7fd49a400c08>
DEBUG:root:accepting ident == beginsym
DEBUG:root:accepting callsym == beginsym
DEBUG:root:accepting beginsym == beginsym
DEBUG:root:getsym: ident squ
DEBUG:root:StatList : new 140551076957904
DEBUG:root:start <function statement at 0x7fd49a400c08>
DEBUG:root:accepting ident == ident
DEBUG:root:getsym: becomes :=
DEBUG:root:Looking up squ
DEBUG:root:Looking up in parent
DEBUG:root:Looking up squ
DEBUG:root:expecting becomes
DEBUG:root:accepting becomes == becomes
DEBUG:root:getsym: ident x
DEBUG:root:start <function expression at 0x7fd49a400a28>
DEBUG:root:start <function term at 0x7fd49a400938>
DEBUG:root:start <function factor at 0x7fd49a400848>
DEBUG:root:accepting ident == ident
DEBUG:root:getsym: times *
DEBUG:root:Looking up x
DEBUG:root:Looking up in parent
DEBUG:root:Looking up x
DEBUG:root:end <function factor at 0x7fd49a400848>
DEBUG:root:getsym: ident x
DEBUG:root:start <function factor at 0x7fd49a400848>
DEBUG:root:accepting ident == ident
DEBUG:root:getsym: endsym end
DEBUG:root:Looking up x
DEBUG:root:Looking up in parent
DEBUG:root:Looking up x
DEBUG:root:end <function factor at 0x7fd49a400848>
DEBUG:root:end <function term at 0x7fd49a400938>
DEBUG:root:end <function expression at 0x7fd49a400a28>
DEBUG:root:end <function statement at 0x7fd49a400c08>
DEBUG:root:StatList: appending 140551077007952 of type <class 'ir2.AssignStat'> to 140551076957904
DEBUG:root:accepting semicolon == endsym
DEBUG:root:expecting endsym
DEBUG:root:accepting endsym == endsym
DEBUG:root:getsym: semicolon ;
DEBUG:root:StatList 140551076957904 : [
DEBUG:root:140551077007952 
DEBUG:root:]
DEBUG:root:end <function statement at 0x7fd49a400c08>
DEBUG:root:end <function block at 0x7fd49a400cf8>
DEBUG:root:expecting semicolon
DEBUG:root:accepting semicolon == semicolon
DEBUG:root:getsym: beginsym begin
DEBUG:root:Looking up square
DEBUG:root:accepting procsym == beginsym
DEBUG:root:start <function statement at 0x7fd49a400c08>
DEBUG:root:accepting ident == beginsym
DEBUG:root:accepting callsym == beginsym
DEBUG:root:accepting beginsym == beginsym
DEBUG:root:getsym: ident x
DEBUG:root:StatList : new 140551077008144
DEBUG:root:start <function statement at 0x7fd49a400c08>
DEBUG:root:accepting ident == ident
DEBUG:root:getsym: becomes :=
DEBUG:root:Looking up x
DEBUG:root:expecting becomes
DEBUG:root:accepting becomes == becomes
DEBUG:root:getsym: number 1
DEBUG:root:start <function expression at 0x7fd49a400a28>
DEBUG:root:start <function term at 0x7fd49a400938>
DEBUG:root:start <function factor at 0x7fd49a400848>
DEBUG:root:accepting ident == number
DEBUG:root:accepting number == number
DEBUG:root:getsym: semicolon ;
DEBUG:root:end <function factor at 0x7fd49a400848>
DEBUG:root:end <function term at 0x7fd49a400938>
DEBUG:root:end <function expression at 0x7fd49a400a28>
DEBUG:root:end <function statement at 0x7fd49a400c08>
DEBUG:root:StatList: appending 140551077008336 of type <class 'ir2.AssignStat'> to 140551077008144
DEBUG:root:accepting semicolon == semicolon
DEBUG:root:getsym: whilesym while
DEBUG:root:start <function statement at 0x7fd49a400c08>
DEBUG:root:accepting ident == whilesym
DEBUG:root:accepting callsym == whilesym
DEBUG:root:accepting beginsym == whilesym
DEBUG:root:accepting ifsym == whilesym
DEBUG:root:accepting whilesym == whilesym
DEBUG:root:getsym: ident x
DEBUG:root:start <function condition at 0x7fd49a400b18>
DEBUG:root:accepting oddsym == ident
DEBUG:root:start <function expression at 0x7fd49a400a28>
DEBUG:root:start <function term at 0x7fd49a400938>
DEBUG:root:start <function factor at 0x7fd49a400848>
DEBUG:root:accepting ident == ident
DEBUG:root:getsym: leq <=
DEBUG:root:Looking up x
DEBUG:root:end <function factor at 0x7fd49a400848>
DEBUG:root:end <function term at 0x7fd49a400938>
DEBUG:root:end <function expression at 0x7fd49a400a28>
DEBUG:root:getsym: number 10
DEBUG:root:condition operator leq number
DEBUG:root:start <function expression at 0x7fd49a400a28>
DEBUG:root:start <function term at 0x7fd49a400938>
DEBUG:root:start <function factor at 0x7fd49a400848>
DEBUG:root:accepting ident == number
DEBUG:root:accepting number == number
DEBUG:root:getsym: dosym do
DEBUG:root:end <function factor at 0x7fd49a400848>
DEBUG:root:end <function term at 0x7fd49a400938>
DEBUG:root:end <function expression at 0x7fd49a400a28>
DEBUG:root:end <function condition at 0x7fd49a400b18>
DEBUG:root:expecting dosym
DEBUG:root:accepting dosym == dosym
DEBUG:root:getsym: beginsym begin
DEBUG:root:start <function statement at 0x7fd49a400c08>
DEBUG:root:accepting ident == beginsym
DEBUG:root:accepting callsym == beginsym
DEBUG:root:accepting beginsym == beginsym
DEBUG:root:getsym: callsym call
DEBUG:root:StatList : new 140551077008656
DEBUG:root:start <function statement at 0x7fd49a400c08>
DEBUG:root:accepting ident == callsym
DEBUG:root:accepting callsym == callsym
DEBUG:root:getsym: ident square
DEBUG:root:expecting ident
DEBUG:root:accepting ident == ident
DEBUG:root:getsym: semicolon ;
DEBUG:root:Looking up square
DEBUG:root:end <function statement at 0x7fd49a400c08>
DEBUG:root:StatList: appending 140551077008784 of type <class 'ir2.CallStat'> to 140551077008656
DEBUG:root:accepting semicolon == semicolon
DEBUG:root:getsym: ident x
DEBUG:root:start <function statement at 0x7fd49a400c08>
DEBUG:root:accepting ident == ident
DEBUG:root:getsym: becomes :=
DEBUG:root:Looking up x
DEBUG:root:expecting becomes
DEBUG:root:accepting becomes == becomes
DEBUG:root:getsym: ident x
DEBUG:root:start <function expression at 0x7fd49a400a28>
DEBUG:root:start <function term at 0x7fd49a400938>
DEBUG:root:start <function factor at 0x7fd49a400848>
DEBUG:root:accepting ident == ident
DEBUG:root:getsym: plus +
DEBUG:root:Looking up x
DEBUG:root:end <function factor at 0x7fd49a400848>
DEBUG:root:end <function term at 0x7fd49a400938>
DEBUG:root:getsym: number 1
DEBUG:root:start <function term at 0x7fd49a400938>
DEBUG:root:start <function factor at 0x7fd49a400848>
DEBUG:root:accepting ident == number
DEBUG:root:accepting number == number
DEBUG:root:getsym: semicolon ;
DEBUG:root:end <function factor at 0x7fd49a400848>
DEBUG:root:end <function term at 0x7fd49a400938>
DEBUG:root:end <function expression at 0x7fd49a400a28>
DEBUG:root:end <function statement at 0x7fd49a400c08>
DEBUG:root:StatList: appending 140551077009232 of type <class 'ir2.AssignStat'> to 140551077008656
DEBUG:root:accepting semicolon == semicolon
DEBUG:root:getsym: print !
DEBUG:root:start <function statement at 0x7fd49a400c08>
DEBUG:root:accepting ident == print
DEBUG:root:accepting callsym == print
DEBUG:root:accepting beginsym == print
DEBUG:root:accepting ifsym == print
DEBUG:root:accepting whilesym == print
DEBUG:root:accepting print == print
DEBUG:root:getsym: ident squ
DEBUG:root:expecting ident
DEBUG:root:accepting ident == ident
DEBUG:root:getsym: endsym end
DEBUG:root:Looking up squ
DEBUG:root:end <function statement at 0x7fd49a400c08>
DEBUG:root:StatList: appending 140551077009296 of type <class 'ir2.PrintStat'> to 140551077008656
DEBUG:root:accepting semicolon == endsym
DEBUG:root:expecting endsym
DEBUG:root:accepting endsym == endsym
DEBUG:root:getsym: endsym end
DEBUG:root:StatList 140551077008656 : [
DEBUG:root:140551077008784 
DEBUG:root:140551077009232 
DEBUG:root:140551077009296 
DEBUG:root:]
DEBUG:root:end <function statement at 0x7fd49a400c08>
DEBUG:root:end <function statement at 0x7fd49a400c08>
DEBUG:root:StatList: appending 140551077009360 of type <class 'ir2.WhileStat'> to 140551077008144
DEBUG:root:accepting semicolon == endsym
DEBUG:root:expecting endsym
DEBUG:root:accepting endsym == endsym
DEBUG:root:getsym: period .
DEBUG:root:StatList 140551077008144 : [
DEBUG:root:140551077008336 
DEBUG:root:140551077009360 
DEBUG:root:]
DEBUG:root:end <function statement at 0x7fd49a400c08>
DEBUG:root:end <function block at 0x7fd49a400cf8>
DEBUG:root:expecting period
DEBUG:root:accepting period == period
DEBUG:root:end <function program at 0x7fd49a400de8>
DEBUG:root:
 <class 'ir2.Block'> 140551077008080 {
	<class 'ir2.DefinitionList'> 140551076957264 {
		<class 'ir2.FunctionDef'> 140551077008016 {
			function square 
			<class 'ir2.Block'> 140551076957712 {
				<class 'ir2.DefinitionList'> 140551076957648 {
				}
				<class 'ir2.StatList'> 140551076957904 {
					<class 'ir2.AssignStat'> 140551077007952 {
						int squ 
						<class 'ir2.BinExpr'> 140551077007888 {
							'times'
							<class 'ir2.Var'> 140551077007696 {
								int x 
							}
							<class 'ir2.Var'> 140551077007824 {
								int x 
							}
						}
					}
				}
			}
		}
	}
	<class 'ir2.StatList'> 140551077008144 {
		<class 'ir2.AssignStat'> 140551077008336 {
			int x 
			<class 'ir2.Const'> 140551077008208 {
				int int1 1 const 
			}
		}
		<class 'ir2.WhileStat'> 140551077009360 {
			<class 'ir2.BinExpr'> 140551077008592 {
				'leq'
				<class 'ir2.Var'> 140551077008400 {
					int x 
				}
				<class 'ir2.Const'> 140551077008464 {
					int int2 10 const 
				}
			}
			<class 'ir2.StatList'> 140551077008656 {
				<class 'ir2.CallStat'> 140551077008784 {
					<class 'ir2.CallExpr'> 140551077008720 {
						function square 
					}
				}
				<class 'ir2.AssignStat'> 140551077009232 {
					int x 
					<class 'ir2.BinExpr'> 140551077009168 {
						'plus'
						<class 'ir2.Var'> 140551077008912 {
							int x 
						}
						<class 'ir2.Const'> 140551077009040 {
							int int3 1 const 
						}
					}
				}
				<class 'ir2.PrintStat'> 140551077009296 {
					int squ 
				}
			}
		}
	}
} 

DEBUG:root:Lowering <class 'ir2.Const'> 140551077008208
DEBUG:root:StatList : new 140551077009744
DEBUG:root:Lowering <class 'ir2.AssignStat'> 140551077008336
DEBUG:root:Lowering <class 'ir2.Var'> 140551077008400
DEBUG:root:Lowering <class 'ir2.Const'> 140551077008464
DEBUG:root:StatList : new 140551077010128
DEBUG:root:Lowering <class 'ir2.BinExpr'> 140551077008592
DEBUG:root:Lowering <class 'ir2.CallExpr'> 140551077008720
DEBUG:root:Cannot lower <class 'ir2.CallStat'> 'lower' is not in list
DEBUG:root:Lowering <class 'ir2.Var'> 140551077008912
DEBUG:root:Lowering <class 'ir2.Const'> 140551077009040
DEBUG:root:StatList : new 140551077010576
DEBUG:root:Lowering <class 'ir2.BinExpr'> 140551077009168
DEBUG:root:StatList : new 140551077009040
DEBUG:root:Lowering <class 'ir2.AssignStat'> 140551077009232
DEBUG:root:Cannot lower <class 'ir2.PrintStat'> 'lower' is not in list
DEBUG:root:Cannot lower <class 'ir2.StatList'> 'NoneType' object is not callable
DEBUG:root:None attached to <class 'ir2.StatList'> 140551077010128 {
	label2 : <class 'ir2.LoadStat'> 140551077009936 {
		int int5 register
		int x 
	}
	<class 'ir2.LoadStat'> 140551077010000 {
		int int6 register
		int int2 10 const 
	}
	<class 'ir2.BinStat'> 140551077010064 {
		'leq'
		int int7 register
		int int5 register
		int int6 register
	}
}
DEBUG:root:StatList : new 140551077010768
DEBUG:root:Lowering <class 'ir2.WhileStat'> 140551077009360
DEBUG:root:Cannot lower <class 'ir2.StatList'> 'NoneType' object is not callable
DEBUG:root:Lowering <class 'ir2.Var'> 140551077007696
DEBUG:root:Lowering <class 'ir2.Var'> 140551077007824
DEBUG:root:StatList : new 140551077011280
DEBUG:root:Lowering <class 'ir2.BinExpr'> 140551077007888
DEBUG:root:StatList : new 140551077007824
DEBUG:root:Lowering <class 'ir2.AssignStat'> 140551077007952
DEBUG:root:Cannot lower <class 'ir2.StatList'> 'NoneType' object is not callable
DEBUG:root:Cannot lower <class 'ir2.DefinitionList'> 'lower' is not in list
DEBUG:root:Lowering <class 'ir2.Block'> 140551076957712
DEBUG:root:Failed!
DEBUG:root:StatList : new 140551077010832
DEBUG:root:Lowering <class 'ir2.FunctionDef'> 140551077008016
DEBUG:root:Failed!
DEBUG:root:Cannot lower <class 'ir2.DefinitionList'> 'lower' is not in list
DEBUG:root:StatList: inserting 140551077009360 of type <class 'ir2.FunctionPrologueStat'> into 140551077008144
DEBUG:root:StatList: appending 140551077011344 of type <class 'ir2.ReturnStat'> to 140551077008144
DEBUG:root:Lowering <class 'ir2.Block'> 140551077008080
DEBUG:root:Failed!
DEBUG:root:<class 'ir2.FunctionPrologueStat'> 'flatten' is not in list
DEBUG:root:<class 'ir2.LoadStat'> 'flatten' is not in list
DEBUG:root:<class 'ir2.StoreStat'> 'flatten' is not in list
DEBUG:root:Flattening 140551077009744 into 140551077008144
DEBUG:root:Flattening <class 'ir2.StatList'> 140551077009744
DEBUG:root:<class 'ir2.LoadStat'> 'flatten' is not in list
DEBUG:root:<class 'ir2.LoadStat'> 'flatten' is not in list
DEBUG:root:<class 'ir2.BinStat'> 'flatten' is not in list
DEBUG:root:Flattening 140551077010128 into 140551077010768
DEBUG:root:Flattening <class 'ir2.StatList'> 140551077010128
DEBUG:root:<class 'ir2.BranchStat'> 'flatten' is not in list
DEBUG:root:<class 'ir2.BranchLinkStat'> 'flatten' is not in list
DEBUG:root:<class 'ir2.CallStat'> 'flatten' is not in list
DEBUG:root:<class 'ir2.LoadStat'> 'flatten' is not in list
DEBUG:root:<class 'ir2.LoadStat'> 'flatten' is not in list
DEBUG:root:<class 'ir2.BinStat'> 'flatten' is not in list
DEBUG:root:Flattening 140551077010576 into 140551077009040
DEBUG:root:Flattening <class 'ir2.StatList'> 140551077010576
DEBUG:root:<class 'ir2.StoreStat'> 'flatten' is not in list
DEBUG:root:Flattening 140551077009040 into 140551077008656
DEBUG:root:Flattening <class 'ir2.StatList'> 140551077009040
DEBUG:root:<class 'ir2.PrintStat'> 'flatten' is not in list
DEBUG:root:Flattening 140551077008656 into 140551077010768
DEBUG:root:Flattening <class 'ir2.StatList'> 140551077008656
DEBUG:root:<class 'ir2.BranchStat'> 'flatten' is not in list
DEBUG:root:<class 'ir2.EmptyStat'> 'flatten' is not in list
DEBUG:root:Flattening 140551077010768 into 140551077008144
DEBUG:root:Flattening <class 'ir2.StatList'> 140551077010768
DEBUG:root:<class 'ir2.ReturnStat'> 'flatten' is not in list
DEBUG:root:Not flattening 140551077008144 into 94162743108960 of type <type 'NoneType'>
DEBUG:root:Flattening <class 'ir2.StatList'> 140551077008144
DEBUG:root:Failed!
DEBUG:root:<class 'ir2.FunctionPrologueStat'> 'flatten' is not in list
DEBUG:root:<class 'ir2.LoadStat'> 'flatten' is not in list
DEBUG:root:<class 'ir2.LoadStat'> 'flatten' is not in list
DEBUG:root:<class 'ir2.BinStat'> 'flatten' is not in list
DEBUG:root:Flattening 140551077011280 into 140551077007824
DEBUG:root:Flattening <class 'ir2.StatList'> 140551077011280
DEBUG:root:<class 'ir2.StoreStat'> 'flatten' is not in list
DEBUG:root:Flattening 140551077007824 into 140551076957904
DEBUG:root:Flattening <class 'ir2.StatList'> 140551077007824
DEBUG:root:Not flattening 140551076957904 into 94162743108960 of type <type 'NoneType'>
DEBUG:root:Flattening <class 'ir2.StatList'> 140551076957904
DEBUG:root:Failed!
DEBUG:root:<class 'ir2.DefinitionList'> 'flatten' is not in list
DEBUG:root:<class 'ir2.Block'> 'flatten' is not in list
DEBUG:root:<class 'ir2.ReturnStat'> 'flatten' is not in list
DEBUG:root:Not flattening 140551077010832 into 140551077008016 of type <class 'ir2.FunctionDef'>
DEBUG:root:Flattening <class 'ir2.StatList'> 140551077010832
DEBUG:root:Failed!
DEBUG:root:<class 'ir2.FunctionDef'> 'flatten' is not in list
DEBUG:root:<class 'ir2.DefinitionList'> 'flatten' is not in list
DEBUG:root:<class 'ir2.Block'> 'flatten' is not in list
DEBUG:root:
 <class 'ir2.Block'> 140551077008080 {
	<class 'ir2.DefinitionList'> 140551076957264 {
		<class 'ir2.FunctionDef'> 140551077008016 {
			function square 
			<class 'ir2.StatList'> 140551077010832 {
				<class 'ir2.FunctionPrologueStat'> 140551077009552 {
				}
				<class 'ir2.Block'> 140551076957712 {
					<class 'ir2.DefinitionList'> 140551076957648 {
					}
					<class 'ir2.StatList'> 140551076957904 {
						<class 'ir2.LoadStat'> 140551077011088 {
							int int12 register
							int x 
						}
						<class 'ir2.LoadStat'> 140551077011152 {
							int int13 register
							int x 
						}
						<class 'ir2.BinStat'> 140551077011216 {
							'times'
							int int14 register
							int int12 register
							int int13 register
						}
						<class 'ir2.StoreStat'> 140551077010896 {
							int squ 
							int int14 register
						}
					}
				}
				<class 'ir2.ReturnStat'> 140551077007952 {
				}
			}
		}
	}
	<class 'ir2.StatList'> 140551077008144 {
		main : <class 'ir2.FunctionPrologueStat'> 140551077009360 {
		}
		<class 'ir2.LoadStat'> 140551077009616 {
			int int4 register
			int int1 1 const 
		}
		<class 'ir2.StoreStat'> 140551077009488 {
			int x 
			int int4 register
		}
		label2 : <class 'ir2.LoadStat'> 140551077009936 {
			int int5 register
			int x 
		}
		<class 'ir2.LoadStat'> 140551077010000 {
			int int6 register
			int int2 10 const 
		}
		<class 'ir2.BinStat'> 140551077010064 {
			'leq'
			int int7 register
			int int5 register
			int int6 register
		}
		<class 'ir2.BranchStat'> 140551077010640 {
			'gtr'
			int int11 register
			label label1
		}
		<class 'ir2.CallStat'> 140551077008784 {
			<class 'ir2.BranchLinkStat'> 140551077010256 {
				None
				None
				function square 
			}
		}
		<class 'ir2.LoadStat'> 140551077010384 {
			int int8 register
			int x 
		}
		<class 'ir2.LoadStat'> 140551077010448 {
			int int9 register
			int int3 1 const 
		}
		<class 'ir2.BinStat'> 140551077010512 {
			'plus'
			int int10 register
			int int8 register
			int int9 register
		}
		<class 'ir2.StoreStat'> 140551077008720 {
			int x 
			int int10 register
		}
		<class 'ir2.PrintStat'> 140551077009296 {
			int squ 
		}
		<class 'ir2.BranchStat'> 140551077010704 {
			None
			None
			label label2
		}
		label1 : <class 'ir2.EmptyStat'> 140551077009232 {
		}
		<class 'ir2.ReturnStat'> 140551077011344 {
		}
	}
} 

DEBUG:root:Data Layout <class 'ir2.Block'> 140551077008080
DEBUG:root:Failed!
DEBUG:root:<class 'ir2.StatList'> 'NoneType' object is not callable
DEBUG:root:<class 'ir2.FunctionPrologueStat'> 'dataLayout' is not in list
DEBUG:root:<class 'ir2.LoadStat'> 'dataLayout' is not in list
DEBUG:root:<class 'ir2.StoreStat'> 'dataLayout' is not in list
DEBUG:root:<class 'ir2.LoadStat'> 'dataLayout' is not in list
DEBUG:root:<class 'ir2.LoadStat'> 'dataLayout' is not in list
DEBUG:root:<class 'ir2.BinStat'> 'dataLayout' is not in list
DEBUG:root:<class 'ir2.BranchStat'> 'dataLayout' is not in list
DEBUG:root:<class 'ir2.CallStat'> 'dataLayout' is not in list
DEBUG:root:<class 'ir2.BranchLinkStat'> 'dataLayout' is not in list
DEBUG:root:<class 'ir2.LoadStat'> 'dataLayout' is not in list
DEBUG:root:<class 'ir2.LoadStat'> 'dataLayout' is not in list
DEBUG:root:<class 'ir2.BinStat'> 'dataLayout' is not in list
DEBUG:root:<class 'ir2.StoreStat'> 'dataLayout' is not in list
DEBUG:root:<class 'ir2.PrintStat'> 'dataLayout' is not in list
DEBUG:root:<class 'ir2.BranchStat'> 'dataLayout' is not in list
DEBUG:root:<class 'ir2.EmptyStat'> 'dataLayout' is not in list
DEBUG:root:<class 'ir2.ReturnStat'> 'dataLayout' is not in list
DEBUG:root:<class 'ir2.DefinitionList'> 'dataLayout' is not in list
DEBUG:root:<class 'ir2.FunctionDef'> 'dataLayout' is not in list
DEBUG:root:<class 'ir2.StatList'> 'NoneType' object is not callable
DEBUG:root:<class 'ir2.FunctionPrologueStat'> 'dataLayout' is not in list
DEBUG:root:Data Layout <class 'ir2.Block'> 140551076957712
DEBUG:root:Failed!
DEBUG:root:<class 'ir2.StatList'> 'NoneType' object is not callable
DEBUG:root:<class 'ir2.LoadStat'> 'dataLayout' is not in list
DEBUG:root:<class 'ir2.LoadStat'> 'dataLayout' is not in list
DEBUG:root:<class 'ir2.BinStat'> 'dataLayout' is not in list
DEBUG:root:<class 'ir2.StoreStat'> 'dataLayout' is not in list
DEBUG:root:<class 'ir2.DefinitionList'> 'dataLayout' is not in list
DEBUG:root:<class 'ir2.ReturnStat'> 'dataLayout' is not in list
DEBUG:root:Uses of main : <class 'ir2.FunctionPrologueStat'> 140551077009360 {
}: []
DEBUG:root:Uses of <class 'ir2.LoadStat'> 140551077009616 {
	int int4 register
	int int1 1 const 
}: []
DEBUG:root:Uses of <class 'ir2.StoreStat'> 140551077009488 {
	int x global
	int int4 register
}: [int int4 register]
DEBUG:root:Uses of <class 'ir2.StoreStat'> 140551077009488 {
	int x global
	int int4 register
}: [int int4 register]
DEBUG:root:Uses of <class 'ir2.LoadStat'> 140551077009616 {
	int int4 register
	int int1 1 const 
}: []
DEBUG:root:Uses of main : <class 'ir2.FunctionPrologueStat'> 140551077009360 {
}: []
DEBUG:root:Uses of label2 : <class 'ir2.LoadStat'> 140551077009936 {
	int int5 register
	int x global
}: []
DEBUG:root:Uses of <class 'ir2.LoadStat'> 140551077010000 {
	int int6 register
	int int2 10 const 
}: []
DEBUG:root:Uses of <class 'ir2.BinStat'> 140551077010064 {
	'leq'
	int int7 register
	int int5 register
	int int6 register
}: [int int5 register, int int6 register]
DEBUG:root:Uses of <class 'ir2.BranchStat'> 140551077010640 {
	'gtr'
	int int11 register
	label label1
}: [int int11 register]
DEBUG:root:Uses of <class 'ir2.BranchStat'> 140551077010640 {
	'gtr'
	int int11 register
	label label1
}: [int int11 register]
DEBUG:root:Uses of <class 'ir2.BinStat'> 140551077010064 {
	'leq'
	int int7 register
	int int5 register
	int int6 register
}: [int int5 register, int int6 register]
DEBUG:root:Uses of <class 'ir2.LoadStat'> 140551077010000 {
	int int6 register
	int int2 10 const 
}: []
DEBUG:root:Uses of label2 : <class 'ir2.LoadStat'> 140551077009936 {
	int int5 register
	int x global
}: []
DEBUG:root:Uses of <class 'ir2.CallStat'> 140551077008784 {
	<class 'ir2.BranchLinkStat'> 140551077010256 {
		None
		None
		function square 
	}
}: []
DEBUG:root:Uses of <class 'ir2.CallStat'> 140551077008784 {
	<class 'ir2.BranchLinkStat'> 140551077010256 {
		None
		None
		function square 
	}
}: []
DEBUG:root:Uses of <class 'ir2.LoadStat'> 140551077010384 {
	int int8 register
	int x global
}: []
DEBUG:root:Uses of <class 'ir2.LoadStat'> 140551077010448 {
	int int9 register
	int int3 1 const 
}: []
DEBUG:root:Uses of <class 'ir2.BinStat'> 140551077010512 {
	'plus'
	int int10 register
	int int8 register
	int int9 register
}: [int int8 register, int int9 register]
DEBUG:root:Uses of <class 'ir2.StoreStat'> 140551077008720 {
	int x global
	int int10 register
}: [int int10 register]
DEBUG:root:Uses of <class 'ir2.PrintStat'> 140551077009296 {
	int squ global
}: []
DEBUG:root:Uses of <class 'ir2.BranchStat'> 140551077010704 {
	None
	None
	label label2
}: [None]
DEBUG:root:Uses of <class 'ir2.BranchStat'> 140551077010704 {
	None
	None
	label label2
}: [None]
DEBUG:root:Uses of <class 'ir2.PrintStat'> 140551077009296 {
	int squ global
}: []
DEBUG:root:Uses of <class 'ir2.StoreStat'> 140551077008720 {
	int x global
	int int10 register
}: [int int10 register]
DEBUG:root:Uses of <class 'ir2.BinStat'> 140551077010512 {
	'plus'
	int int10 register
	int int8 register
	int int9 register
}: [int int8 register, int int9 register]
DEBUG:root:Uses of <class 'ir2.LoadStat'> 140551077010448 {
	int int9 register
	int int3 1 const 
}: []
DEBUG:root:Uses of <class 'ir2.LoadStat'> 140551077010384 {
	int int8 register
	int x global
}: []
DEBUG:root:Uses of label1 : <class 'ir2.EmptyStat'> 140551077009232 {
}: []
DEBUG:root:Uses of <class 'ir2.ReturnStat'> 140551077011344 {
}: []
DEBUG:root:Uses of <class 'ir2.ReturnStat'> 140551077011344 {
}: []
DEBUG:root:Uses of label1 : <class 'ir2.EmptyStat'> 140551077009232 {
}: []
DEBUG:root:Uses of <class 'ir2.FunctionPrologueStat'> 140551077009552 {
}: []
DEBUG:root:Uses of <class 'ir2.Block'> 140551076957712 {
	<class 'ir2.DefinitionList'> 140551076957648 {
	}
	<class 'ir2.StatList'> 140551076957904 {
		<class 'ir2.LoadStat'> 140551077011088 {
			int int12 register
			int x global
		}
		<class 'ir2.LoadStat'> 140551077011152 {
			int int13 register
			int x global
		}
		<class 'ir2.BinStat'> 140551077011216 {
			'times'
			int int14 register
			int int12 register
			int int13 register
		}
		<class 'ir2.StoreStat'> 140551077010896 {
			int squ global
			int int14 register
		}
	}
}: []
DEBUG:root:Uses of <class 'ir2.ReturnStat'> 140551077007952 {
}: []
DEBUG:root:Uses of <class 'ir2.ReturnStat'> 140551077007952 {
}: []
DEBUG:root:Uses of <class 'ir2.Block'> 140551076957712 {
	<class 'ir2.DefinitionList'> 140551076957648 {
	}
	<class 'ir2.StatList'> 140551076957904 {
		<class 'ir2.LoadStat'> 140551077011088 {
			int int12 register
			int x global
		}
		<class 'ir2.LoadStat'> 140551077011152 {
			int int13 register
			int x global
		}
		<class 'ir2.BinStat'> 140551077011216 {
			'times'
			int int14 register
			int int12 register
			int int13 register
		}
		<class 'ir2.StoreStat'> 140551077010896 {
			int squ global
			int int14 register
		}
	}
}: []
DEBUG:root:Uses of <class 'ir2.FunctionPrologueStat'> 140551077009552 {
}: []
DEBUG:root:Uses of <class 'ir2.LoadStat'> 140551077011088 {
	int int12 register
	int x global
}: []
DEBUG:root:Uses of <class 'ir2.LoadStat'> 140551077011152 {
	int int13 register
	int x global
}: []
DEBUG:root:Uses of <class 'ir2.BinStat'> 140551077011216 {
	'times'
	int int14 register
	int int12 register
	int int13 register
}: [int int12 register, int int13 register]
DEBUG:root:Uses of <class 'ir2.StoreStat'> 140551077010896 {
	int squ global
	int int14 register
}: [int int14 register]
DEBUG:root:Uses of <class 'ir2.StoreStat'> 140551077010896 {
	int squ global
	int int14 register
}: [int int14 register]
DEBUG:root:Uses of <class 'ir2.BinStat'> 140551077011216 {
	'times'
	int int14 register
	int int12 register
	int int13 register
}: [int int12 register, int int13 register]
DEBUG:root:Uses of <class 'ir2.LoadStat'> 140551077011152 {
	int int13 register
	int x global
}: []
DEBUG:root:Uses of <class 'ir2.LoadStat'> 140551077011088 {
	int int12 register
	int x global
}: []
DEBUG:root:Registers: set([int int4 register, int int10 register, int int9 register, int int6 register, int int11 register, int int14 register, int int13 register, int int8 register, int int5 register, int int12 register])
DEBUG:root:Interference Graph: set([(int int5 register, int int11 register), (int int9 register, int int8 register), (int int11 register, int int5 register), (int int11 register, int int6 register), (int int6 register, int int11 register), (int int5 register, int int6 register), (int int13 register, int int12 register), (int int8 register, int int9 register), (int int6 register, int int5 register), (int int12 register, int int13 register)])
INFO:root:Generating code for <class 'ir2.Block'> 140551077008080
INFO:root:Generating code for <class 'ir2.StatList'> 140551077008144
INFO:root:Generating code for <class 'ir2.FunctionPrologueStat'> 140551077009360
INFO:root:Generating code for <class 'ir2.LoadStat'> 140551077009616
INFO:root:Generating code for <class 'ir2.StoreStat'> 140551077009488
INFO:root:Generating code for <class 'ir2.LoadStat'> 140551077009936
INFO:root:Generating code for <class 'ir2.LoadStat'> 140551077010000
INFO:root:Generating code for <class 'ir2.BinStat'> 140551077010064
INFO:root:Generating code for <class 'ir2.BranchStat'> 140551077010640
INFO:root:Generating code for <class 'ir2.CallStat'> 140551077008784
INFO:root:Generating code for <class 'ir2.BranchLinkStat'> 140551077010256
INFO:root:Generating code for <class 'ir2.LoadStat'> 140551077010384
INFO:root:Generating code for <class 'ir2.LoadStat'> 140551077010448
INFO:root:Generating code for <class 'ir2.BinStat'> 140551077010512
INFO:root:Generating code for <class 'ir2.StoreStat'> 140551077008720
INFO:root:Generating code for <class 'ir2.PrintStat'> 140551077009296
INFO:root:Generating code for <class 'ir2.BranchStat'> 140551077010704
INFO:root:Generating code for <class 'ir2.EmptyStat'> 140551077009232
INFO:root:Generating code for <class 'ir2.ReturnStat'> 140551077011344
INFO:root:Generating code for <class 'ir2.DefinitionList'> 140551076957264
INFO:root:Generating code for <class 'ir2.FunctionDef'> 140551077008016
INFO:root:Generating code for <class 'ir2.StatList'> 140551077010832
INFO:root:Generating code for <class 'ir2.FunctionPrologueStat'> 140551077009552
INFO:root:Generating code for <class 'ir2.Block'> 140551076957712
INFO:root:Generating code for <class 'ir2.StatList'> 140551076957904
INFO:root:Generating code for <class 'ir2.LoadStat'> 140551077011088
INFO:root:Generating code for <class 'ir2.LoadStat'> 140551077011152
INFO:root:Generating code for <class 'ir2.BinStat'> 140551077011216
INFO:root:Generating code for <class 'ir2.StoreStat'> 140551077010896
INFO:root:Generating code for <class 'ir2.DefinitionList'> 140551076957648
INFO:root:Generating code for <class 'ir2.ReturnStat'> 140551077007952
DEBUG:root:
*********************************************
	Starting debug with standard test program
*********************************************

DEBUG:root:start <function program at 0x7f3a2c590de8>
DEBUG:root:getsym: varsym var
DEBUG:root:start <function block at 0x7f3a2c590cf8>
DEBUG:root:accepting constsym == varsym
DEBUG:root:accepting varsym == varsym
DEBUG:root:getsym: ident x
DEBUG:root:expecting ident
DEBUG:root:accepting ident == ident
DEBUG:root:getsym: comma ,
DEBUG:root:accepting comma == comma
DEBUG:root:getsym: ident squ
DEBUG:root:expecting ident
DEBUG:root:accepting ident == ident
DEBUG:root:getsym: semicolon ;
DEBUG:root:accepting comma == semicolon
DEBUG:root:expecting semicolon
DEBUG:root:accepting semicolon == semicolon
DEBUG:root:getsym: procsym procedure
DEBUG:root:accepting procsym == procsym
DEBUG:root:getsym: ident square
DEBUG:root:expecting ident
DEBUG:root:accepting ident == ident
DEBUG:root:getsym: semicolon ;
DEBUG:root:expecting semicolon
DEBUG:root:accepting semicolon == semicolon
DEBUG:root:getsym: beginsym begin
DEBUG:root:start <function block at 0x7f3a2c590cf8>
DEBUG:root:accepting constsym == beginsym
DEBUG:root:accepting varsym == beginsym
DEBUG:root:accepting procsym == beginsym
DEBUG:root:start <function statement at 0x7f3a2c590c08>
DEBUG:root:accepting ident == beginsym
DEBUG:root:accepting callsym == beginsym
DEBUG:root:accepting beginsym == beginsym
DEBUG:root:getsym: ident squ
DEBUG:root:StatList : new 139887808138960
DEBUG:root:start <function statement at 0x7f3a2c590c08>
DEBUG:root:accepting ident == ident
DEBUG:root:getsym: becomes :=
DEBUG:root:Looking up squ
DEBUG:root:Looking up in parent
DEBUG:root:Looking up squ
DEBUG:root:expecting becomes
DEBUG:root:accepting becomes == becomes
DEBUG:root:getsym: ident x
DEBUG:root:start <function expression at 0x7f3a2c590a28>
DEBUG:root:start <function term at 0x7f3a2c590938>
DEBUG:root:start <function factor at 0x7f3a2c590848>
DEBUG:root:accepting ident == ident
DEBUG:root:getsym: times *
DEBUG:root:Looking up x
DEBUG:root:Looking up in parent
DEBUG:root:Looking up x
DEBUG:root:end <function factor at 0x7f3a2c590848>
DEBUG:root:getsym: ident x
DEBUG:root:start <function factor at 0x7f3a2c590848>
DEBUG:root:accepting ident == ident
DEBUG:root:getsym: endsym end
DEBUG:root:Looking up x
DEBUG:root:Looking up in parent
DEBUG:root:Looking up x
DEBUG:root:end <function factor at 0x7f3a2c590848>
DEBUG:root:end <function term at 0x7f3a2c590938>
DEBUG:root:end <function expression at 0x7f3a2c590a28>
DEBUG:root:end <function statement at 0x7f3a2c590c08>
DEBUG:root:StatList: appending 139887808189008 of type <class 'ir2.AssignStat'> to 139887808138960
DEBUG:root:accepting semicolon == endsym
DEBUG:root:expecting endsym
DEBUG:root:accepting endsym == endsym
DEBUG:root:getsym: semicolon ;
DEBUG:root:StatList 139887808138960 : [
DEBUG:root:139887808189008 
DEBUG:root:]
DEBUG:root:end <function statement at 0x7f3a2c590c08>
DEBUG:root:end <function block at 0x7f3a2c590cf8>
DEBUG:root:expecting semicolon
DEBUG:root:accepting semicolon == semicolon
DEBUG:root:getsym: beginsym begin
DEBUG:root:Looking up square
DEBUG:root:accepting procsym == beginsym
DEBUG:root:start <function statement at 0x7f3a2c590c08>
DEBUG:root:accepting ident == beginsym
DEBUG:root:accepting callsym == beginsym
DEBUG:root:accepting beginsym == beginsym
DEBUG:root:getsym: ident x
DEBUG:root:StatList : new 139887808189200
DEBUG:root:start <function statement at 0x7f3a2c590c08>
DEBUG:root:accepting ident == ident
DEBUG:root:getsym: becomes :=
DEBUG:root:Looking up x
DEBUG:root:expecting becomes
DEBUG:root:accepting becomes == becomes
DEBUG:root:getsym: number 1
DEBUG:root:start <function expression at 0x7f3a2c590a28>
DEBUG:root:start <function term at 0x7f3a2c590938>
DEBUG:root:start <function factor at 0x7f3a2c590848>
DEBUG:root:accepting ident == number
DEBUG:root:accepting number == number
DEBUG:root:getsym: semicolon ;
DEBUG:root:end <function factor at 0x7f3a2c590848>
DEBUG:root:end <function term at 0x7f3a2c590938>
DEBUG:root:end <function expression at 0x7f3a2c590a28>
DEBUG:root:end <function statement at 0x7f3a2c590c08>
DEBUG:root:StatList: appending 139887808189392 of type <class 'ir2.AssignStat'> to 139887808189200
DEBUG:root:accepting semicolon == semicolon
DEBUG:root:getsym: whilesym while
DEBUG:root:start <function statement at 0x7f3a2c590c08>
DEBUG:root:accepting ident == whilesym
DEBUG:root:accepting callsym == whilesym
DEBUG:root:accepting beginsym == whilesym
DEBUG:root:accepting ifsym == whilesym
DEBUG:root:accepting whilesym == whilesym
DEBUG:root:getsym: ident x
DEBUG:root:start <function condition at 0x7f3a2c590b18>
DEBUG:root:accepting oddsym == ident
DEBUG:root:start <function expression at 0x7f3a2c590a28>
DEBUG:root:start <function term at 0x7f3a2c590938>
DEBUG:root:start <function factor at 0x7f3a2c590848>
DEBUG:root:accepting ident == ident
DEBUG:root:getsym: leq <=
DEBUG:root:Looking up x
DEBUG:root:end <function factor at 0x7f3a2c590848>
DEBUG:root:end <function term at 0x7f3a2c590938>
DEBUG:root:end <function expression at 0x7f3a2c590a28>
DEBUG:root:getsym: number 10
DEBUG:root:condition operator leq number
DEBUG:root:start <function expression at 0x7f3a2c590a28>
DEBUG:root:start <function term at 0x7f3a2c590938>
DEBUG:root:start <function factor at 0x7f3a2c590848>
DEBUG:root:accepting ident == number
DEBUG:root:accepting number == number
DEBUG:root:getsym: dosym do
DEBUG:root:end <function factor at 0x7f3a2c590848>
DEBUG:root:end <function term at 0x7f3a2c590938>
DEBUG:root:end <function expression at 0x7f3a2c590a28>
DEBUG:root:end <function condition at 0x7f3a2c590b18>
DEBUG:root:expecting dosym
DEBUG:root:accepting dosym == dosym
DEBUG:root:getsym: beginsym begin
DEBUG:root:start <function statement at 0x7f3a2c590c08>
DEBUG:root:accepting ident == beginsym
DEBUG:root:accepting callsym == beginsym
DEBUG:root:accepting beginsym == beginsym
DEBUG:root:getsym: callsym call
DEBUG:root:StatList : new 139887808189712
DEBUG:root:start <function statement at 0x7f3a2c590c08>
DEBUG:root:accepting ident == callsym
DEBUG:root:accepting callsym == callsym
DEBUG:root:getsym: ident square
DEBUG:root:expecting ident
DEBUG:root:accepting ident == ident
DEBUG:root:getsym: semicolon ;
DEBUG:root:Looking up square
DEBUG:root:end <function statement at 0x7f3a2c590c08>
DEBUG:root:StatList: appending 139887808189840 of type <class 'ir2.CallStat'> to 139887808189712
DEBUG:root:accepting semicolon == semicolon
DEBUG:root:getsym: ident x
DEBUG:root:start <function statement at 0x7f3a2c590c08>
DEBUG:root:accepting ident == ident
DEBUG:root:getsym: becomes :=
DEBUG:root:Looking up x
DEBUG:root:expecting becomes
DEBUG:root:accepting becomes == becomes
DEBUG:root:getsym: ident x
DEBUG:root:start <function expression at 0x7f3a2c590a28>
DEBUG:root:start <function term at 0x7f3a2c590938>
DEBUG:root:start <function factor at 0x7f3a2c590848>
DEBUG:root:accepting ident == ident
DEBUG:root:getsym: plus +
DEBUG:root:Looking up x
DEBUG:root:end <function factor at 0x7f3a2c590848>
DEBUG:root:end <function term at 0x7f3a2c590938>
DEBUG:root:getsym: number 1
DEBUG:root:start <function term at 0x7f3a2c590938>
DEBUG:root:start <function factor at 0x7f3a2c590848>
DEBUG:root:accepting ident == number
DEBUG:root:accepting number == number
DEBUG:root:getsym: semicolon ;
DEBUG:root:end <function factor at 0x7f3a2c590848>
DEBUG:root:end <function term at 0x7f3a2c590938>
DEBUG:root:end <function expression at 0x7f3a2c590a28>
DEBUG:root:end <function statement at 0x7f3a2c590c08>
DEBUG:root:StatList: appending 139887808190288 of type <class 'ir2.AssignStat'> to 139887808189712
DEBUG:root:accepting semicolon == semicolon
DEBUG:root:getsym: print !
DEBUG:root:start <function statement at 0x7f3a2c590c08>
DEBUG:root:accepting ident == print
DEBUG:root:accepting callsym == print
DEBUG:root:accepting beginsym == print
DEBUG:root:accepting ifsym == print
DEBUG:root:accepting whilesym == print
DEBUG:root:accepting print == print
DEBUG:root:getsym: ident squ
DEBUG:root:expecting ident
DEBUG:root:accepting ident == ident
DEBUG:root:getsym: endsym end
DEBUG:root:Looking up squ
DEBUG:root:end <function statement at 0x7f3a2c590c08>
DEBUG:root:StatList: appending 139887808190352 of type <class 'ir2.PrintStat'> to 139887808189712
DEBUG:root:accepting semicolon == endsym
DEBUG:root:expecting endsym
DEBUG:root:accepting endsym == endsym
DEBUG:root:getsym: endsym end
DEBUG:root:StatList 139887808189712 : [
DEBUG:root:139887808189840 
DEBUG:root:139887808190288 
DEBUG:root:139887808190352 
DEBUG:root:]
DEBUG:root:end <function statement at 0x7f3a2c590c08>
DEBUG:root:end <function statement at 0x7f3a2c590c08>
DEBUG:root:StatList: appending 139887808190416 of type <class 'ir2.WhileStat'> to 139887808189200
DEBUG:root:accepting semicolon == endsym
DEBUG:root:expecting endsym
DEBUG:root:accepting endsym == endsym
DEBUG:root:getsym: period .
DEBUG:root:StatList 139887808189200 : [
DEBUG:root:139887808189392 
DEBUG:root:139887808190416 
DEBUG:root:]
DEBUG:root:end <function statement at 0x7f3a2c590c08>
DEBUG:root:end <function block at 0x7f3a2c590cf8>
DEBUG:root:expecting period
DEBUG:root:accepting period == period
DEBUG:root:end <function program at 0x7f3a2c590de8>
DEBUG:root:
 <class 'ir2.Block'> 139887808189136 {
	<class 'ir2.DefinitionList'> 139887808138320 {
		<class 'ir2.FunctionDef'> 139887808189072 {
			function square 
			<class 'ir2.Block'> 139887808138768 {
				<class 'ir2.DefinitionList'> 139887808138704 {
				}
				<class 'ir2.StatList'> 139887808138960 {
					<class 'ir2.AssignStat'> 139887808189008 {
						int squ 
						<class 'ir2.BinExpr'> 139887808188944 {
							'times'
							<class 'ir2.Var'> 139887808188752 {
								int x 
							}
							<class 'ir2.Var'> 139887808188880 {
								int x 
							}
						}
					}
				}
			}
		}
	}
	<class 'ir2.StatList'> 139887808189200 {
		<class 'ir2.AssignStat'> 139887808189392 {
			int x 
			<class 'ir2.Const'> 139887808189264 {
				int int1 1 const 
			}
		}
		<class 'ir2.WhileStat'> 139887808190416 {
			<class 'ir2.BinExpr'> 139887808189648 {
				'leq'
				<class 'ir2.Var'> 139887808189456 {
					int x 
				}
				<class 'ir2.Const'> 139887808189520 {
					int int2 10 const 
				}
			}
			<class 'ir2.StatList'> 139887808189712 {
				<class 'ir2.CallStat'> 139887808189840 {
					<class 'ir2.CallExpr'> 139887808189776 {
						function square 
					}
				}
				<class 'ir2.AssignStat'> 139887808190288 {
					int x 
					<class 'ir2.BinExpr'> 139887808190224 {
						'plus'
						<class 'ir2.Var'> 139887808189968 {
							int x 
						}
						<class 'ir2.Const'> 139887808190096 {
							int int3 1 const 
						}
					}
				}
				<class 'ir2.PrintStat'> 139887808190352 {
					int squ 
				}
			}
		}
	}
} 

DEBUG:root:Lowering <class 'ir2.Const'> 139887808189264
DEBUG:root:StatList : new 139887808190800
DEBUG:root:Lowering <class 'ir2.AssignStat'> 139887808189392
DEBUG:root:Lowering <class 'ir2.Var'> 139887808189456
DEBUG:root:Lowering <class 'ir2.Const'> 139887808189520
DEBUG:root:StatList : new 139887808191184
DEBUG:root:Lowering <class 'ir2.BinExpr'> 139887808189648
DEBUG:root:Lowering <class 'ir2.CallExpr'> 139887808189776
DEBUG:root:Cannot lower <class 'ir2.CallStat'> 'lower' is not in list
DEBUG:root:Lowering <class 'ir2.Var'> 139887808189968
DEBUG:root:Lowering <class 'ir2.Const'> 139887808190096
DEBUG:root:StatList : new 139887808191632
DEBUG:root:Lowering <class 'ir2.BinExpr'> 139887808190224
DEBUG:root:StatList : new 139887808190096
DEBUG:root:Lowering <class 'ir2.AssignStat'> 139887808190288
DEBUG:root:Cannot lower <class 'ir2.PrintStat'> 'lower' is not in list
DEBUG:root:Cannot lower <class 'ir2.StatList'> 'NoneType' object is not callable
DEBUG:root:None attached to <class 'ir2.StatList'> 139887808191184 {
	label2 : <class 'ir2.LoadStat'> 139887808190992 {
		int int5 register
		int x 
	}
	<class 'ir2.LoadStat'> 139887808191056 {
		int int6 register
		int int2 10 const 
	}
	<class 'ir2.BinStat'> 139887808191120 {
		'leq'
		int int7 register
		int int5 register
		int int6 register
	}
}
DEBUG:root:StatList : new 139887808191824
DEBUG:root:Lowering <class 'ir2.WhileStat'> 139887808190416
DEBUG:root:Cannot lower <class 'ir2.StatList'> 'NoneType' object is not callable
DEBUG:root:Lowering <class 'ir2.Var'> 139887808188752
DEBUG:root:Lowering <class 'ir2.Var'> 139887808188880
DEBUG:root:StatList : new 139887808192336
DEBUG:root:Lowering <class 'ir2.BinExpr'> 139887808188944
DEBUG:root:StatList : new 139887808188880
DEBUG:root:Lowering <class 'ir2.AssignStat'> 139887808189008
DEBUG:root:Cannot lower <class 'ir2.StatList'> 'NoneType' object is not callable
DEBUG:root:Cannot lower <class 'ir2.DefinitionList'> 'lower' is not in list
DEBUG:root:Lowering <class 'ir2.Block'> 139887808138768
DEBUG:root:Failed!
DEBUG:root:StatList : new 139887808191888
DEBUG:root:Lowering <class 'ir2.FunctionDef'> 139887808189072
DEBUG:root:Failed!
DEBUG:root:Cannot lower <class 'ir2.DefinitionList'> 'lower' is not in list
DEBUG:root:StatList: inserting 139887808190416 of type <class 'ir2.FunctionPrologueStat'> into 139887808189200
DEBUG:root:StatList: appending 139887808192400 of type <class 'ir2.ReturnStat'> to 139887808189200
DEBUG:root:Lowering <class 'ir2.Block'> 139887808189136
DEBUG:root:Failed!
DEBUG:root:<class 'ir2.FunctionPrologueStat'> 'flatten' is not in list
DEBUG:root:<class 'ir2.LoadStat'> 'flatten' is not in list
DEBUG:root:<class 'ir2.StoreStat'> 'flatten' is not in list
DEBUG:root:Flattening 139887808190800 into 139887808189200
DEBUG:root:Flattening <class 'ir2.StatList'> 139887808190800
DEBUG:root:<class 'ir2.LoadStat'> 'flatten' is not in list
DEBUG:root:<class 'ir2.LoadStat'> 'flatten' is not in list
DEBUG:root:<class 'ir2.BinStat'> 'flatten' is not in list
DEBUG:root:Flattening 139887808191184 into 139887808191824
DEBUG:root:Flattening <class 'ir2.StatList'> 139887808191184
DEBUG:root:<class 'ir2.BranchStat'> 'flatten' is not in list
DEBUG:root:<class 'ir2.BranchLinkStat'> 'flatten' is not in list
DEBUG:root:<class 'ir2.CallStat'> 'flatten' is not in list
DEBUG:root:<class 'ir2.LoadStat'> 'flatten' is not in list
DEBUG:root:<class 'ir2.LoadStat'> 'flatten' is not in list
DEBUG:root:<class 'ir2.BinStat'> 'flatten' is not in list
DEBUG:root:Flattening 139887808191632 into 139887808190096
DEBUG:root:Flattening <class 'ir2.StatList'> 139887808191632
DEBUG:root:<class 'ir2.StoreStat'> 'flatten' is not in list
DEBUG:root:Flattening 139887808190096 into 139887808189712
DEBUG:root:Flattening <class 'ir2.StatList'> 139887808190096
DEBUG:root:<class 'ir2.PrintStat'> 'flatten' is not in list
DEBUG:root:Flattening 139887808189712 into 139887808191824
DEBUG:root:Flattening <class 'ir2.StatList'> 139887808189712
DEBUG:root:<class 'ir2.BranchStat'> 'flatten' is not in list
DEBUG:root:<class 'ir2.EmptyStat'> 'flatten' is not in list
DEBUG:root:Flattening 139887808191824 into 139887808189200
DEBUG:root:Flattening <class 'ir2.StatList'> 139887808191824
DEBUG:root:<class 'ir2.ReturnStat'> 'flatten' is not in list
DEBUG:root:Not flattening 139887808189200 into 94528075838816 of type <type 'NoneType'>
DEBUG:root:Flattening <class 'ir2.StatList'> 139887808189200
DEBUG:root:Failed!
DEBUG:root:<class 'ir2.FunctionPrologueStat'> 'flatten' is not in list
DEBUG:root:<class 'ir2.LoadStat'> 'flatten' is not in list
DEBUG:root:<class 'ir2.LoadStat'> 'flatten' is not in list
DEBUG:root:<class 'ir2.BinStat'> 'flatten' is not in list
DEBUG:root:Flattening 139887808192336 into 139887808188880
DEBUG:root:Flattening <class 'ir2.StatList'> 139887808192336
DEBUG:root:<class 'ir2.StoreStat'> 'flatten' is not in list
DEBUG:root:Flattening 139887808188880 into 139887808138960
DEBUG:root:Flattening <class 'ir2.StatList'> 139887808188880
DEBUG:root:Not flattening 139887808138960 into 94528075838816 of type <type 'NoneType'>
DEBUG:root:Flattening <class 'ir2.StatList'> 139887808138960
DEBUG:root:Failed!
DEBUG:root:<class 'ir2.DefinitionList'> 'flatten' is not in list
DEBUG:root:<class 'ir2.Block'> 'flatten' is not in list
DEBUG:root:<class 'ir2.ReturnStat'> 'flatten' is not in list
DEBUG:root:Not flattening 139887808191888 into 139887808189072 of type <class 'ir2.FunctionDef'>
DEBUG:root:Flattening <class 'ir2.StatList'> 139887808191888
DEBUG:root:Failed!
DEBUG:root:<class 'ir2.FunctionDef'> 'flatten' is not in list
DEBUG:root:<class 'ir2.DefinitionList'> 'flatten' is not in list
DEBUG:root:<class 'ir2.Block'> 'flatten' is not in list
DEBUG:root:
 <class 'ir2.Block'> 139887808189136 {
	<class 'ir2.DefinitionList'> 139887808138320 {
		<class 'ir2.FunctionDef'> 139887808189072 {
			function square 
			<class 'ir2.StatList'> 139887808191888 {
				<class 'ir2.FunctionPrologueStat'> 139887808190608 {
				}
				<class 'ir2.Block'> 139887808138768 {
					<class 'ir2.DefinitionList'> 139887808138704 {
					}
					<class 'ir2.StatList'> 139887808138960 {
						<class 'ir2.LoadStat'> 139887808192144 {
							int int12 register
							int x 
						}
						<class 'ir2.LoadStat'> 139887808192208 {
							int int13 register
							int x 
						}
						<class 'ir2.BinStat'> 139887808192272 {
							'times'
							int int14 register
							int int12 register
							int int13 register
						}
						<class 'ir2.StoreStat'> 139887808191952 {
							int squ 
							int int14 register
						}
					}
				}
				<class 'ir2.ReturnStat'> 139887808189008 {
				}
			}
		}
	}
	<class 'ir2.StatList'> 139887808189200 {
		main : <class 'ir2.FunctionPrologueStat'> 139887808190416 {
		}
		<class 'ir2.LoadStat'> 139887808190672 {
			int int4 register
			int int1 1 const 
		}
		<class 'ir2.StoreStat'> 139887808190544 {
			int x 
			int int4 register
		}
		label2 : <class 'ir2.LoadStat'> 139887808190992 {
			int int5 register
			int x 
		}
		<class 'ir2.LoadStat'> 139887808191056 {
			int int6 register
			int int2 10 const 
		}
		<class 'ir2.BinStat'> 139887808191120 {
			'leq'
			int int7 register
			int int5 register
			int int6 register
		}
		<class 'ir2.BranchStat'> 139887808191696 {
			'gtr'
			int int11 register
			label label1
		}
		<class 'ir2.CallStat'> 139887808189840 {
			<class 'ir2.BranchLinkStat'> 139887808191312 {
				None
				None
				function square 
			}
		}
		<class 'ir2.LoadStat'> 139887808191440 {
			int int8 register
			int x 
		}
		<class 'ir2.LoadStat'> 139887808191504 {
			int int9 register
			int int3 1 const 
		}
		<class 'ir2.BinStat'> 139887808191568 {
			'plus'
			int int10 register
			int int8 register
			int int9 register
		}
		<class 'ir2.StoreStat'> 139887808189776 {
			int x 
			int int10 register
		}
		<class 'ir2.PrintStat'> 139887808190352 {
			int squ 
		}
		<class 'ir2.BranchStat'> 139887808191760 {
			None
			None
			label label2
		}
		label1 : <class 'ir2.EmptyStat'> 139887808190288 {
		}
		<class 'ir2.ReturnStat'> 139887808192400 {
		}
	}
} 

DEBUG:root:Data Layout <class 'ir2.Block'> 139887808189136
DEBUG:root:Failed!
DEBUG:root:<class 'ir2.StatList'> 'NoneType' object is not callable
DEBUG:root:<class 'ir2.FunctionPrologueStat'> 'dataLayout' is not in list
DEBUG:root:<class 'ir2.LoadStat'> 'dataLayout' is not in list
DEBUG:root:<class 'ir2.StoreStat'> 'dataLayout' is not in list
DEBUG:root:<class 'ir2.LoadStat'> 'dataLayout' is not in list
DEBUG:root:<class 'ir2.LoadStat'> 'dataLayout' is not in list
DEBUG:root:<class 'ir2.BinStat'> 'dataLayout' is not in list
DEBUG:root:<class 'ir2.BranchStat'> 'dataLayout' is not in list
DEBUG:root:<class 'ir2.CallStat'> 'dataLayout' is not in list
DEBUG:root:<class 'ir2.BranchLinkStat'> 'dataLayout' is not in list
DEBUG:root:<class 'ir2.LoadStat'> 'dataLayout' is not in list
DEBUG:root:<class 'ir2.LoadStat'> 'dataLayout' is not in list
DEBUG:root:<class 'ir2.BinStat'> 'dataLayout' is not in list
DEBUG:root:<class 'ir2.StoreStat'> 'dataLayout' is not in list
DEBUG:root:<class 'ir2.PrintStat'> 'dataLayout' is not in list
DEBUG:root:<class 'ir2.BranchStat'> 'dataLayout' is not in list
DEBUG:root:<class 'ir2.EmptyStat'> 'dataLayout' is not in list
DEBUG:root:<class 'ir2.ReturnStat'> 'dataLayout' is not in list
DEBUG:root:<class 'ir2.DefinitionList'> 'dataLayout' is not in list
DEBUG:root:<class 'ir2.FunctionDef'> 'dataLayout' is not in list
DEBUG:root:<class 'ir2.StatList'> 'NoneType' object is not callable
DEBUG:root:<class 'ir2.FunctionPrologueStat'> 'dataLayout' is not in list
DEBUG:root:Data Layout <class 'ir2.Block'> 139887808138768
DEBUG:root:Failed!
DEBUG:root:<class 'ir2.StatList'> 'NoneType' object is not callable
DEBUG:root:<class 'ir2.LoadStat'> 'dataLayout' is not in list
DEBUG:root:<class 'ir2.LoadStat'> 'dataLayout' is not in list
DEBUG:root:<class 'ir2.BinStat'> 'dataLayout' is not in list
DEBUG:root:<class 'ir2.StoreStat'> 'dataLayout' is not in list
DEBUG:root:<class 'ir2.DefinitionList'> 'dataLayout' is not in list
DEBUG:root:<class 'ir2.ReturnStat'> 'dataLayout' is not in list
DEBUG:root:Uses of main : <class 'ir2.FunctionPrologueStat'> 139887808190416 {
}: []
DEBUG:root:Uses of <class 'ir2.LoadStat'> 139887808190672 {
	int int4 register
	int int1 1 const 
}: []
DEBUG:root:Uses of <class 'ir2.StoreStat'> 139887808190544 {
	int x global
	int int4 register
}: [int int4 register]
DEBUG:root:Uses of <class 'ir2.StoreStat'> 139887808190544 {
	int x global
	int int4 register
}: [int int4 register]
DEBUG:root:Uses of <class 'ir2.LoadStat'> 139887808190672 {
	int int4 register
	int int1 1 const 
}: []
DEBUG:root:Uses of main : <class 'ir2.FunctionPrologueStat'> 139887808190416 {
}: []
DEBUG:root:Uses of label2 : <class 'ir2.LoadStat'> 139887808190992 {
	int int5 register
	int x global
}: []
DEBUG:root:Uses of <class 'ir2.LoadStat'> 139887808191056 {
	int int6 register
	int int2 10 const 
}: []
DEBUG:root:Uses of <class 'ir2.BinStat'> 139887808191120 {
	'leq'
	int int7 register
	int int5 register
	int int6 register
}: [int int5 register, int int6 register]
DEBUG:root:Uses of <class 'ir2.BranchStat'> 139887808191696 {
	'gtr'
	int int11 register
	label label1
}: [int int11 register]
DEBUG:root:Uses of <class 'ir2.BranchStat'> 139887808191696 {
	'gtr'
	int int11 register
	label label1
}: [int int11 register]
DEBUG:root:Uses of <class 'ir2.BinStat'> 139887808191120 {
	'leq'
	int int7 register
	int int5 register
	int int6 register
}: [int int5 register, int int6 register]
DEBUG:root:Uses of <class 'ir2.LoadStat'> 139887808191056 {
	int int6 register
	int int2 10 const 
}: []
DEBUG:root:Uses of label2 : <class 'ir2.LoadStat'> 139887808190992 {
	int int5 register
	int x global
}: []
DEBUG:root:Uses of <class 'ir2.CallStat'> 139887808189840 {
	<class 'ir2.BranchLinkStat'> 139887808191312 {
		None
		None
		function square 
	}
}: []
DEBUG:root:Uses of <class 'ir2.CallStat'> 139887808189840 {
	<class 'ir2.BranchLinkStat'> 139887808191312 {
		None
		None
		function square 
	}
}: []
DEBUG:root:Uses of <class 'ir2.LoadStat'> 139887808191440 {
	int int8 register
	int x global
}: []
DEBUG:root:Uses of <class 'ir2.LoadStat'> 139887808191504 {
	int int9 register
	int int3 1 const 
}: []
DEBUG:root:Uses of <class 'ir2.BinStat'> 139887808191568 {
	'plus'
	int int10 register
	int int8 register
	int int9 register
}: [int int8 register, int int9 register]
DEBUG:root:Uses of <class 'ir2.StoreStat'> 139887808189776 {
	int x global
	int int10 register
}: [int int10 register]
DEBUG:root:Uses of <class 'ir2.PrintStat'> 139887808190352 {
	int squ global
}: []
DEBUG:root:Uses of <class 'ir2.BranchStat'> 139887808191760 {
	None
	None
	label label2
}: [None]
DEBUG:root:Uses of <class 'ir2.BranchStat'> 139887808191760 {
	None
	None
	label label2
}: [None]
DEBUG:root:Uses of <class 'ir2.PrintStat'> 139887808190352 {
	int squ global
}: []
DEBUG:root:Uses of <class 'ir2.StoreStat'> 139887808189776 {
	int x global
	int int10 register
}: [int int10 register]
DEBUG:root:Uses of <class 'ir2.BinStat'> 139887808191568 {
	'plus'
	int int10 register
	int int8 register
	int int9 register
}: [int int8 register, int int9 register]
DEBUG:root:Uses of <class 'ir2.LoadStat'> 139887808191504 {
	int int9 register
	int int3 1 const 
}: []
DEBUG:root:Uses of <class 'ir2.LoadStat'> 139887808191440 {
	int int8 register
	int x global
}: []
DEBUG:root:Uses of label1 : <class 'ir2.EmptyStat'> 139887808190288 {
}: []
DEBUG:root:Uses of <class 'ir2.ReturnStat'> 139887808192400 {
}: []
DEBUG:root:Uses of <class 'ir2.ReturnStat'> 139887808192400 {
}: []
DEBUG:root:Uses of label1 : <class 'ir2.EmptyStat'> 139887808190288 {
}: []
DEBUG:root:Uses of <class 'ir2.FunctionPrologueStat'> 139887808190608 {
}: []
DEBUG:root:Uses of <class 'ir2.Block'> 139887808138768 {
	<class 'ir2.DefinitionList'> 139887808138704 {
	}
	<class 'ir2.StatList'> 139887808138960 {
		<class 'ir2.LoadStat'> 139887808192144 {
			int int12 register
			int x global
		}
		<class 'ir2.LoadStat'> 139887808192208 {
			int int13 register
			int x global
		}
		<class 'ir2.BinStat'> 139887808192272 {
			'times'
			int int14 register
			int int12 register
			int int13 register
		}
		<class 'ir2.StoreStat'> 139887808191952 {
			int squ global
			int int14 register
		}
	}
}: []
DEBUG:root:Uses of <class 'ir2.ReturnStat'> 139887808189008 {
}: []
DEBUG:root:Uses of <class 'ir2.ReturnStat'> 139887808189008 {
}: []
DEBUG:root:Uses of <class 'ir2.Block'> 139887808138768 {
	<class 'ir2.DefinitionList'> 139887808138704 {
	}
	<class 'ir2.StatList'> 139887808138960 {
		<class 'ir2.LoadStat'> 139887808192144 {
			int int12 register
			int x global
		}
		<class 'ir2.LoadStat'> 139887808192208 {
			int int13 register
			int x global
		}
		<class 'ir2.BinStat'> 139887808192272 {
			'times'
			int int14 register
			int int12 register
			int int13 register
		}
		<class 'ir2.StoreStat'> 139887808191952 {
			int squ global
			int int14 register
		}
	}
}: []
DEBUG:root:Uses of <class 'ir2.FunctionPrologueStat'> 139887808190608 {
}: []
DEBUG:root:Uses of <class 'ir2.LoadStat'> 139887808192144 {
	int int12 register
	int x global
}: []
DEBUG:root:Uses of <class 'ir2.LoadStat'> 139887808192208 {
	int int13 register
	int x global
}: []
DEBUG:root:Uses of <class 'ir2.BinStat'> 139887808192272 {
	'times'
	int int14 register
	int int12 register
	int int13 register
}: [int int12 register, int int13 register]
DEBUG:root:Uses of <class 'ir2.StoreStat'> 139887808191952 {
	int squ global
	int int14 register
}: [int int14 register]
DEBUG:root:Uses of <class 'ir2.StoreStat'> 139887808191952 {
	int squ global
	int int14 register
}: [int int14 register]
DEBUG:root:Uses of <class 'ir2.BinStat'> 139887808192272 {
	'times'
	int int14 register
	int int12 register
	int int13 register
}: [int int12 register, int int13 register]
DEBUG:root:Uses of <class 'ir2.LoadStat'> 139887808192208 {
	int int13 register
	int x global
}: []
DEBUG:root:Uses of <class 'ir2.LoadStat'> 139887808192144 {
	int int12 register
	int x global
}: []
DEBUG:root:Registers: set([int int4 register, int int10 register, int int9 register, int int6 register, int int11 register, int int14 register, int int13 register, int int8 register, int int5 register, int int12 register])
DEBUG:root:Interference Graph: set([(int int5 register, int int11 register), (int int9 register, int int8 register), (int int11 register, int int5 register), (int int11 register, int int6 register), (int int6 register, int int11 register), (int int5 register, int int6 register), (int int13 register, int int12 register), (int int8 register, int int9 register), (int int6 register, int int5 register), (int int12 register, int int13 register)])
INFO:root:Generating code for <class 'ir2.Block'> 139887808189136
INFO:root:Generating code for <class 'ir2.StatList'> 139887808189200
INFO:root:Generating code for <class 'ir2.FunctionPrologueStat'> 139887808190416
INFO:root:Generating code for <class 'ir2.LoadStat'> 139887808190672
INFO:root:Generating code for <class 'ir2.StoreStat'> 139887808190544
INFO:root:Generating code for <class 'ir2.LoadStat'> 139887808190992
INFO:root:Generating code for <class 'ir2.LoadStat'> 139887808191056
INFO:root:Generating code for <class 'ir2.BinStat'> 139887808191120
INFO:root:Generating code for <class 'ir2.BranchStat'> 139887808191696
INFO:root:Generating code for <class 'ir2.CallStat'> 139887808189840
INFO:root:Generating code for <class 'ir2.BranchLinkStat'> 139887808191312
INFO:root:Generating code for <class 'ir2.LoadStat'> 139887808191440
INFO:root:Generating code for <class 'ir2.LoadStat'> 139887808191504
INFO:root:Generating code for <class 'ir2.BinStat'> 139887808191568
INFO:root:Generating code for <class 'ir2.StoreStat'> 139887808189776
INFO:root:Generating code for <class 'ir2.PrintStat'> 139887808190352
INFO:root:Generating code for <class 'ir2.BranchStat'> 139887808191760
INFO:root:Generating code for <class 'ir2.EmptyStat'> 139887808190288
INFO:root:Generating code for <class 'ir2.ReturnStat'> 139887808192400
INFO:root:Generating code for <class 'ir2.DefinitionList'> 139887808138320
INFO:root:Generating code for <class 'ir2.FunctionDef'> 139887808189072
INFO:root:Generating code for <class 'ir2.StatList'> 139887808191888
INFO:root:Generating code for <class 'ir2.FunctionPrologueStat'> 139887808190608
INFO:root:Generating code for <class 'ir2.Block'> 139887808138768
INFO:root:Generating code for <class 'ir2.StatList'> 139887808138960
INFO:root:Generating code for <class 'ir2.LoadStat'> 139887808192144
INFO:root:Generating code for <class 'ir2.LoadStat'> 139887808192208
INFO:root:Generating code for <class 'ir2.BinStat'> 139887808192272
INFO:root:Generating code for <class 'ir2.StoreStat'> 139887808191952
INFO:root:Generating code for <class 'ir2.DefinitionList'> 139887808138704
INFO:root:Generating code for <class 'ir2.ReturnStat'> 139887808189008
DEBUG:root:
*********************************************
	Starting debug with standard test program
*********************************************

DEBUG:root:start <function program at 0x7fc1dee23de8>
DEBUG:root:getsym: varsym var
DEBUG:root:start <function block at 0x7fc1dee23cf8>
DEBUG:root:accepting constsym == varsym
DEBUG:root:accepting varsym == varsym
DEBUG:root:getsym: ident x
DEBUG:root:expecting ident
DEBUG:root:accepting ident == ident
DEBUG:root:getsym: comma ,
DEBUG:root:accepting comma == comma
DEBUG:root:getsym: ident squ
DEBUG:root:expecting ident
DEBUG:root:accepting ident == ident
DEBUG:root:getsym: semicolon ;
DEBUG:root:accepting comma == semicolon
DEBUG:root:expecting semicolon
DEBUG:root:accepting semicolon == semicolon
DEBUG:root:getsym: procsym procedure
DEBUG:root:accepting procsym == procsym
DEBUG:root:getsym: ident square
DEBUG:root:expecting ident
DEBUG:root:accepting ident == ident
DEBUG:root:getsym: semicolon ;
DEBUG:root:expecting semicolon
DEBUG:root:accepting semicolon == semicolon
DEBUG:root:getsym: beginsym begin
DEBUG:root:start <function block at 0x7fc1dee23cf8>
DEBUG:root:accepting constsym == beginsym
DEBUG:root:accepting varsym == beginsym
DEBUG:root:accepting procsym == beginsym
DEBUG:root:start <function statement at 0x7fc1dee23c08>
DEBUG:root:accepting ident == beginsym
DEBUG:root:accepting callsym == beginsym
DEBUG:root:accepting beginsym == beginsym
DEBUG:root:getsym: ident squ
DEBUG:root:StatList : new 140470624059088
DEBUG:root:start <function statement at 0x7fc1dee23c08>
DEBUG:root:accepting ident == ident
DEBUG:root:getsym: becomes :=
DEBUG:root:Looking up squ
DEBUG:root:Looking up in parent
DEBUG:root:Looking up squ
DEBUG:root:expecting becomes
DEBUG:root:accepting becomes == becomes
DEBUG:root:getsym: ident x
DEBUG:root:start <function expression at 0x7fc1dee23a28>
DEBUG:root:start <function term at 0x7fc1dee23938>
DEBUG:root:start <function factor at 0x7fc1dee23848>
DEBUG:root:accepting ident == ident
DEBUG:root:getsym: times *
DEBUG:root:Looking up x
DEBUG:root:Looking up in parent
DEBUG:root:Looking up x
DEBUG:root:end <function factor at 0x7fc1dee23848>
DEBUG:root:getsym: ident x
DEBUG:root:start <function factor at 0x7fc1dee23848>
DEBUG:root:accepting ident == ident
DEBUG:root:getsym: endsym end
DEBUG:root:Looking up x
DEBUG:root:Looking up in parent
DEBUG:root:Looking up x
DEBUG:root:end <function factor at 0x7fc1dee23848>
DEBUG:root:end <function term at 0x7fc1dee23938>
DEBUG:root:end <function expression at 0x7fc1dee23a28>
DEBUG:root:end <function statement at 0x7fc1dee23c08>
DEBUG:root:StatList: appending 140470624109136 of type <class 'ir2.AssignStat'> to 140470624059088
DEBUG:root:accepting semicolon == endsym
DEBUG:root:expecting endsym
DEBUG:root:accepting endsym == endsym
DEBUG:root:getsym: semicolon ;
DEBUG:root:StatList 140470624059088 : [
DEBUG:root:140470624109136 
DEBUG:root:]
DEBUG:root:end <function statement at 0x7fc1dee23c08>
DEBUG:root:end <function block at 0x7fc1dee23cf8>
DEBUG:root:expecting semicolon
DEBUG:root:accepting semicolon == semicolon
DEBUG:root:getsym: beginsym begin
DEBUG:root:Looking up square
DEBUG:root:accepting procsym == beginsym
DEBUG:root:start <function statement at 0x7fc1dee23c08>
DEBUG:root:accepting ident == beginsym
DEBUG:root:accepting callsym == beginsym
DEBUG:root:accepting beginsym == beginsym
DEBUG:root:getsym: ident x
DEBUG:root:StatList : new 140470624109328
DEBUG:root:start <function statement at 0x7fc1dee23c08>
DEBUG:root:accepting ident == ident
DEBUG:root:getsym: becomes :=
DEBUG:root:Looking up x
DEBUG:root:expecting becomes
DEBUG:root:accepting becomes == becomes
DEBUG:root:getsym: number 1
DEBUG:root:start <function expression at 0x7fc1dee23a28>
DEBUG:root:start <function term at 0x7fc1dee23938>
DEBUG:root:start <function factor at 0x7fc1dee23848>
DEBUG:root:accepting ident == number
DEBUG:root:accepting number == number
DEBUG:root:getsym: semicolon ;
DEBUG:root:end <function factor at 0x7fc1dee23848>
DEBUG:root:end <function term at 0x7fc1dee23938>
DEBUG:root:end <function expression at 0x7fc1dee23a28>
DEBUG:root:end <function statement at 0x7fc1dee23c08>
DEBUG:root:StatList: appending 140470624109520 of type <class 'ir2.AssignStat'> to 140470624109328
DEBUG:root:accepting semicolon == semicolon
DEBUG:root:getsym: whilesym while
DEBUG:root:start <function statement at 0x7fc1dee23c08>
DEBUG:root:accepting ident == whilesym
DEBUG:root:accepting callsym == whilesym
DEBUG:root:accepting beginsym == whilesym
DEBUG:root:accepting ifsym == whilesym
DEBUG:root:accepting whilesym == whilesym
DEBUG:root:getsym: ident x
DEBUG:root:start <function condition at 0x7fc1dee23b18>
DEBUG:root:accepting oddsym == ident
DEBUG:root:start <function expression at 0x7fc1dee23a28>
DEBUG:root:start <function term at 0x7fc1dee23938>
DEBUG:root:start <function factor at 0x7fc1dee23848>
DEBUG:root:accepting ident == ident
DEBUG:root:getsym: leq <=
DEBUG:root:Looking up x
DEBUG:root:end <function factor at 0x7fc1dee23848>
DEBUG:root:end <function term at 0x7fc1dee23938>
DEBUG:root:end <function expression at 0x7fc1dee23a28>
DEBUG:root:getsym: number 10
DEBUG:root:condition operator leq number
DEBUG:root:start <function expression at 0x7fc1dee23a28>
DEBUG:root:start <function term at 0x7fc1dee23938>
DEBUG:root:start <function factor at 0x7fc1dee23848>
DEBUG:root:accepting ident == number
DEBUG:root:accepting number == number
DEBUG:root:getsym: dosym do
DEBUG:root:end <function factor at 0x7fc1dee23848>
DEBUG:root:end <function term at 0x7fc1dee23938>
DEBUG:root:end <function expression at 0x7fc1dee23a28>
DEBUG:root:end <function condition at 0x7fc1dee23b18>
DEBUG:root:expecting dosym
DEBUG:root:accepting dosym == dosym
DEBUG:root:getsym: beginsym begin
DEBUG:root:start <function statement at 0x7fc1dee23c08>
DEBUG:root:accepting ident == beginsym
DEBUG:root:accepting callsym == beginsym
DEBUG:root:accepting beginsym == beginsym
DEBUG:root:getsym: callsym call
DEBUG:root:StatList : new 140470624109840
DEBUG:root:start <function statement at 0x7fc1dee23c08>
DEBUG:root:accepting ident == callsym
DEBUG:root:accepting callsym == callsym
DEBUG:root:getsym: ident square
DEBUG:root:expecting ident
DEBUG:root:accepting ident == ident
DEBUG:root:getsym: semicolon ;
DEBUG:root:Looking up square
DEBUG:root:end <function statement at 0x7fc1dee23c08>
DEBUG:root:StatList: appending 140470624109968 of type <class 'ir2.CallStat'> to 140470624109840
DEBUG:root:accepting semicolon == semicolon
DEBUG:root:getsym: ident x
DEBUG:root:start <function statement at 0x7fc1dee23c08>
DEBUG:root:accepting ident == ident
DEBUG:root:getsym: becomes :=
DEBUG:root:Looking up x
DEBUG:root:expecting becomes
DEBUG:root:accepting becomes == becomes
DEBUG:root:getsym: ident x
DEBUG:root:start <function expression at 0x7fc1dee23a28>
DEBUG:root:start <function term at 0x7fc1dee23938>
DEBUG:root:start <function factor at 0x7fc1dee23848>
DEBUG:root:accepting ident == ident
DEBUG:root:getsym: plus +
DEBUG:root:Looking up x
DEBUG:root:end <function factor at 0x7fc1dee23848>
DEBUG:root:end <function term at 0x7fc1dee23938>
DEBUG:root:getsym: number 1
DEBUG:root:start <function term at 0x7fc1dee23938>
DEBUG:root:start <function factor at 0x7fc1dee23848>
DEBUG:root:accepting ident == number
DEBUG:root:accepting number == number
DEBUG:root:getsym: semicolon ;
DEBUG:root:end <function factor at 0x7fc1dee23848>
DEBUG:root:end <function term at 0x7fc1dee23938>
DEBUG:root:end <function expression at 0x7fc1dee23a28>
DEBUG:root:end <function statement at 0x7fc1dee23c08>
DEBUG:root:StatList: appending 140470624110416 of type <class 'ir2.AssignStat'> to 140470624109840
DEBUG:root:accepting semicolon == semicolon
DEBUG:root:getsym: print !
DEBUG:root:start <function statement at 0x7fc1dee23c08>
DEBUG:root:accepting ident == print
DEBUG:root:accepting callsym == print
DEBUG:root:accepting beginsym == print
DEBUG:root:accepting ifsym == print
DEBUG:root:accepting whilesym == print
DEBUG:root:accepting print == print
DEBUG:root:getsym: ident squ
DEBUG:root:expecting ident
DEBUG:root:accepting ident == ident
DEBUG:root:getsym: endsym end
DEBUG:root:Looking up squ
DEBUG:root:end <function statement at 0x7fc1dee23c08>
DEBUG:root:StatList: appending 140470624110480 of type <class 'ir2.PrintStat'> to 140470624109840
DEBUG:root:accepting semicolon == endsym
DEBUG:root:expecting endsym
DEBUG:root:accepting endsym == endsym
DEBUG:root:getsym: endsym end
DEBUG:root:StatList 140470624109840 : [
DEBUG:root:140470624109968 
DEBUG:root:140470624110416 
DEBUG:root:140470624110480 
DEBUG:root:]
DEBUG:root:end <function statement at 0x7fc1dee23c08>
DEBUG:root:end <function statement at 0x7fc1dee23c08>
DEBUG:root:StatList: appending 140470624110544 of type <class 'ir2.WhileStat'> to 140470624109328
DEBUG:root:accepting semicolon == endsym
DEBUG:root:expecting endsym
DEBUG:root:accepting endsym == endsym
DEBUG:root:getsym: period .
DEBUG:root:StatList 140470624109328 : [
DEBUG:root:140470624109520 
DEBUG:root:140470624110544 
DEBUG:root:]
DEBUG:root:end <function statement at 0x7fc1dee23c08>
DEBUG:root:end <function block at 0x7fc1dee23cf8>
DEBUG:root:expecting period
DEBUG:root:accepting period == period
DEBUG:root:end <function program at 0x7fc1dee23de8>
DEBUG:root:
 <class 'ir2.Block'> 140470624109264 {
	<class 'ir2.DefinitionList'> 140470624058448 {
		<class 'ir2.FunctionDef'> 140470624109200 {
			function square 
			<class 'ir2.Block'> 140470624058896 {
				<class 'ir2.DefinitionList'> 140470624058832 {
				}
				<class 'ir2.StatList'> 140470624059088 {
					<class 'ir2.AssignStat'> 140470624109136 {
						int squ 
						<class 'ir2.BinExpr'> 140470624109072 {
							'times'
							<class 'ir2.Var'> 140470624108880 {
								int x 
							}
							<class 'ir2.Var'> 140470624109008 {
								int x 
							}
						}
					}
				}
			}
		}
	}
	<class 'ir2.StatList'> 140470624109328 {
		<class 'ir2.AssignStat'> 140470624109520 {
			int x 
			<class 'ir2.Const'> 140470624109392 {
				int int1 1 const 
			}
		}
		<class 'ir2.WhileStat'> 140470624110544 {
			<class 'ir2.BinExpr'> 140470624109776 {
				'leq'
				<class 'ir2.Var'> 140470624109584 {
					int x 
				}
				<class 'ir2.Const'> 140470624109648 {
					int int2 10 const 
				}
			}
			<class 'ir2.StatList'> 140470624109840 {
				<class 'ir2.CallStat'> 140470624109968 {
					<class 'ir2.CallExpr'> 140470624109904 {
						function square 
					}
				}
				<class 'ir2.AssignStat'> 140470624110416 {
					int x 
					<class 'ir2.BinExpr'> 140470624110352 {
						'plus'
						<class 'ir2.Var'> 140470624110096 {
							int x 
						}
						<class 'ir2.Const'> 140470624110224 {
							int int3 1 const 
						}
					}
				}
				<class 'ir2.PrintStat'> 140470624110480 {
					int squ 
				}
			}
		}
	}
} 

DEBUG:root:Lowering <class 'ir2.Const'> 140470624109392
DEBUG:root:StatList : new 140470624110928
DEBUG:root:Lowering <class 'ir2.AssignStat'> 140470624109520
DEBUG:root:Lowering <class 'ir2.Var'> 140470624109584
DEBUG:root:Lowering <class 'ir2.Const'> 140470624109648
DEBUG:root:StatList : new 140470624111312
DEBUG:root:Lowering <class 'ir2.BinExpr'> 140470624109776
DEBUG:root:Lowering <class 'ir2.CallExpr'> 140470624109904
DEBUG:root:Cannot lower <class 'ir2.CallStat'> 'lower' is not in list
DEBUG:root:Lowering <class 'ir2.Var'> 140470624110096
DEBUG:root:Lowering <class 'ir2.Const'> 140470624110224
DEBUG:root:StatList : new 140470624111760
DEBUG:root:Lowering <class 'ir2.BinExpr'> 140470624110352
DEBUG:root:StatList : new 140470624110224
DEBUG:root:Lowering <class 'ir2.AssignStat'> 140470624110416
DEBUG:root:Cannot lower <class 'ir2.PrintStat'> 'lower' is not in list
DEBUG:root:Cannot lower <class 'ir2.StatList'> 'NoneType' object is not callable
DEBUG:root:None attached to <class 'ir2.StatList'> 140470624111312 {
	label2 : <class 'ir2.LoadStat'> 140470624111120 {
		int int5 register
		int x 
	}
	<class 'ir2.LoadStat'> 140470624111184 {
		int int6 register
		int int2 10 const 
	}
	<class 'ir2.BinStat'> 140470624111248 {
		'leq'
		int int7 register
		int int5 register
		int int6 register
	}
}
DEBUG:root:StatList : new 140470624111952
DEBUG:root:Lowering <class 'ir2.WhileStat'> 140470624110544
DEBUG:root:Cannot lower <class 'ir2.StatList'> 'NoneType' object is not callable
DEBUG:root:Lowering <class 'ir2.Var'> 140470624108880
DEBUG:root:Lowering <class 'ir2.Var'> 140470624109008
DEBUG:root:StatList : new 140470624112464
DEBUG:root:Lowering <class 'ir2.BinExpr'> 140470624109072
DEBUG:root:StatList : new 140470624109008
DEBUG:root:Lowering <class 'ir2.AssignStat'> 140470624109136
DEBUG:root:Cannot lower <class 'ir2.StatList'> 'NoneType' object is not callable
DEBUG:root:Cannot lower <class 'ir2.DefinitionList'> 'lower' is not in list
DEBUG:root:Lowering <class 'ir2.Block'> 140470624058896
DEBUG:root:Failed!
DEBUG:root:StatList : new 140470624112016
DEBUG:root:Lowering <class 'ir2.FunctionDef'> 140470624109200
DEBUG:root:Failed!
DEBUG:root:Cannot lower <class 'ir2.DefinitionList'> 'lower' is not in list
DEBUG:root:StatList: inserting 140470624110544 of type <class 'ir2.FunctionPrologueStat'> into 140470624109328
DEBUG:root:StatList: appending 140470624112528 of type <class 'ir2.ReturnStat'> to 140470624109328
DEBUG:root:Lowering <class 'ir2.Block'> 140470624109264
DEBUG:root:Failed!
DEBUG:root:<class 'ir2.FunctionPrologueStat'> 'flatten' is not in list
DEBUG:root:<class 'ir2.LoadStat'> 'flatten' is not in list
DEBUG:root:<class 'ir2.StoreStat'> 'flatten' is not in list
DEBUG:root:Flattening 140470624110928 into 140470624109328
DEBUG:root:Flattening <class 'ir2.StatList'> 140470624110928
DEBUG:root:<class 'ir2.LoadStat'> 'flatten' is not in list
DEBUG:root:<class 'ir2.LoadStat'> 'flatten' is not in list
DEBUG:root:<class 'ir2.BinStat'> 'flatten' is not in list
DEBUG:root:Flattening 140470624111312 into 140470624111952
DEBUG:root:Flattening <class 'ir2.StatList'> 140470624111312
DEBUG:root:<class 'ir2.BranchStat'> 'flatten' is not in list
DEBUG:root:<class 'ir2.BranchLinkStat'> 'flatten' is not in list
DEBUG:root:<class 'ir2.CallStat'> 'flatten' is not in list
DEBUG:root:<class 'ir2.LoadStat'> 'flatten' is not in list
DEBUG:root:<class 'ir2.LoadStat'> 'flatten' is not in list
DEBUG:root:<class 'ir2.BinStat'> 'flatten' is not in list
DEBUG:root:Flattening 140470624111760 into 140470624110224
DEBUG:root:Flattening <class 'ir2.StatList'> 140470624111760
DEBUG:root:<class 'ir2.StoreStat'> 'flatten' is not in list
DEBUG:root:Flattening 140470624110224 into 140470624109840
DEBUG:root:Flattening <class 'ir2.StatList'> 140470624110224
DEBUG:root:<class 'ir2.PrintStat'> 'flatten' is not in list
DEBUG:root:Flattening 140470624109840 into 140470624111952
DEBUG:root:Flattening <class 'ir2.StatList'> 140470624109840
DEBUG:root:<class 'ir2.BranchStat'> 'flatten' is not in list
DEBUG:root:<class 'ir2.EmptyStat'> 'flatten' is not in list
DEBUG:root:Flattening 140470624111952 into 140470624109328
DEBUG:root:Flattening <class 'ir2.StatList'> 140470624111952
DEBUG:root:<class 'ir2.ReturnStat'> 'flatten' is not in list
DEBUG:root:Not flattening 140470624109328 into 94759629280608 of type <type 'NoneType'>
DEBUG:root:Flattening <class 'ir2.StatList'> 140470624109328
DEBUG:root:Failed!
DEBUG:root:<class 'ir2.FunctionPrologueStat'> 'flatten' is not in list
DEBUG:root:<class 'ir2.LoadStat'> 'flatten' is not in list
DEBUG:root:<class 'ir2.LoadStat'> 'flatten' is not in list
DEBUG:root:<class 'ir2.BinStat'> 'flatten' is not in list
DEBUG:root:Flattening 140470624112464 into 140470624109008
DEBUG:root:Flattening <class 'ir2.StatList'> 140470624112464
DEBUG:root:<class 'ir2.StoreStat'> 'flatten' is not in list
DEBUG:root:Flattening 140470624109008 into 140470624059088
DEBUG:root:Flattening <class 'ir2.StatList'> 140470624109008
DEBUG:root:Not flattening 140470624059088 into 94759629280608 of type <type 'NoneType'>
DEBUG:root:Flattening <class 'ir2.StatList'> 140470624059088
DEBUG:root:Failed!
DEBUG:root:<class 'ir2.DefinitionList'> 'flatten' is not in list
DEBUG:root:<class 'ir2.Block'> 'flatten' is not in list
DEBUG:root:<class 'ir2.ReturnStat'> 'flatten' is not in list
DEBUG:root:Not flattening 140470624112016 into 140470624109200 of type <class 'ir2.FunctionDef'>
DEBUG:root:Flattening <class 'ir2.StatList'> 140470624112016
DEBUG:root:Failed!
DEBUG:root:<class 'ir2.FunctionDef'> 'flatten' is not in list
DEBUG:root:<class 'ir2.DefinitionList'> 'flatten' is not in list
DEBUG:root:<class 'ir2.Block'> 'flatten' is not in list
DEBUG:root:
 <class 'ir2.Block'> 140470624109264 {
	<class 'ir2.DefinitionList'> 140470624058448 {
		<class 'ir2.FunctionDef'> 140470624109200 {
			function square 
			<class 'ir2.StatList'> 140470624112016 {
				<class 'ir2.FunctionPrologueStat'> 140470624110736 {
				}
				<class 'ir2.Block'> 140470624058896 {
					<class 'ir2.DefinitionList'> 140470624058832 {
					}
					<class 'ir2.StatList'> 140470624059088 {
						<class 'ir2.LoadStat'> 140470624112272 {
							int int12 register
							int x 
						}
						<class 'ir2.LoadStat'> 140470624112336 {
							int int13 register
							int x 
						}
						<class 'ir2.BinStat'> 140470624112400 {
							'times'
							int int14 register
							int int12 register
							int int13 register
						}
						<class 'ir2.StoreStat'> 140470624112080 {
							int squ 
							int int14 register
						}
					}
				}
				<class 'ir2.ReturnStat'> 140470624109136 {
				}
			}
		}
	}
	<class 'ir2.StatList'> 140470624109328 {
		main : <class 'ir2.FunctionPrologueStat'> 140470624110544 {
		}
		<class 'ir2.LoadStat'> 140470624110800 {
			int int4 register
			int int1 1 const 
		}
		<class 'ir2.StoreStat'> 140470624110672 {
			int x 
			int int4 register
		}
		label2 : <class 'ir2.LoadStat'> 140470624111120 {
			int int5 register
			int x 
		}
		<class 'ir2.LoadStat'> 140470624111184 {
			int int6 register
			int int2 10 const 
		}
		<class 'ir2.BinStat'> 140470624111248 {
			'leq'
			int int7 register
			int int5 register
			int int6 register
		}
		<class 'ir2.BranchStat'> 140470624111824 {
			'gtr'
			int int11 register
			label label1
		}
		<class 'ir2.CallStat'> 140470624109968 {
			<class 'ir2.BranchLinkStat'> 140470624111440 {
				None
				None
				function square 
			}
		}
		<class 'ir2.LoadStat'> 140470624111568 {
			int int8 register
			int x 
		}
		<class 'ir2.LoadStat'> 140470624111632 {
			int int9 register
			int int3 1 const 
		}
		<class 'ir2.BinStat'> 140470624111696 {
			'plus'
			int int10 register
			int int8 register
			int int9 register
		}
		<class 'ir2.StoreStat'> 140470624109904 {
			int x 
			int int10 register
		}
		<class 'ir2.PrintStat'> 140470624110480 {
			int squ 
		}
		<class 'ir2.BranchStat'> 140470624111888 {
			None
			None
			label label2
		}
		label1 : <class 'ir2.EmptyStat'> 140470624110416 {
		}
		<class 'ir2.ReturnStat'> 140470624112528 {
		}
	}
} 

DEBUG:root:Data Layout <class 'ir2.Block'> 140470624109264
DEBUG:root:Failed!
DEBUG:root:<class 'ir2.StatList'> 'NoneType' object is not callable
DEBUG:root:<class 'ir2.FunctionPrologueStat'> 'dataLayout' is not in list
DEBUG:root:<class 'ir2.LoadStat'> 'dataLayout' is not in list
DEBUG:root:<class 'ir2.StoreStat'> 'dataLayout' is not in list
DEBUG:root:<class 'ir2.LoadStat'> 'dataLayout' is not in list
DEBUG:root:<class 'ir2.LoadStat'> 'dataLayout' is not in list
DEBUG:root:<class 'ir2.BinStat'> 'dataLayout' is not in list
DEBUG:root:<class 'ir2.BranchStat'> 'dataLayout' is not in list
DEBUG:root:<class 'ir2.CallStat'> 'dataLayout' is not in list
DEBUG:root:<class 'ir2.BranchLinkStat'> 'dataLayout' is not in list
DEBUG:root:<class 'ir2.LoadStat'> 'dataLayout' is not in list
DEBUG:root:<class 'ir2.LoadStat'> 'dataLayout' is not in list
DEBUG:root:<class 'ir2.BinStat'> 'dataLayout' is not in list
DEBUG:root:<class 'ir2.StoreStat'> 'dataLayout' is not in list
DEBUG:root:<class 'ir2.PrintStat'> 'dataLayout' is not in list
DEBUG:root:<class 'ir2.BranchStat'> 'dataLayout' is not in list
DEBUG:root:<class 'ir2.EmptyStat'> 'dataLayout' is not in list
DEBUG:root:<class 'ir2.ReturnStat'> 'dataLayout' is not in list
DEBUG:root:<class 'ir2.DefinitionList'> 'dataLayout' is not in list
DEBUG:root:<class 'ir2.FunctionDef'> 'dataLayout' is not in list
DEBUG:root:<class 'ir2.StatList'> 'NoneType' object is not callable
DEBUG:root:<class 'ir2.FunctionPrologueStat'> 'dataLayout' is not in list
DEBUG:root:Data Layout <class 'ir2.Block'> 140470624058896
DEBUG:root:Failed!
DEBUG:root:<class 'ir2.StatList'> 'NoneType' object is not callable
DEBUG:root:<class 'ir2.LoadStat'> 'dataLayout' is not in list
DEBUG:root:<class 'ir2.LoadStat'> 'dataLayout' is not in list
DEBUG:root:<class 'ir2.BinStat'> 'dataLayout' is not in list
DEBUG:root:<class 'ir2.StoreStat'> 'dataLayout' is not in list
DEBUG:root:<class 'ir2.DefinitionList'> 'dataLayout' is not in list
DEBUG:root:<class 'ir2.ReturnStat'> 'dataLayout' is not in list
DEBUG:root:Uses of main : <class 'ir2.FunctionPrologueStat'> 140470624110544 {
}: []
DEBUG:root:Uses of <class 'ir2.LoadStat'> 140470624110800 {
	int int4 register
	int int1 1 const 
}: []
DEBUG:root:Uses of <class 'ir2.StoreStat'> 140470624110672 {
	int x global
	int int4 register
}: [int int4 register]
DEBUG:root:Uses of <class 'ir2.StoreStat'> 140470624110672 {
	int x global
	int int4 register
}: [int int4 register]
DEBUG:root:Uses of <class 'ir2.LoadStat'> 140470624110800 {
	int int4 register
	int int1 1 const 
}: []
DEBUG:root:Uses of main : <class 'ir2.FunctionPrologueStat'> 140470624110544 {
}: []
DEBUG:root:Uses of label2 : <class 'ir2.LoadStat'> 140470624111120 {
	int int5 register
	int x global
}: []
DEBUG:root:Uses of <class 'ir2.LoadStat'> 140470624111184 {
	int int6 register
	int int2 10 const 
}: []
DEBUG:root:Uses of <class 'ir2.BinStat'> 140470624111248 {
	'leq'
	int int7 register
	int int5 register
	int int6 register
}: [int int5 register, int int6 register]
DEBUG:root:Uses of <class 'ir2.BranchStat'> 140470624111824 {
	'gtr'
	int int11 register
	label label1
}: [int int11 register]
DEBUG:root:Uses of <class 'ir2.BranchStat'> 140470624111824 {
	'gtr'
	int int11 register
	label label1
}: [int int11 register]
DEBUG:root:Uses of <class 'ir2.BinStat'> 140470624111248 {
	'leq'
	int int7 register
	int int5 register
	int int6 register
}: [int int5 register, int int6 register]
DEBUG:root:Uses of <class 'ir2.LoadStat'> 140470624111184 {
	int int6 register
	int int2 10 const 
}: []
DEBUG:root:Uses of label2 : <class 'ir2.LoadStat'> 140470624111120 {
	int int5 register
	int x global
}: []
DEBUG:root:Uses of <class 'ir2.CallStat'> 140470624109968 {
	<class 'ir2.BranchLinkStat'> 140470624111440 {
		None
		None
		function square 
	}
}: []
DEBUG:root:Uses of <class 'ir2.CallStat'> 140470624109968 {
	<class 'ir2.BranchLinkStat'> 140470624111440 {
		None
		None
		function square 
	}
}: []
DEBUG:root:Uses of <class 'ir2.LoadStat'> 140470624111568 {
	int int8 register
	int x global
}: []
DEBUG:root:Uses of <class 'ir2.LoadStat'> 140470624111632 {
	int int9 register
	int int3 1 const 
}: []
DEBUG:root:Uses of <class 'ir2.BinStat'> 140470624111696 {
	'plus'
	int int10 register
	int int8 register
	int int9 register
}: [int int8 register, int int9 register]
DEBUG:root:Uses of <class 'ir2.StoreStat'> 140470624109904 {
	int x global
	int int10 register
}: [int int10 register]
DEBUG:root:Uses of <class 'ir2.PrintStat'> 140470624110480 {
	int squ global
}: []
DEBUG:root:Uses of <class 'ir2.BranchStat'> 140470624111888 {
	None
	None
	label label2
}: [None]
DEBUG:root:Uses of <class 'ir2.BranchStat'> 140470624111888 {
	None
	None
	label label2
}: [None]
DEBUG:root:Uses of <class 'ir2.PrintStat'> 140470624110480 {
	int squ global
}: []
DEBUG:root:Uses of <class 'ir2.StoreStat'> 140470624109904 {
	int x global
	int int10 register
}: [int int10 register]
DEBUG:root:Uses of <class 'ir2.BinStat'> 140470624111696 {
	'plus'
	int int10 register
	int int8 register
	int int9 register
}: [int int8 register, int int9 register]
DEBUG:root:Uses of <class 'ir2.LoadStat'> 140470624111632 {
	int int9 register
	int int3 1 const 
}: []
DEBUG:root:Uses of <class 'ir2.LoadStat'> 140470624111568 {
	int int8 register
	int x global
}: []
DEBUG:root:Uses of label1 : <class 'ir2.EmptyStat'> 140470624110416 {
}: []
DEBUG:root:Uses of <class 'ir2.ReturnStat'> 140470624112528 {
}: []
DEBUG:root:Uses of <class 'ir2.ReturnStat'> 140470624112528 {
}: []
DEBUG:root:Uses of label1 : <class 'ir2.EmptyStat'> 140470624110416 {
}: []
DEBUG:root:Uses of <class 'ir2.FunctionPrologueStat'> 140470624110736 {
}: []
DEBUG:root:Uses of <class 'ir2.Block'> 140470624058896 {
	<class 'ir2.DefinitionList'> 140470624058832 {
	}
	<class 'ir2.StatList'> 140470624059088 {
		<class 'ir2.LoadStat'> 140470624112272 {
			int int12 register
			int x global
		}
		<class 'ir2.LoadStat'> 140470624112336 {
			int int13 register
			int x global
		}
		<class 'ir2.BinStat'> 140470624112400 {
			'times'
			int int14 register
			int int12 register
			int int13 register
		}
		<class 'ir2.StoreStat'> 140470624112080 {
			int squ global
			int int14 register
		}
	}
}: []
DEBUG:root:Uses of <class 'ir2.ReturnStat'> 140470624109136 {
}: []
DEBUG:root:Uses of <class 'ir2.ReturnStat'> 140470624109136 {
}: []
DEBUG:root:Uses of <class 'ir2.Block'> 140470624058896 {
	<class 'ir2.DefinitionList'> 140470624058832 {
	}
	<class 'ir2.StatList'> 140470624059088 {
		<class 'ir2.LoadStat'> 140470624112272 {
			int int12 register
			int x global
		}
		<class 'ir2.LoadStat'> 140470624112336 {
			int int13 register
			int x global
		}
		<class 'ir2.BinStat'> 140470624112400 {
			'times'
			int int14 register
			int int12 register
			int int13 register
		}
		<class 'ir2.StoreStat'> 140470624112080 {
			int squ global
			int int14 register
		}
	}
}: []
DEBUG:root:Uses of <class 'ir2.FunctionPrologueStat'> 140470624110736 {
}: []
DEBUG:root:Uses of <class 'ir2.LoadStat'> 140470624112272 {
	int int12 register
	int x global
}: []
DEBUG:root:Uses of <class 'ir2.LoadStat'> 140470624112336 {
	int int13 register
	int x global
}: []
DEBUG:root:Uses of <class 'ir2.BinStat'> 140470624112400 {
	'times'
	int int14 register
	int int12 register
	int int13 register
}: [int int12 register, int int13 register]
DEBUG:root:Uses of <class 'ir2.StoreStat'> 140470624112080 {
	int squ global
	int int14 register
}: [int int14 register]
DEBUG:root:Uses of <class 'ir2.StoreStat'> 140470624112080 {
	int squ global
	int int14 register
}: [int int14 register]
DEBUG:root:Uses of <class 'ir2.BinStat'> 140470624112400 {
	'times'
	int int14 register
	int int12 register
	int int13 register
}: [int int12 register, int int13 register]
DEBUG:root:Uses of <class 'ir2.LoadStat'> 140470624112336 {
	int int13 register
	int x global
}: []
DEBUG:root:Uses of <class 'ir2.LoadStat'> 140470624112272 {
	int int12 register
	int x global
}: []
DEBUG:root:Registers: set([int int9 register, int int10 register, int int6 register, int int4 register, int int14 register, int int11 register, int int13 register, int int8 register, int int5 register, int int12 register])
DEBUG:root:Interference Graph: set([(int int5 register, int int11 register), (int int13 register, int int12 register), (int int9 register, int int8 register), (int int11 register, int int5 register), (int int11 register, int int6 register), (int int6 register, int int11 register), (int int5 register, int int6 register), (int int8 register, int int9 register), (int int6 register, int int5 register), (int int12 register, int int13 register)])
INFO:root:Generating code for <class 'ir2.Block'> 140470624109264
INFO:root:Generating code for <class 'ir2.StatList'> 140470624109328
INFO:root:Generating code for <class 'ir2.FunctionPrologueStat'> 140470624110544
INFO:root:Generating code for <class 'ir2.LoadStat'> 140470624110800
INFO:root:Generating code for <class 'ir2.StoreStat'> 140470624110672
INFO:root:Generating code for <class 'ir2.LoadStat'> 140470624111120
INFO:root:Generating code for <class 'ir2.LoadStat'> 140470624111184
INFO:root:Generating code for <class 'ir2.BinStat'> 140470624111248
INFO:root:Generating code for <class 'ir2.BranchStat'> 140470624111824
INFO:root:Generating code for <class 'ir2.CallStat'> 140470624109968
INFO:root:Generating code for <class 'ir2.BranchLinkStat'> 140470624111440
INFO:root:Generating code for <class 'ir2.LoadStat'> 140470624111568
INFO:root:Generating code for <class 'ir2.LoadStat'> 140470624111632
INFO:root:Generating code for <class 'ir2.BinStat'> 140470624111696
INFO:root:Generating code for <class 'ir2.StoreStat'> 140470624109904
INFO:root:Generating code for <class 'ir2.PrintStat'> 140470624110480
INFO:root:Generating code for <class 'ir2.BranchStat'> 140470624111888
INFO:root:Generating code for <class 'ir2.EmptyStat'> 140470624110416
INFO:root:Generating code for <class 'ir2.ReturnStat'> 140470624112528
INFO:root:Generating code for <class 'ir2.DefinitionList'> 140470624058448
INFO:root:Generating code for <class 'ir2.FunctionDef'> 140470624109200
INFO:root:Generating code for <class 'ir2.StatList'> 140470624112016
INFO:root:Generating code for <class 'ir2.FunctionPrologueStat'> 140470624110736
INFO:root:Generating code for <class 'ir2.Block'> 140470624058896
INFO:root:Generating code for <class 'ir2.StatList'> 140470624059088
INFO:root:Generating code for <class 'ir2.LoadStat'> 140470624112272
INFO:root:Generating code for <class 'ir2.LoadStat'> 140470624112336
INFO:root:Generating code for <class 'ir2.BinStat'> 140470624112400
INFO:root:Generating code for <class 'ir2.StoreStat'> 140470624112080
INFO:root:Generating code for <class 'ir2.DefinitionList'> 140470624058832
INFO:root:Generating code for <class 'ir2.ReturnStat'> 140470624109136
DEBUG:root:
*********************************************
	Starting debug with standard test program
*********************************************

DEBUG:root:start <function program at 0x7f9346569de8>
DEBUG:root:getsym: varsym var
DEBUG:root:start <function block at 0x7f9346569cf8>
DEBUG:root:accepting constsym == varsym
DEBUG:root:accepting varsym == varsym
DEBUG:root:getsym: ident x
DEBUG:root:expecting ident
DEBUG:root:accepting ident == ident
DEBUG:root:getsym: comma ,
DEBUG:root:accepting comma == comma
DEBUG:root:getsym: ident squ
DEBUG:root:expecting ident
DEBUG:root:accepting ident == ident
DEBUG:root:getsym: semicolon ;
DEBUG:root:accepting comma == semicolon
DEBUG:root:expecting semicolon
DEBUG:root:accepting semicolon == semicolon
DEBUG:root:getsym: procsym procedure
DEBUG:root:accepting procsym == procsym
DEBUG:root:getsym: ident square
DEBUG:root:expecting ident
DEBUG:root:accepting ident == ident
DEBUG:root:getsym: semicolon ;
DEBUG:root:expecting semicolon
DEBUG:root:accepting semicolon == semicolon
DEBUG:root:getsym: beginsym begin
DEBUG:root:start <function block at 0x7f9346569cf8>
DEBUG:root:accepting constsym == beginsym
DEBUG:root:accepting varsym == beginsym
DEBUG:root:accepting procsym == beginsym
DEBUG:root:start <function statement at 0x7f9346569c08>
DEBUG:root:accepting ident == beginsym
DEBUG:root:accepting callsym == beginsym
DEBUG:root:accepting beginsym == beginsym
DEBUG:root:getsym: ident squ
DEBUG:root:StatList : new 140270496288656
DEBUG:root:start <function statement at 0x7f9346569c08>
DEBUG:root:accepting ident == ident
DEBUG:root:getsym: becomes :=
DEBUG:root:Looking up squ
DEBUG:root:Looking up in parent
DEBUG:root:Looking up squ
DEBUG:root:expecting becomes
DEBUG:root:accepting becomes == becomes
DEBUG:root:getsym: ident x
DEBUG:root:start <function expression at 0x7f9346569a28>
DEBUG:root:start <function term at 0x7f9346569938>
DEBUG:root:start <function factor at 0x7f9346569848>
DEBUG:root:accepting ident == ident
DEBUG:root:getsym: times *
DEBUG:root:Looking up x
DEBUG:root:Looking up in parent
DEBUG:root:Looking up x
DEBUG:root:end <function factor at 0x7f9346569848>
DEBUG:root:getsym: ident x
DEBUG:root:start <function factor at 0x7f9346569848>
DEBUG:root:accepting ident == ident
DEBUG:root:getsym: endsym end
DEBUG:root:Looking up x
DEBUG:root:Looking up in parent
DEBUG:root:Looking up x
DEBUG:root:end <function factor at 0x7f9346569848>
DEBUG:root:end <function term at 0x7f9346569938>
DEBUG:root:end <function expression at 0x7f9346569a28>
DEBUG:root:end <function statement at 0x7f9346569c08>
DEBUG:root:StatList: appending 140270496346896 of type <class 'ir2.AssignStat'> to 140270496288656
DEBUG:root:accepting semicolon == endsym
DEBUG:root:expecting endsym
DEBUG:root:accepting endsym == endsym
DEBUG:root:getsym: semicolon ;
DEBUG:root:StatList 140270496288656 : [
DEBUG:root:140270496346896 
DEBUG:root:]
DEBUG:root:end <function statement at 0x7f9346569c08>
DEBUG:root:end <function block at 0x7f9346569cf8>
DEBUG:root:expecting semicolon
DEBUG:root:accepting semicolon == semicolon
DEBUG:root:getsym: beginsym begin
DEBUG:root:Looking up square
DEBUG:root:accepting procsym == beginsym
DEBUG:root:start <function statement at 0x7f9346569c08>
DEBUG:root:accepting ident == beginsym
DEBUG:root:accepting callsym == beginsym
DEBUG:root:accepting beginsym == beginsym
DEBUG:root:getsym: ident x
DEBUG:root:StatList : new 140270496347088
DEBUG:root:start <function statement at 0x7f9346569c08>
DEBUG:root:accepting ident == ident
DEBUG:root:getsym: becomes :=
DEBUG:root:Looking up x
DEBUG:root:expecting becomes
DEBUG:root:accepting becomes == becomes
DEBUG:root:getsym: number 1
DEBUG:root:start <function expression at 0x7f9346569a28>
DEBUG:root:start <function term at 0x7f9346569938>
DEBUG:root:start <function factor at 0x7f9346569848>
DEBUG:root:accepting ident == number
DEBUG:root:accepting number == number
DEBUG:root:getsym: semicolon ;
DEBUG:root:end <function factor at 0x7f9346569848>
DEBUG:root:end <function term at 0x7f9346569938>
DEBUG:root:end <function expression at 0x7f9346569a28>
DEBUG:root:end <function statement at 0x7f9346569c08>
DEBUG:root:StatList: appending 140270496347280 of type <class 'ir2.AssignStat'> to 140270496347088
DEBUG:root:accepting semicolon == semicolon
DEBUG:root:getsym: whilesym while
DEBUG:root:start <function statement at 0x7f9346569c08>
DEBUG:root:accepting ident == whilesym
DEBUG:root:accepting callsym == whilesym
DEBUG:root:accepting beginsym == whilesym
DEBUG:root:accepting ifsym == whilesym
DEBUG:root:accepting whilesym == whilesym
DEBUG:root:getsym: ident x
DEBUG:root:start <function condition at 0x7f9346569b18>
DEBUG:root:accepting oddsym == ident
DEBUG:root:start <function expression at 0x7f9346569a28>
DEBUG:root:start <function term at 0x7f9346569938>
DEBUG:root:start <function factor at 0x7f9346569848>
DEBUG:root:accepting ident == ident
DEBUG:root:getsym: leq <=
DEBUG:root:Looking up x
DEBUG:root:end <function factor at 0x7f9346569848>
DEBUG:root:end <function term at 0x7f9346569938>
DEBUG:root:end <function expression at 0x7f9346569a28>
DEBUG:root:getsym: number 10
DEBUG:root:condition operator leq number
DEBUG:root:start <function expression at 0x7f9346569a28>
DEBUG:root:start <function term at 0x7f9346569938>
DEBUG:root:start <function factor at 0x7f9346569848>
DEBUG:root:accepting ident == number
DEBUG:root:accepting number == number
DEBUG:root:getsym: dosym do
DEBUG:root:end <function factor at 0x7f9346569848>
DEBUG:root:end <function term at 0x7f9346569938>
DEBUG:root:end <function expression at 0x7f9346569a28>
DEBUG:root:end <function condition at 0x7f9346569b18>
DEBUG:root:expecting dosym
DEBUG:root:accepting dosym == dosym
DEBUG:root:getsym: beginsym begin
DEBUG:root:start <function statement at 0x7f9346569c08>
DEBUG:root:accepting ident == beginsym
DEBUG:root:accepting callsym == beginsym
DEBUG:root:accepting beginsym == beginsym
DEBUG:root:getsym: callsym call
DEBUG:root:StatList : new 140270496347600
DEBUG:root:start <function statement at 0x7f9346569c08>
DEBUG:root:accepting ident == callsym
DEBUG:root:accepting callsym == callsym
DEBUG:root:getsym: ident square
DEBUG:root:expecting ident
DEBUG:root:accepting ident == ident
DEBUG:root:getsym: semicolon ;
DEBUG:root:Looking up square
DEBUG:root:end <function statement at 0x7f9346569c08>
DEBUG:root:StatList: appending 140270496347728 of type <class 'ir2.CallStat'> to 140270496347600
DEBUG:root:accepting semicolon == semicolon
DEBUG:root:getsym: ident x
DEBUG:root:start <function statement at 0x7f9346569c08>
DEBUG:root:accepting ident == ident
DEBUG:root:getsym: becomes :=
DEBUG:root:Looking up x
DEBUG:root:expecting becomes
DEBUG:root:accepting becomes == becomes
DEBUG:root:getsym: ident x
DEBUG:root:start <function expression at 0x7f9346569a28>
DEBUG:root:start <function term at 0x7f9346569938>
DEBUG:root:start <function factor at 0x7f9346569848>
DEBUG:root:accepting ident == ident
DEBUG:root:getsym: plus +
DEBUG:root:Looking up x
DEBUG:root:end <function factor at 0x7f9346569848>
DEBUG:root:end <function term at 0x7f9346569938>
DEBUG:root:getsym: number 1
DEBUG:root:start <function term at 0x7f9346569938>
DEBUG:root:start <function factor at 0x7f9346569848>
DEBUG:root:accepting ident == number
DEBUG:root:accepting number == number
DEBUG:root:getsym: semicolon ;
DEBUG:root:end <function factor at 0x7f9346569848>
DEBUG:root:end <function term at 0x7f9346569938>
DEBUG:root:end <function expression at 0x7f9346569a28>
DEBUG:root:end <function statement at 0x7f9346569c08>
DEBUG:root:StatList: appending 140270496348176 of type <class 'ir2.AssignStat'> to 140270496347600
DEBUG:root:accepting semicolon == semicolon
DEBUG:root:getsym: print !
DEBUG:root:start <function statement at 0x7f9346569c08>
DEBUG:root:accepting ident == print
DEBUG:root:accepting callsym == print
DEBUG:root:accepting beginsym == print
DEBUG:root:accepting ifsym == print
DEBUG:root:accepting whilesym == print
DEBUG:root:accepting print == print
DEBUG:root:getsym: ident squ
DEBUG:root:expecting ident
DEBUG:root:accepting ident == ident
DEBUG:root:getsym: endsym end
DEBUG:root:Looking up squ
DEBUG:root:end <function statement at 0x7f9346569c08>
DEBUG:root:StatList: appending 140270496348240 of type <class 'ir2.PrintStat'> to 140270496347600
DEBUG:root:accepting semicolon == endsym
DEBUG:root:expecting endsym
DEBUG:root:accepting endsym == endsym
DEBUG:root:getsym: endsym end
DEBUG:root:StatList 140270496347600 : [
DEBUG:root:140270496347728 
DEBUG:root:140270496348176 
DEBUG:root:140270496348240 
DEBUG:root:]
DEBUG:root:end <function statement at 0x7f9346569c08>
DEBUG:root:end <function statement at 0x7f9346569c08>
DEBUG:root:StatList: appending 140270496348304 of type <class 'ir2.WhileStat'> to 140270496347088
DEBUG:root:accepting semicolon == endsym
DEBUG:root:expecting endsym
DEBUG:root:accepting endsym == endsym
DEBUG:root:getsym: period .
DEBUG:root:StatList 140270496347088 : [
DEBUG:root:140270496347280 
DEBUG:root:140270496348304 
DEBUG:root:]
DEBUG:root:end <function statement at 0x7f9346569c08>
DEBUG:root:end <function block at 0x7f9346569cf8>
DEBUG:root:expecting period
DEBUG:root:accepting period == period
DEBUG:root:end <function program at 0x7f9346569de8>
DEBUG:root:
 <class 'ir2.Block'> 140270496347024 {
	<class 'ir2.DefinitionList'> 140270496288016 {
		<class 'ir2.FunctionDef'> 140270496346960 {
			function square 
			<class 'ir2.Block'> 140270496288464 {
				<class 'ir2.DefinitionList'> 140270496288400 {
				}
				<class 'ir2.StatList'> 140270496288656 {
					<class 'ir2.AssignStat'> 140270496346896 {
						int squ 
						<class 'ir2.BinExpr'> 140270496346832 {
							'times'
							<class 'ir2.Var'> 140270496346640 {
								int x 
							}
							<class 'ir2.Var'> 140270496346768 {
								int x 
							}
						}
					}
				}
			}
		}
	}
	<class 'ir2.StatList'> 140270496347088 {
		<class 'ir2.AssignStat'> 140270496347280 {
			int x 
			<class 'ir2.Const'> 140270496347152 {
				int int1 1 const 
			}
		}
		<class 'ir2.WhileStat'> 140270496348304 {
			<class 'ir2.BinExpr'> 140270496347536 {
				'leq'
				<class 'ir2.Var'> 140270496347344 {
					int x 
				}
				<class 'ir2.Const'> 140270496347408 {
					int int2 10 const 
				}
			}
			<class 'ir2.StatList'> 140270496347600 {
				<class 'ir2.CallStat'> 140270496347728 {
					<class 'ir2.CallExpr'> 140270496347664 {
						function square 
					}
				}
				<class 'ir2.AssignStat'> 140270496348176 {
					int x 
					<class 'ir2.BinExpr'> 140270496348112 {
						'plus'
						<class 'ir2.Var'> 140270496347856 {
							int x 
						}
						<class 'ir2.Const'> 140270496347984 {
							int int3 1 const 
						}
					}
				}
				<class 'ir2.PrintStat'> 140270496348240 {
					int squ 
				}
			}
		}
	}
} 

DEBUG:root:Lowering <class 'ir2.Const'> 140270496347152
DEBUG:root:StatList : new 140270496348688
DEBUG:root:Lowering <class 'ir2.AssignStat'> 140270496347280
DEBUG:root:Lowering <class 'ir2.Var'> 140270496347344
DEBUG:root:Lowering <class 'ir2.Const'> 140270496347408
DEBUG:root:StatList : new 140270496349072
DEBUG:root:Lowering <class 'ir2.BinExpr'> 140270496347536
DEBUG:root:Lowering <class 'ir2.CallExpr'> 140270496347664
DEBUG:root:Cannot lower <class 'ir2.CallStat'> 'lower' is not in list
DEBUG:root:Lowering <class 'ir2.Var'> 140270496347856
DEBUG:root:Lowering <class 'ir2.Const'> 140270496347984
DEBUG:root:StatList : new 140270496349520
DEBUG:root:Lowering <class 'ir2.BinExpr'> 140270496348112
DEBUG:root:StatList : new 140270496347984
DEBUG:root:Lowering <class 'ir2.AssignStat'> 140270496348176
DEBUG:root:Cannot lower <class 'ir2.PrintStat'> 'lower' is not in list
DEBUG:root:Cannot lower <class 'ir2.StatList'> 'NoneType' object is not callable
DEBUG:root:None attached to <class 'ir2.StatList'> 140270496349072 {
	label2 : <class 'ir2.LoadStat'> 140270496348880 {
		int int5 register
		int x 
	}
	<class 'ir2.LoadStat'> 140270496348944 {
		int int6 register
		int int2 10 const 
	}
	<class 'ir2.BinStat'> 140270496349008 {
		'leq'
		int int7 register
		int int5 register
		int int6 register
	}
}
DEBUG:root:StatList : new 140270496349712
DEBUG:root:Lowering <class 'ir2.WhileStat'> 140270496348304
DEBUG:root:Cannot lower <class 'ir2.StatList'> 'NoneType' object is not callable
DEBUG:root:Lowering <class 'ir2.Var'> 140270496346640
DEBUG:root:Lowering <class 'ir2.Var'> 140270496346768
DEBUG:root:StatList : new 140270496407632
DEBUG:root:Lowering <class 'ir2.BinExpr'> 140270496346832
DEBUG:root:StatList : new 140270496346768
DEBUG:root:Lowering <class 'ir2.AssignStat'> 140270496346896
DEBUG:root:Cannot lower <class 'ir2.StatList'> 'NoneType' object is not callable
DEBUG:root:Cannot lower <class 'ir2.DefinitionList'> 'lower' is not in list
DEBUG:root:Lowering <class 'ir2.Block'> 140270496288464
DEBUG:root:Failed!
DEBUG:root:StatList : new 140270496349776
DEBUG:root:Lowering <class 'ir2.FunctionDef'> 140270496346960
DEBUG:root:Failed!
DEBUG:root:Cannot lower <class 'ir2.DefinitionList'> 'lower' is not in list
DEBUG:root:StatList: inserting 140270496348304 of type <class 'ir2.FunctionPrologueStat'> into 140270496347088
DEBUG:root:StatList: appending 140270496407696 of type <class 'ir2.ReturnStat'> to 140270496347088
DEBUG:root:Lowering <class 'ir2.Block'> 140270496347024
DEBUG:root:Failed!
DEBUG:root:<class 'ir2.FunctionPrologueStat'> 'flatten' is not in list
DEBUG:root:<class 'ir2.LoadStat'> 'flatten' is not in list
DEBUG:root:<class 'ir2.StoreStat'> 'flatten' is not in list
DEBUG:root:Flattening 140270496348688 into 140270496347088
DEBUG:root:Flattening <class 'ir2.StatList'> 140270496348688
DEBUG:root:<class 'ir2.LoadStat'> 'flatten' is not in list
DEBUG:root:<class 'ir2.LoadStat'> 'flatten' is not in list
DEBUG:root:<class 'ir2.BinStat'> 'flatten' is not in list
DEBUG:root:Flattening 140270496349072 into 140270496349712
DEBUG:root:Flattening <class 'ir2.StatList'> 140270496349072
DEBUG:root:<class 'ir2.BranchStat'> 'flatten' is not in list
DEBUG:root:<class 'ir2.BranchLinkStat'> 'flatten' is not in list
DEBUG:root:<class 'ir2.CallStat'> 'flatten' is not in list
DEBUG:root:<class 'ir2.LoadStat'> 'flatten' is not in list
DEBUG:root:<class 'ir2.LoadStat'> 'flatten' is not in list
DEBUG:root:<class 'ir2.BinStat'> 'flatten' is not in list
DEBUG:root:Flattening 140270496349520 into 140270496347984
DEBUG:root:Flattening <class 'ir2.StatList'> 140270496349520
DEBUG:root:<class 'ir2.StoreStat'> 'flatten' is not in list
DEBUG:root:Flattening 140270496347984 into 140270496347600
DEBUG:root:Flattening <class 'ir2.StatList'> 140270496347984
DEBUG:root:<class 'ir2.PrintStat'> 'flatten' is not in list
DEBUG:root:Flattening 140270496347600 into 140270496349712
DEBUG:root:Flattening <class 'ir2.StatList'> 140270496347600
DEBUG:root:<class 'ir2.BranchStat'> 'flatten' is not in list
DEBUG:root:<class 'ir2.EmptyStat'> 'flatten' is not in list
DEBUG:root:Flattening 140270496349712 into 140270496347088
DEBUG:root:Flattening <class 'ir2.StatList'> 140270496349712
DEBUG:root:<class 'ir2.ReturnStat'> 'flatten' is not in list
DEBUG:root:Not flattening 140270496347088 into 94195582481760 of type <type 'NoneType'>
DEBUG:root:Flattening <class 'ir2.StatList'> 140270496347088
DEBUG:root:Failed!
DEBUG:root:<class 'ir2.FunctionPrologueStat'> 'flatten' is not in list
DEBUG:root:<class 'ir2.LoadStat'> 'flatten' is not in list
DEBUG:root:<class 'ir2.LoadStat'> 'flatten' is not in list
DEBUG:root:<class 'ir2.BinStat'> 'flatten' is not in list
DEBUG:root:Flattening 140270496407632 into 140270496346768
DEBUG:root:Flattening <class 'ir2.StatList'> 140270496407632
DEBUG:root:<class 'ir2.StoreStat'> 'flatten' is not in list
DEBUG:root:Flattening 140270496346768 into 140270496288656
DEBUG:root:Flattening <class 'ir2.StatList'> 140270496346768
DEBUG:root:Not flattening 140270496288656 into 94195582481760 of type <type 'NoneType'>
DEBUG:root:Flattening <class 'ir2.StatList'> 140270496288656
DEBUG:root:Failed!
DEBUG:root:<class 'ir2.DefinitionList'> 'flatten' is not in list
DEBUG:root:<class 'ir2.Block'> 'flatten' is not in list
DEBUG:root:<class 'ir2.ReturnStat'> 'flatten' is not in list
DEBUG:root:Not flattening 140270496349776 into 140270496346960 of type <class 'ir2.FunctionDef'>
DEBUG:root:Flattening <class 'ir2.StatList'> 140270496349776
DEBUG:root:Failed!
DEBUG:root:<class 'ir2.FunctionDef'> 'flatten' is not in list
DEBUG:root:<class 'ir2.DefinitionList'> 'flatten' is not in list
DEBUG:root:<class 'ir2.Block'> 'flatten' is not in list
DEBUG:root:
 <class 'ir2.Block'> 140270496347024 {
	<class 'ir2.DefinitionList'> 140270496288016 {
		<class 'ir2.FunctionDef'> 140270496346960 {
			function square 
			<class 'ir2.StatList'> 140270496349776 {
				<class 'ir2.FunctionPrologueStat'> 140270496348496 {
				}
				<class 'ir2.Block'> 140270496288464 {
					<class 'ir2.DefinitionList'> 140270496288400 {
					}
					<class 'ir2.StatList'> 140270496288656 {
						<class 'ir2.LoadStat'> 140270496350032 {
							int int12 register
							int x 
						}
						<class 'ir2.LoadStat'> 140270496350096 {
							int int13 register
							int x 
						}
						<class 'ir2.BinStat'> 140270496350160 {
							'times'
							int int14 register
							int int12 register
							int int13 register
						}
						<class 'ir2.StoreStat'> 140270496349840 {
							int squ 
							int int14 register
						}
					}
				}
				<class 'ir2.ReturnStat'> 140270496346896 {
				}
			}
		}
	}
	<class 'ir2.StatList'> 140270496347088 {
		main : <class 'ir2.FunctionPrologueStat'> 140270496348304 {
		}
		<class 'ir2.LoadStat'> 140270496348560 {
			int int4 register
			int int1 1 const 
		}
		<class 'ir2.StoreStat'> 140270496348432 {
			int x 
			int int4 register
		}
		label2 : <class 'ir2.LoadStat'> 140270496348880 {
			int int5 register
			int x 
		}
		<class 'ir2.LoadStat'> 140270496348944 {
			int int6 register
			int int2 10 const 
		}
		<class 'ir2.BinStat'> 140270496349008 {
			'leq'
			int int7 register
			int int5 register
			int int6 register
		}
		<class 'ir2.BranchStat'> 140270496349584 {
			'gtr'
			int int11 register
			label label1
		}
		<class 'ir2.CallStat'> 140270496347728 {
			<class 'ir2.BranchLinkStat'> 140270496349200 {
				None
				None
				function square 
			}
		}
		<class 'ir2.LoadStat'> 140270496349328 {
			int int8 register
			int x 
		}
		<class 'ir2.LoadStat'> 140270496349392 {
			int int9 register
			int int3 1 const 
		}
		<class 'ir2.BinStat'> 140270496349456 {
			'plus'
			int int10 register
			int int8 register
			int int9 register
		}
		<class 'ir2.StoreStat'> 140270496347664 {
			int x 
			int int10 register
		}
		<class 'ir2.PrintStat'> 140270496348240 {
			int squ 
		}
		<class 'ir2.BranchStat'> 140270496349648 {
			None
			None
			label label2
		}
		label1 : <class 'ir2.EmptyStat'> 140270496348176 {
		}
		<class 'ir2.ReturnStat'> 140270496407696 {
		}
	}
} 

DEBUG:root:Data Layout <class 'ir2.Block'> 140270496347024
DEBUG:root:Failed!
DEBUG:root:<class 'ir2.StatList'> 'NoneType' object is not callable
DEBUG:root:<class 'ir2.FunctionPrologueStat'> 'dataLayout' is not in list
DEBUG:root:<class 'ir2.LoadStat'> 'dataLayout' is not in list
DEBUG:root:<class 'ir2.StoreStat'> 'dataLayout' is not in list
DEBUG:root:<class 'ir2.LoadStat'> 'dataLayout' is not in list
DEBUG:root:<class 'ir2.LoadStat'> 'dataLayout' is not in list
DEBUG:root:<class 'ir2.BinStat'> 'dataLayout' is not in list
DEBUG:root:<class 'ir2.BranchStat'> 'dataLayout' is not in list
DEBUG:root:<class 'ir2.CallStat'> 'dataLayout' is not in list
DEBUG:root:<class 'ir2.BranchLinkStat'> 'dataLayout' is not in list
DEBUG:root:<class 'ir2.LoadStat'> 'dataLayout' is not in list
DEBUG:root:<class 'ir2.LoadStat'> 'dataLayout' is not in list
DEBUG:root:<class 'ir2.BinStat'> 'dataLayout' is not in list
DEBUG:root:<class 'ir2.StoreStat'> 'dataLayout' is not in list
DEBUG:root:<class 'ir2.PrintStat'> 'dataLayout' is not in list
DEBUG:root:<class 'ir2.BranchStat'> 'dataLayout' is not in list
DEBUG:root:<class 'ir2.EmptyStat'> 'dataLayout' is not in list
DEBUG:root:<class 'ir2.ReturnStat'> 'dataLayout' is not in list
DEBUG:root:<class 'ir2.DefinitionList'> 'dataLayout' is not in list
DEBUG:root:<class 'ir2.FunctionDef'> 'dataLayout' is not in list
DEBUG:root:<class 'ir2.StatList'> 'NoneType' object is not callable
DEBUG:root:<class 'ir2.FunctionPrologueStat'> 'dataLayout' is not in list
DEBUG:root:Data Layout <class 'ir2.Block'> 140270496288464
DEBUG:root:Failed!
DEBUG:root:<class 'ir2.StatList'> 'NoneType' object is not callable
DEBUG:root:<class 'ir2.LoadStat'> 'dataLayout' is not in list
DEBUG:root:<class 'ir2.LoadStat'> 'dataLayout' is not in list
DEBUG:root:<class 'ir2.BinStat'> 'dataLayout' is not in list
DEBUG:root:<class 'ir2.StoreStat'> 'dataLayout' is not in list
DEBUG:root:<class 'ir2.DefinitionList'> 'dataLayout' is not in list
DEBUG:root:<class 'ir2.ReturnStat'> 'dataLayout' is not in list
DEBUG:root:Uses of main : <class 'ir2.FunctionPrologueStat'> 140270496348304 {
}: []
DEBUG:root:Uses of <class 'ir2.LoadStat'> 140270496348560 {
	int int4 register
	int int1 1 const 
}: []
DEBUG:root:Uses of <class 'ir2.StoreStat'> 140270496348432 {
	int x global
	int int4 register
}: [int int4 register]
DEBUG:root:Uses of <class 'ir2.StoreStat'> 140270496348432 {
	int x global
	int int4 register
}: [int int4 register]
DEBUG:root:Uses of <class 'ir2.LoadStat'> 140270496348560 {
	int int4 register
	int int1 1 const 
}: []
DEBUG:root:Uses of main : <class 'ir2.FunctionPrologueStat'> 140270496348304 {
}: []
DEBUG:root:Uses of label2 : <class 'ir2.LoadStat'> 140270496348880 {
	int int5 register
	int x global
}: []
DEBUG:root:Uses of <class 'ir2.LoadStat'> 140270496348944 {
	int int6 register
	int int2 10 const 
}: []
DEBUG:root:Uses of <class 'ir2.BinStat'> 140270496349008 {
	'leq'
	int int7 register
	int int5 register
	int int6 register
}: [int int5 register, int int6 register]
DEBUG:root:Uses of <class 'ir2.BranchStat'> 140270496349584 {
	'gtr'
	int int11 register
	label label1
}: [int int11 register]
DEBUG:root:Uses of <class 'ir2.BranchStat'> 140270496349584 {
	'gtr'
	int int11 register
	label label1
}: [int int11 register]
DEBUG:root:Uses of <class 'ir2.BinStat'> 140270496349008 {
	'leq'
	int int7 register
	int int5 register
	int int6 register
}: [int int5 register, int int6 register]
DEBUG:root:Uses of <class 'ir2.LoadStat'> 140270496348944 {
	int int6 register
	int int2 10 const 
}: []
DEBUG:root:Uses of label2 : <class 'ir2.LoadStat'> 140270496348880 {
	int int5 register
	int x global
}: []
DEBUG:root:Uses of <class 'ir2.CallStat'> 140270496347728 {
	<class 'ir2.BranchLinkStat'> 140270496349200 {
		None
		None
		function square 
	}
}: []
DEBUG:root:Uses of <class 'ir2.CallStat'> 140270496347728 {
	<class 'ir2.BranchLinkStat'> 140270496349200 {
		None
		None
		function square 
	}
}: []
DEBUG:root:Uses of <class 'ir2.LoadStat'> 140270496349328 {
	int int8 register
	int x global
}: []
DEBUG:root:Uses of <class 'ir2.LoadStat'> 140270496349392 {
	int int9 register
	int int3 1 const 
}: []
DEBUG:root:Uses of <class 'ir2.BinStat'> 140270496349456 {
	'plus'
	int int10 register
	int int8 register
	int int9 register
}: [int int8 register, int int9 register]
DEBUG:root:Uses of <class 'ir2.StoreStat'> 140270496347664 {
	int x global
	int int10 register
}: [int int10 register]
DEBUG:root:Uses of <class 'ir2.PrintStat'> 140270496348240 {
	int squ global
}: []
DEBUG:root:Uses of <class 'ir2.BranchStat'> 140270496349648 {
	None
	None
	label label2
}: [None]
DEBUG:root:Uses of <class 'ir2.BranchStat'> 140270496349648 {
	None
	None
	label label2
}: [None]
DEBUG:root:Uses of <class 'ir2.PrintStat'> 140270496348240 {
	int squ global
}: []
DEBUG:root:Uses of <class 'ir2.StoreStat'> 140270496347664 {
	int x global
	int int10 register
}: [int int10 register]
DEBUG:root:Uses of <class 'ir2.BinStat'> 140270496349456 {
	'plus'
	int int10 register
	int int8 register
	int int9 register
}: [int int8 register, int int9 register]
DEBUG:root:Uses of <class 'ir2.LoadStat'> 140270496349392 {
	int int9 register
	int int3 1 const 
}: []
DEBUG:root:Uses of <class 'ir2.LoadStat'> 140270496349328 {
	int int8 register
	int x global
}: []
DEBUG:root:Uses of label1 : <class 'ir2.EmptyStat'> 140270496348176 {
}: []
DEBUG:root:Uses of <class 'ir2.ReturnStat'> 140270496407696 {
}: []
DEBUG:root:Uses of <class 'ir2.ReturnStat'> 140270496407696 {
}: []
DEBUG:root:Uses of label1 : <class 'ir2.EmptyStat'> 140270496348176 {
}: []
DEBUG:root:Uses of <class 'ir2.FunctionPrologueStat'> 140270496348496 {
}: []
DEBUG:root:Uses of <class 'ir2.Block'> 140270496288464 {
	<class 'ir2.DefinitionList'> 140270496288400 {
	}
	<class 'ir2.StatList'> 140270496288656 {
		<class 'ir2.LoadStat'> 140270496350032 {
			int int12 register
			int x global
		}
		<class 'ir2.LoadStat'> 140270496350096 {
			int int13 register
			int x global
		}
		<class 'ir2.BinStat'> 140270496350160 {
			'times'
			int int14 register
			int int12 register
			int int13 register
		}
		<class 'ir2.StoreStat'> 140270496349840 {
			int squ global
			int int14 register
		}
	}
}: []
DEBUG:root:Uses of <class 'ir2.ReturnStat'> 140270496346896 {
}: []
DEBUG:root:Uses of <class 'ir2.ReturnStat'> 140270496346896 {
}: []
DEBUG:root:Uses of <class 'ir2.Block'> 140270496288464 {
	<class 'ir2.DefinitionList'> 140270496288400 {
	}
	<class 'ir2.StatList'> 140270496288656 {
		<class 'ir2.LoadStat'> 140270496350032 {
			int int12 register
			int x global
		}
		<class 'ir2.LoadStat'> 140270496350096 {
			int int13 register
			int x global
		}
		<class 'ir2.BinStat'> 140270496350160 {
			'times'
			int int14 register
			int int12 register
			int int13 register
		}
		<class 'ir2.StoreStat'> 140270496349840 {
			int squ global
			int int14 register
		}
	}
}: []
DEBUG:root:Uses of <class 'ir2.FunctionPrologueStat'> 140270496348496 {
}: []
DEBUG:root:Uses of <class 'ir2.LoadStat'> 140270496350032 {
	int int12 register
	int x global
}: []
DEBUG:root:Uses of <class 'ir2.LoadStat'> 140270496350096 {
	int int13 register
	int x global
}: []
DEBUG:root:Uses of <class 'ir2.BinStat'> 140270496350160 {
	'times'
	int int14 register
	int int12 register
	int int13 register
}: [int int12 register, int int13 register]
DEBUG:root:Uses of <class 'ir2.StoreStat'> 140270496349840 {
	int squ global
	int int14 register
}: [int int14 register]
DEBUG:root:Uses of <class 'ir2.StoreStat'> 140270496349840 {
	int squ global
	int int14 register
}: [int int14 register]
DEBUG:root:Uses of <class 'ir2.BinStat'> 140270496350160 {
	'times'
	int int14 register
	int int12 register
	int int13 register
}: [int int12 register, int int13 register]
DEBUG:root:Uses of <class 'ir2.LoadStat'> 140270496350096 {
	int int13 register
	int x global
}: []
DEBUG:root:Uses of <class 'ir2.LoadStat'> 140270496350032 {
	int int12 register
	int x global
}: []
DEBUG:root:Registers: set([int int13 register, int int8 register, int int6 register, int int12 register, int int5 register, int int14 register, int int9 register, int int4 register, int int10 register, int int11 register])
DEBUG:root:Interference Graph: set([(int int5 register, int int6 register), (int int11 register, int int5 register), (int int8 register, int int9 register), (int int9 register, int int8 register), (int int5 register, int int11 register), (int int11 register, int int6 register), (int int12 register, int int13 register), (int int6 register, int int5 register), (int int13 register, int int12 register), (int int6 register, int int11 register)])
INFO:root:Generating code for <class 'ir2.Block'> 140270496347024
INFO:root:Generating code for <class 'ir2.StatList'> 140270496347088
INFO:root:Generating code for <class 'ir2.FunctionPrologueStat'> 140270496348304
INFO:root:Generating code for <class 'ir2.LoadStat'> 140270496348560
INFO:root:Generating code for <class 'ir2.StoreStat'> 140270496348432
INFO:root:Generating code for <class 'ir2.LoadStat'> 140270496348880
INFO:root:Generating code for <class 'ir2.LoadStat'> 140270496348944
INFO:root:Generating code for <class 'ir2.BinStat'> 140270496349008
INFO:root:Generating code for <class 'ir2.BranchStat'> 140270496349584
INFO:root:Generating code for <class 'ir2.CallStat'> 140270496347728
INFO:root:Generating code for <class 'ir2.BranchLinkStat'> 140270496349200
INFO:root:Generating code for <class 'ir2.LoadStat'> 140270496349328
INFO:root:Generating code for <class 'ir2.LoadStat'> 140270496349392
INFO:root:Generating code for <class 'ir2.BinStat'> 140270496349456
INFO:root:Generating code for <class 'ir2.StoreStat'> 140270496347664
INFO:root:Generating code for <class 'ir2.PrintStat'> 140270496348240
INFO:root:Generating code for <class 'ir2.BranchStat'> 140270496349648
INFO:root:Generating code for <class 'ir2.EmptyStat'> 140270496348176
INFO:root:Generating code for <class 'ir2.ReturnStat'> 140270496407696
INFO:root:Generating code for <class 'ir2.DefinitionList'> 140270496288016
INFO:root:Generating code for <class 'ir2.FunctionDef'> 140270496346960
INFO:root:Generating code for <class 'ir2.StatList'> 140270496349776
INFO:root:Generating code for <class 'ir2.FunctionPrologueStat'> 140270496348496
INFO:root:Generating code for <class 'ir2.Block'> 140270496288464
INFO:root:Generating code for <class 'ir2.StatList'> 140270496288656
INFO:root:Generating code for <class 'ir2.LoadStat'> 140270496350032
INFO:root:Generating code for <class 'ir2.LoadStat'> 140270496350096
INFO:root:Generating code for <class 'ir2.BinStat'> 140270496350160
INFO:root:Generating code for <class 'ir2.StoreStat'> 140270496349840
INFO:root:Generating code for <class 'ir2.DefinitionList'> 140270496288400
INFO:root:Generating code for <class 'ir2.ReturnStat'> 140270496346896
DEBUG:root:
*********************************************
	Starting debug with standard test program
*********************************************

DEBUG:root:start <function program at 0x7f42985c0de8>
DEBUG:root:getsym: varsym var
DEBUG:root:start <function block at 0x7f42985c0cf8>
DEBUG:root:accepting constsym == varsym
DEBUG:root:accepting varsym == varsym
DEBUG:root:getsym: ident x
DEBUG:root:expecting ident
DEBUG:root:accepting ident == ident
DEBUG:root:getsym: comma ,
DEBUG:root:accepting comma == comma
DEBUG:root:getsym: ident squ
DEBUG:root:expecting ident
DEBUG:root:accepting ident == ident
DEBUG:root:getsym: semicolon ;
DEBUG:root:accepting comma == semicolon
DEBUG:root:expecting semicolon
DEBUG:root:accepting semicolon == semicolon
DEBUG:root:getsym: procsym procedure
DEBUG:root:accepting procsym == procsym
DEBUG:root:getsym: ident square
DEBUG:root:expecting ident
DEBUG:root:accepting ident == ident
DEBUG:root:getsym: semicolon ;
DEBUG:root:expecting semicolon
DEBUG:root:accepting semicolon == semicolon
DEBUG:root:getsym: beginsym begin
DEBUG:root:start <function block at 0x7f42985c0cf8>
DEBUG:root:accepting constsym == beginsym
DEBUG:root:accepting varsym == beginsym
DEBUG:root:accepting procsym == beginsym
DEBUG:root:start <function statement at 0x7f42985c0c08>
DEBUG:root:accepting ident == beginsym
DEBUG:root:accepting callsym == beginsym
DEBUG:root:accepting beginsym == beginsym
DEBUG:root:getsym: ident squ
DEBUG:root:StatList : new 139923980013264
DEBUG:root:start <function statement at 0x7f42985c0c08>
DEBUG:root:accepting ident == ident
DEBUG:root:getsym: becomes :=
DEBUG:root:Looking up squ
DEBUG:root:Looking up in parent
DEBUG:root:Looking up squ
DEBUG:root:expecting becomes
DEBUG:root:accepting becomes == becomes
DEBUG:root:getsym: ident x
DEBUG:root:start <function expression at 0x7f42985c0a28>
DEBUG:root:start <function term at 0x7f42985c0938>
DEBUG:root:start <function factor at 0x7f42985c0848>
DEBUG:root:accepting ident == ident
DEBUG:root:getsym: times *
DEBUG:root:Looking up x
DEBUG:root:Looking up in parent
DEBUG:root:Looking up x
DEBUG:root:end <function factor at 0x7f42985c0848>
DEBUG:root:getsym: ident x
DEBUG:root:start <function factor at 0x7f42985c0848>
DEBUG:root:accepting ident == ident
DEBUG:root:getsym: endsym end
DEBUG:root:Looking up x
DEBUG:root:Looking up in parent
DEBUG:root:Looking up x
DEBUG:root:end <function factor at 0x7f42985c0848>
DEBUG:root:end <function term at 0x7f42985c0938>
DEBUG:root:end <function expression at 0x7f42985c0a28>
DEBUG:root:end <function statement at 0x7f42985c0c08>
DEBUG:root:StatList: appending 139923980063312 of type <class 'ir2.AssignStat'> to 139923980013264
DEBUG:root:accepting semicolon == endsym
DEBUG:root:expecting endsym
DEBUG:root:accepting endsym == endsym
DEBUG:root:getsym: semicolon ;
DEBUG:root:StatList 139923980013264 : [
DEBUG:root:139923980063312 
DEBUG:root:]
DEBUG:root:end <function statement at 0x7f42985c0c08>
DEBUG:root:end <function block at 0x7f42985c0cf8>
DEBUG:root:expecting semicolon
DEBUG:root:accepting semicolon == semicolon
DEBUG:root:getsym: beginsym begin
DEBUG:root:Looking up square
DEBUG:root:accepting procsym == beginsym
DEBUG:root:start <function statement at 0x7f42985c0c08>
DEBUG:root:accepting ident == beginsym
DEBUG:root:accepting callsym == beginsym
DEBUG:root:accepting beginsym == beginsym
DEBUG:root:getsym: ident x
DEBUG:root:StatList : new 139923980063504
DEBUG:root:start <function statement at 0x7f42985c0c08>
DEBUG:root:accepting ident == ident
DEBUG:root:getsym: becomes :=
DEBUG:root:Looking up x
DEBUG:root:expecting becomes
DEBUG:root:accepting becomes == becomes
DEBUG:root:getsym: number 1
DEBUG:root:start <function expression at 0x7f42985c0a28>
DEBUG:root:start <function term at 0x7f42985c0938>
DEBUG:root:start <function factor at 0x7f42985c0848>
DEBUG:root:accepting ident == number
DEBUG:root:accepting number == number
DEBUG:root:getsym: semicolon ;
DEBUG:root:end <function factor at 0x7f42985c0848>
DEBUG:root:end <function term at 0x7f42985c0938>
DEBUG:root:end <function expression at 0x7f42985c0a28>
DEBUG:root:end <function statement at 0x7f42985c0c08>
DEBUG:root:StatList: appending 139923980063696 of type <class 'ir2.AssignStat'> to 139923980063504
DEBUG:root:accepting semicolon == semicolon
DEBUG:root:getsym: whilesym while
DEBUG:root:start <function statement at 0x7f42985c0c08>
DEBUG:root:accepting ident == whilesym
DEBUG:root:accepting callsym == whilesym
DEBUG:root:accepting beginsym == whilesym
DEBUG:root:accepting ifsym == whilesym
DEBUG:root:accepting whilesym == whilesym
DEBUG:root:getsym: ident x
DEBUG:root:start <function condition at 0x7f42985c0b18>
DEBUG:root:accepting oddsym == ident
DEBUG:root:start <function expression at 0x7f42985c0a28>
DEBUG:root:start <function term at 0x7f42985c0938>
DEBUG:root:start <function factor at 0x7f42985c0848>
DEBUG:root:accepting ident == ident
DEBUG:root:getsym: leq <=
DEBUG:root:Looking up x
DEBUG:root:end <function factor at 0x7f42985c0848>
DEBUG:root:end <function term at 0x7f42985c0938>
DEBUG:root:end <function expression at 0x7f42985c0a28>
DEBUG:root:getsym: number 10
DEBUG:root:condition operator leq number
DEBUG:root:start <function expression at 0x7f42985c0a28>
DEBUG:root:start <function term at 0x7f42985c0938>
DEBUG:root:start <function factor at 0x7f42985c0848>
DEBUG:root:accepting ident == number
DEBUG:root:accepting number == number
DEBUG:root:getsym: dosym do
DEBUG:root:end <function factor at 0x7f42985c0848>
DEBUG:root:end <function term at 0x7f42985c0938>
DEBUG:root:end <function expression at 0x7f42985c0a28>
DEBUG:root:end <function condition at 0x7f42985c0b18>
DEBUG:root:expecting dosym
DEBUG:root:accepting dosym == dosym
DEBUG:root:getsym: beginsym begin
DEBUG:root:start <function statement at 0x7f42985c0c08>
DEBUG:root:accepting ident == beginsym
DEBUG:root:accepting callsym == beginsym
DEBUG:root:accepting beginsym == beginsym
DEBUG:root:getsym: callsym call
DEBUG:root:StatList : new 139923980064016
DEBUG:root:start <function statement at 0x7f42985c0c08>
DEBUG:root:accepting ident == callsym
DEBUG:root:accepting callsym == callsym
DEBUG:root:getsym: ident square
DEBUG:root:expecting ident
DEBUG:root:accepting ident == ident
DEBUG:root:getsym: semicolon ;
DEBUG:root:Looking up square
DEBUG:root:end <function statement at 0x7f42985c0c08>
DEBUG:root:StatList: appending 139923980064144 of type <class 'ir2.CallStat'> to 139923980064016
DEBUG:root:accepting semicolon == semicolon
DEBUG:root:getsym: ident x
DEBUG:root:start <function statement at 0x7f42985c0c08>
DEBUG:root:accepting ident == ident
DEBUG:root:getsym: becomes :=
DEBUG:root:Looking up x
DEBUG:root:expecting becomes
DEBUG:root:accepting becomes == becomes
DEBUG:root:getsym: ident x
DEBUG:root:start <function expression at 0x7f42985c0a28>
DEBUG:root:start <function term at 0x7f42985c0938>
DEBUG:root:start <function factor at 0x7f42985c0848>
DEBUG:root:accepting ident == ident
DEBUG:root:getsym: plus +
DEBUG:root:Looking up x
DEBUG:root:end <function factor at 0x7f42985c0848>
DEBUG:root:end <function term at 0x7f42985c0938>
DEBUG:root:getsym: number 1
DEBUG:root:start <function term at 0x7f42985c0938>
DEBUG:root:start <function factor at 0x7f42985c0848>
DEBUG:root:accepting ident == number
DEBUG:root:accepting number == number
DEBUG:root:getsym: semicolon ;
DEBUG:root:end <function factor at 0x7f42985c0848>
DEBUG:root:end <function term at 0x7f42985c0938>
DEBUG:root:end <function expression at 0x7f42985c0a28>
DEBUG:root:end <function statement at 0x7f42985c0c08>
DEBUG:root:StatList: appending 139923980064592 of type <class 'ir2.AssignStat'> to 139923980064016
DEBUG:root:accepting semicolon == semicolon
DEBUG:root:getsym: print !
DEBUG:root:start <function statement at 0x7f42985c0c08>
DEBUG:root:accepting ident == print
DEBUG:root:accepting callsym == print
DEBUG:root:accepting beginsym == print
DEBUG:root:accepting ifsym == print
DEBUG:root:accepting whilesym == print
DEBUG:root:accepting print == print
DEBUG:root:getsym: ident squ
DEBUG:root:expecting ident
DEBUG:root:accepting ident == ident
DEBUG:root:getsym: endsym end
DEBUG:root:Looking up squ
DEBUG:root:end <function statement at 0x7f42985c0c08>
DEBUG:root:StatList: appending 139923980064656 of type <class 'ir2.PrintStat'> to 139923980064016
DEBUG:root:accepting semicolon == endsym
DEBUG:root:expecting endsym
DEBUG:root:accepting endsym == endsym
DEBUG:root:getsym: endsym end
DEBUG:root:StatList 139923980064016 : [
DEBUG:root:139923980064144 
DEBUG:root:139923980064592 
DEBUG:root:139923980064656 
DEBUG:root:]
DEBUG:root:end <function statement at 0x7f42985c0c08>
DEBUG:root:end <function statement at 0x7f42985c0c08>
DEBUG:root:StatList: appending 139923980064720 of type <class 'ir2.WhileStat'> to 139923980063504
DEBUG:root:accepting semicolon == endsym
DEBUG:root:expecting endsym
DEBUG:root:accepting endsym == endsym
DEBUG:root:getsym: period .
DEBUG:root:StatList 139923980063504 : [
DEBUG:root:139923980063696 
DEBUG:root:139923980064720 
DEBUG:root:]
DEBUG:root:end <function statement at 0x7f42985c0c08>
DEBUG:root:end <function block at 0x7f42985c0cf8>
DEBUG:root:expecting period
DEBUG:root:accepting period == period
DEBUG:root:end <function program at 0x7f42985c0de8>
DEBUG:root:
 <class 'ir2.Block'> 139923980063440 {
	<class 'ir2.DefinitionList'> 139923980012624 {
		<class 'ir2.FunctionDef'> 139923980063376 {
			function square 
			<class 'ir2.Block'> 139923980013072 {
				<class 'ir2.DefinitionList'> 139923980013008 {
				}
				<class 'ir2.StatList'> 139923980013264 {
					<class 'ir2.AssignStat'> 139923980063312 {
						int squ 
						<class 'ir2.BinExpr'> 139923980063248 {
							'times'
							<class 'ir2.Var'> 139923980063056 {
								int x 
							}
							<class 'ir2.Var'> 139923980063184 {
								int x 
							}
						}
					}
				}
			}
		}
	}
	<class 'ir2.StatList'> 139923980063504 {
		<class 'ir2.AssignStat'> 139923980063696 {
			int x 
			<class 'ir2.Const'> 139923980063568 {
				int int1 1 const 
			}
		}
		<class 'ir2.WhileStat'> 139923980064720 {
			<class 'ir2.BinExpr'> 139923980063952 {
				'leq'
				<class 'ir2.Var'> 139923980063760 {
					int x 
				}
				<class 'ir2.Const'> 139923980063824 {
					int int2 10 const 
				}
			}
			<class 'ir2.StatList'> 139923980064016 {
				<class 'ir2.CallStat'> 139923980064144 {
					<class 'ir2.CallExpr'> 139923980064080 {
						function square 
					}
				}
				<class 'ir2.AssignStat'> 139923980064592 {
					int x 
					<class 'ir2.BinExpr'> 139923980064528 {
						'plus'
						<class 'ir2.Var'> 139923980064272 {
							int x 
						}
						<class 'ir2.Const'> 139923980064400 {
							int int3 1 const 
						}
					}
				}
				<class 'ir2.PrintStat'> 139923980064656 {
					int squ 
				}
			}
		}
	}
} 

DEBUG:root:Lowering <class 'ir2.Const'> 139923980063568
DEBUG:root:StatList : new 139923980065104
DEBUG:root:Lowering <class 'ir2.AssignStat'> 139923980063696
DEBUG:root:Lowering <class 'ir2.Var'> 139923980063760
DEBUG:root:Lowering <class 'ir2.Const'> 139923980063824
DEBUG:root:StatList : new 139923980065488
DEBUG:root:Lowering <class 'ir2.BinExpr'> 139923980063952
DEBUG:root:Lowering <class 'ir2.CallExpr'> 139923980064080
DEBUG:root:Cannot lower <class 'ir2.CallStat'> 'lower' is not in list
DEBUG:root:Lowering <class 'ir2.Var'> 139923980064272
DEBUG:root:Lowering <class 'ir2.Const'> 139923980064400
DEBUG:root:StatList : new 139923980065936
DEBUG:root:Lowering <class 'ir2.BinExpr'> 139923980064528
DEBUG:root:StatList : new 139923980064400
DEBUG:root:Lowering <class 'ir2.AssignStat'> 139923980064592
DEBUG:root:Cannot lower <class 'ir2.PrintStat'> 'lower' is not in list
DEBUG:root:Cannot lower <class 'ir2.StatList'> 'NoneType' object is not callable
DEBUG:root:None attached to <class 'ir2.StatList'> 139923980065488 {
	label2 : <class 'ir2.LoadStat'> 139923980065296 {
		int int5 register
		int x 
	}
	<class 'ir2.LoadStat'> 139923980065360 {
		int int6 register
		int int2 10 const 
	}
	<class 'ir2.BinStat'> 139923980065424 {
		'leq'
		int int7 register
		int int5 register
		int int6 register
	}
}
DEBUG:root:StatList : new 139923980066128
DEBUG:root:Lowering <class 'ir2.WhileStat'> 139923980064720
DEBUG:root:Cannot lower <class 'ir2.StatList'> 'NoneType' object is not callable
DEBUG:root:Lowering <class 'ir2.Var'> 139923980063056
DEBUG:root:Lowering <class 'ir2.Var'> 139923980063184
DEBUG:root:StatList : new 139923980066640
DEBUG:root:Lowering <class 'ir2.BinExpr'> 139923980063248
DEBUG:root:StatList : new 139923980063184
DEBUG:root:Lowering <class 'ir2.AssignStat'> 139923980063312
DEBUG:root:Cannot lower <class 'ir2.StatList'> 'NoneType' object is not callable
DEBUG:root:Cannot lower <class 'ir2.DefinitionList'> 'lower' is not in list
DEBUG:root:Lowering <class 'ir2.Block'> 139923980013072
DEBUG:root:Failed!
DEBUG:root:StatList : new 139923980066192
DEBUG:root:Lowering <class 'ir2.FunctionDef'> 139923980063376
DEBUG:root:Failed!
DEBUG:root:Cannot lower <class 'ir2.DefinitionList'> 'lower' is not in list
DEBUG:root:StatList: inserting 139923980064720 of type <class 'ir2.FunctionPrologueStat'> into 139923980063504
DEBUG:root:StatList: appending 139923980066704 of type <class 'ir2.ReturnStat'> to 139923980063504
DEBUG:root:Lowering <class 'ir2.Block'> 139923980063440
DEBUG:root:Failed!
DEBUG:root:<class 'ir2.FunctionPrologueStat'> 'flatten' is not in list
DEBUG:root:<class 'ir2.LoadStat'> 'flatten' is not in list
DEBUG:root:<class 'ir2.StoreStat'> 'flatten' is not in list
DEBUG:root:Flattening 139923980065104 into 139923980063504
DEBUG:root:Flattening <class 'ir2.StatList'> 139923980065104
DEBUG:root:<class 'ir2.LoadStat'> 'flatten' is not in list
DEBUG:root:<class 'ir2.LoadStat'> 'flatten' is not in list
DEBUG:root:<class 'ir2.BinStat'> 'flatten' is not in list
DEBUG:root:Flattening 139923980065488 into 139923980066128
DEBUG:root:Flattening <class 'ir2.StatList'> 139923980065488
DEBUG:root:<class 'ir2.BranchStat'> 'flatten' is not in list
DEBUG:root:<class 'ir2.BranchLinkStat'> 'flatten' is not in list
DEBUG:root:<class 'ir2.CallStat'> 'flatten' is not in list
DEBUG:root:<class 'ir2.LoadStat'> 'flatten' is not in list
DEBUG:root:<class 'ir2.LoadStat'> 'flatten' is not in list
DEBUG:root:<class 'ir2.BinStat'> 'flatten' is not in list
DEBUG:root:Flattening 139923980065936 into 139923980064400
DEBUG:root:Flattening <class 'ir2.StatList'> 139923980065936
DEBUG:root:<class 'ir2.StoreStat'> 'flatten' is not in list
DEBUG:root:Flattening 139923980064400 into 139923980064016
DEBUG:root:Flattening <class 'ir2.StatList'> 139923980064400
DEBUG:root:<class 'ir2.PrintStat'> 'flatten' is not in list
DEBUG:root:Flattening 139923980064016 into 139923980066128
DEBUG:root:Flattening <class 'ir2.StatList'> 139923980064016
DEBUG:root:<class 'ir2.BranchStat'> 'flatten' is not in list
DEBUG:root:<class 'ir2.EmptyStat'> 'flatten' is not in list
DEBUG:root:Flattening 139923980066128 into 139923980063504
DEBUG:root:Flattening <class 'ir2.StatList'> 139923980066128
DEBUG:root:<class 'ir2.ReturnStat'> 'flatten' is not in list
DEBUG:root:Not flattening 139923980063504 into 94908611741024 of type <type 'NoneType'>
DEBUG:root:Flattening <class 'ir2.StatList'> 139923980063504
DEBUG:root:Failed!
DEBUG:root:<class 'ir2.FunctionPrologueStat'> 'flatten' is not in list
DEBUG:root:<class 'ir2.LoadStat'> 'flatten' is not in list
DEBUG:root:<class 'ir2.LoadStat'> 'flatten' is not in list
DEBUG:root:<class 'ir2.BinStat'> 'flatten' is not in list
DEBUG:root:Flattening 139923980066640 into 139923980063184
DEBUG:root:Flattening <class 'ir2.StatList'> 139923980066640
DEBUG:root:<class 'ir2.StoreStat'> 'flatten' is not in list
DEBUG:root:Flattening 139923980063184 into 139923980013264
DEBUG:root:Flattening <class 'ir2.StatList'> 139923980063184
DEBUG:root:Not flattening 139923980013264 into 94908611741024 of type <type 'NoneType'>
DEBUG:root:Flattening <class 'ir2.StatList'> 139923980013264
DEBUG:root:Failed!
DEBUG:root:<class 'ir2.DefinitionList'> 'flatten' is not in list
DEBUG:root:<class 'ir2.Block'> 'flatten' is not in list
DEBUG:root:<class 'ir2.ReturnStat'> 'flatten' is not in list
DEBUG:root:Not flattening 139923980066192 into 139923980063376 of type <class 'ir2.FunctionDef'>
DEBUG:root:Flattening <class 'ir2.StatList'> 139923980066192
DEBUG:root:Failed!
DEBUG:root:<class 'ir2.FunctionDef'> 'flatten' is not in list
DEBUG:root:<class 'ir2.DefinitionList'> 'flatten' is not in list
DEBUG:root:<class 'ir2.Block'> 'flatten' is not in list
DEBUG:root:
 <class 'ir2.Block'> 139923980063440 {
	<class 'ir2.DefinitionList'> 139923980012624 {
		<class 'ir2.FunctionDef'> 139923980063376 {
			function square 
			<class 'ir2.StatList'> 139923980066192 {
				<class 'ir2.FunctionPrologueStat'> 139923980064912 {
				}
				<class 'ir2.Block'> 139923980013072 {
					<class 'ir2.DefinitionList'> 139923980013008 {
					}
					<class 'ir2.StatList'> 139923980013264 {
						<class 'ir2.LoadStat'> 139923980066448 {
							int int12 register
							int x 
						}
						<class 'ir2.LoadStat'> 139923980066512 {
							int int13 register
							int x 
						}
						<class 'ir2.BinStat'> 139923980066576 {
							'times'
							int int14 register
							int int12 register
							int int13 register
						}
						<class 'ir2.StoreStat'> 139923980066256 {
							int squ 
							int int14 register
						}
					}
				}
				<class 'ir2.ReturnStat'> 139923980063312 {
				}
			}
		}
	}
	<class 'ir2.StatList'> 139923980063504 {
		main : <class 'ir2.FunctionPrologueStat'> 139923980064720 {
		}
		<class 'ir2.LoadStat'> 139923980064976 {
			int int4 register
			int int1 1 const 
		}
		<class 'ir2.StoreStat'> 139923980064848 {
			int x 
			int int4 register
		}
		label2 : <class 'ir2.LoadStat'> 139923980065296 {
			int int5 register
			int x 
		}
		<class 'ir2.LoadStat'> 139923980065360 {
			int int6 register
			int int2 10 const 
		}
		<class 'ir2.BinStat'> 139923980065424 {
			'leq'
			int int7 register
			int int5 register
			int int6 register
		}
		<class 'ir2.BranchStat'> 139923980066000 {
			'gtr'
			int int11 register
			label label1
		}
		<class 'ir2.CallStat'> 139923980064144 {
			<class 'ir2.BranchLinkStat'> 139923980065616 {
				None
				None
				function square 
			}
		}
		<class 'ir2.LoadStat'> 139923980065744 {
			int int8 register
			int x 
		}
		<class 'ir2.LoadStat'> 139923980065808 {
			int int9 register
			int int3 1 const 
		}
		<class 'ir2.BinStat'> 139923980065872 {
			'plus'
			int int10 register
			int int8 register
			int int9 register
		}
		<class 'ir2.StoreStat'> 139923980064080 {
			int x 
			int int10 register
		}
		<class 'ir2.PrintStat'> 139923980064656 {
			int squ 
		}
		<class 'ir2.BranchStat'> 139923980066064 {
			None
			None
			label label2
		}
		label1 : <class 'ir2.EmptyStat'> 139923980064592 {
		}
		<class 'ir2.ReturnStat'> 139923980066704 {
		}
	}
} 

DEBUG:root:Data Layout <class 'ir2.Block'> 139923980063440
DEBUG:root:Failed!
DEBUG:root:<class 'ir2.StatList'> 'NoneType' object is not callable
DEBUG:root:<class 'ir2.FunctionPrologueStat'> 'dataLayout' is not in list
DEBUG:root:<class 'ir2.LoadStat'> 'dataLayout' is not in list
DEBUG:root:<class 'ir2.StoreStat'> 'dataLayout' is not in list
DEBUG:root:<class 'ir2.LoadStat'> 'dataLayout' is not in list
DEBUG:root:<class 'ir2.LoadStat'> 'dataLayout' is not in list
DEBUG:root:<class 'ir2.BinStat'> 'dataLayout' is not in list
DEBUG:root:<class 'ir2.BranchStat'> 'dataLayout' is not in list
DEBUG:root:<class 'ir2.CallStat'> 'dataLayout' is not in list
DEBUG:root:<class 'ir2.BranchLinkStat'> 'dataLayout' is not in list
DEBUG:root:<class 'ir2.LoadStat'> 'dataLayout' is not in list
DEBUG:root:<class 'ir2.LoadStat'> 'dataLayout' is not in list
DEBUG:root:<class 'ir2.BinStat'> 'dataLayout' is not in list
DEBUG:root:<class 'ir2.StoreStat'> 'dataLayout' is not in list
DEBUG:root:<class 'ir2.PrintStat'> 'dataLayout' is not in list
DEBUG:root:<class 'ir2.BranchStat'> 'dataLayout' is not in list
DEBUG:root:<class 'ir2.EmptyStat'> 'dataLayout' is not in list
DEBUG:root:<class 'ir2.ReturnStat'> 'dataLayout' is not in list
DEBUG:root:<class 'ir2.DefinitionList'> 'dataLayout' is not in list
DEBUG:root:<class 'ir2.FunctionDef'> 'dataLayout' is not in list
DEBUG:root:<class 'ir2.StatList'> 'NoneType' object is not callable
DEBUG:root:<class 'ir2.FunctionPrologueStat'> 'dataLayout' is not in list
DEBUG:root:Data Layout <class 'ir2.Block'> 139923980013072
DEBUG:root:Failed!
DEBUG:root:<class 'ir2.StatList'> 'NoneType' object is not callable
DEBUG:root:<class 'ir2.LoadStat'> 'dataLayout' is not in list
DEBUG:root:<class 'ir2.LoadStat'> 'dataLayout' is not in list
DEBUG:root:<class 'ir2.BinStat'> 'dataLayout' is not in list
DEBUG:root:<class 'ir2.StoreStat'> 'dataLayout' is not in list
DEBUG:root:<class 'ir2.DefinitionList'> 'dataLayout' is not in list
DEBUG:root:<class 'ir2.ReturnStat'> 'dataLayout' is not in list
DEBUG:root:Uses of main : <class 'ir2.FunctionPrologueStat'> 139923980064720 {
}: []
DEBUG:root:Uses of <class 'ir2.LoadStat'> 139923980064976 {
	int int4 register
	int int1 1 const 
}: []
DEBUG:root:Uses of <class 'ir2.StoreStat'> 139923980064848 {
	int x global
	int int4 register
}: [int int4 register]
DEBUG:root:Uses of <class 'ir2.StoreStat'> 139923980064848 {
	int x global
	int int4 register
}: [int int4 register]
DEBUG:root:Uses of <class 'ir2.LoadStat'> 139923980064976 {
	int int4 register
	int int1 1 const 
}: []
DEBUG:root:Uses of main : <class 'ir2.FunctionPrologueStat'> 139923980064720 {
}: []
DEBUG:root:Uses of label2 : <class 'ir2.LoadStat'> 139923980065296 {
	int int5 register
	int x global
}: []
DEBUG:root:Uses of <class 'ir2.LoadStat'> 139923980065360 {
	int int6 register
	int int2 10 const 
}: []
DEBUG:root:Uses of <class 'ir2.BinStat'> 139923980065424 {
	'leq'
	int int7 register
	int int5 register
	int int6 register
}: [int int5 register, int int6 register]
DEBUG:root:Uses of <class 'ir2.BranchStat'> 139923980066000 {
	'gtr'
	int int11 register
	label label1
}: [int int11 register]
DEBUG:root:Uses of <class 'ir2.BranchStat'> 139923980066000 {
	'gtr'
	int int11 register
	label label1
}: [int int11 register]
DEBUG:root:Uses of <class 'ir2.BinStat'> 139923980065424 {
	'leq'
	int int7 register
	int int5 register
	int int6 register
}: [int int5 register, int int6 register]
DEBUG:root:Uses of <class 'ir2.LoadStat'> 139923980065360 {
	int int6 register
	int int2 10 const 
}: []
DEBUG:root:Uses of label2 : <class 'ir2.LoadStat'> 139923980065296 {
	int int5 register
	int x global
}: []
DEBUG:root:Uses of <class 'ir2.CallStat'> 139923980064144 {
	<class 'ir2.BranchLinkStat'> 139923980065616 {
		None
		None
		function square 
	}
}: []
DEBUG:root:Uses of <class 'ir2.CallStat'> 139923980064144 {
	<class 'ir2.BranchLinkStat'> 139923980065616 {
		None
		None
		function square 
	}
}: []
DEBUG:root:Uses of <class 'ir2.LoadStat'> 139923980065744 {
	int int8 register
	int x global
}: []
DEBUG:root:Uses of <class 'ir2.LoadStat'> 139923980065808 {
	int int9 register
	int int3 1 const 
}: []
DEBUG:root:Uses of <class 'ir2.BinStat'> 139923980065872 {
	'plus'
	int int10 register
	int int8 register
	int int9 register
}: [int int8 register, int int9 register]
DEBUG:root:Uses of <class 'ir2.StoreStat'> 139923980064080 {
	int x global
	int int10 register
}: [int int10 register]
DEBUG:root:Uses of <class 'ir2.PrintStat'> 139923980064656 {
	int squ global
}: []
DEBUG:root:Uses of <class 'ir2.BranchStat'> 139923980066064 {
	None
	None
	label label2
}: [None]
DEBUG:root:Uses of <class 'ir2.BranchStat'> 139923980066064 {
	None
	None
	label label2
}: [None]
DEBUG:root:Uses of <class 'ir2.PrintStat'> 139923980064656 {
	int squ global
}: []
DEBUG:root:Uses of <class 'ir2.StoreStat'> 139923980064080 {
	int x global
	int int10 register
}: [int int10 register]
DEBUG:root:Uses of <class 'ir2.BinStat'> 139923980065872 {
	'plus'
	int int10 register
	int int8 register
	int int9 register
}: [int int8 register, int int9 register]
DEBUG:root:Uses of <class 'ir2.LoadStat'> 139923980065808 {
	int int9 register
	int int3 1 const 
}: []
DEBUG:root:Uses of <class 'ir2.LoadStat'> 139923980065744 {
	int int8 register
	int x global
}: []
DEBUG:root:Uses of label1 : <class 'ir2.EmptyStat'> 139923980064592 {
}: []
DEBUG:root:Uses of <class 'ir2.ReturnStat'> 139923980066704 {
}: []
DEBUG:root:Uses of <class 'ir2.ReturnStat'> 139923980066704 {
}: []
DEBUG:root:Uses of label1 : <class 'ir2.EmptyStat'> 139923980064592 {
}: []
DEBUG:root:Uses of <class 'ir2.FunctionPrologueStat'> 139923980064912 {
}: []
DEBUG:root:Uses of <class 'ir2.Block'> 139923980013072 {
	<class 'ir2.DefinitionList'> 139923980013008 {
	}
	<class 'ir2.StatList'> 139923980013264 {
		<class 'ir2.LoadStat'> 139923980066448 {
			int int12 register
			int x global
		}
		<class 'ir2.LoadStat'> 139923980066512 {
			int int13 register
			int x global
		}
		<class 'ir2.BinStat'> 139923980066576 {
			'times'
			int int14 register
			int int12 register
			int int13 register
		}
		<class 'ir2.StoreStat'> 139923980066256 {
			int squ global
			int int14 register
		}
	}
}: []
DEBUG:root:Uses of <class 'ir2.ReturnStat'> 139923980063312 {
}: []
DEBUG:root:Uses of <class 'ir2.ReturnStat'> 139923980063312 {
}: []
DEBUG:root:Uses of <class 'ir2.Block'> 139923980013072 {
	<class 'ir2.DefinitionList'> 139923980013008 {
	}
	<class 'ir2.StatList'> 139923980013264 {
		<class 'ir2.LoadStat'> 139923980066448 {
			int int12 register
			int x global
		}
		<class 'ir2.LoadStat'> 139923980066512 {
			int int13 register
			int x global
		}
		<class 'ir2.BinStat'> 139923980066576 {
			'times'
			int int14 register
			int int12 register
			int int13 register
		}
		<class 'ir2.StoreStat'> 139923980066256 {
			int squ global
			int int14 register
		}
	}
}: []
DEBUG:root:Uses of <class 'ir2.FunctionPrologueStat'> 139923980064912 {
}: []
DEBUG:root:Uses of <class 'ir2.LoadStat'> 139923980066448 {
	int int12 register
	int x global
}: []
DEBUG:root:Uses of <class 'ir2.LoadStat'> 139923980066512 {
	int int13 register
	int x global
}: []
DEBUG:root:Uses of <class 'ir2.BinStat'> 139923980066576 {
	'times'
	int int14 register
	int int12 register
	int int13 register
}: [int int12 register, int int13 register]
DEBUG:root:Uses of <class 'ir2.StoreStat'> 139923980066256 {
	int squ global
	int int14 register
}: [int int14 register]
DEBUG:root:Uses of <class 'ir2.StoreStat'> 139923980066256 {
	int squ global
	int int14 register
}: [int int14 register]
DEBUG:root:Uses of <class 'ir2.BinStat'> 139923980066576 {
	'times'
	int int14 register
	int int12 register
	int int13 register
}: [int int12 register, int int13 register]
DEBUG:root:Uses of <class 'ir2.LoadStat'> 139923980066512 {
	int int13 register
	int x global
}: []
DEBUG:root:Uses of <class 'ir2.LoadStat'> 139923980066448 {
	int int12 register
	int x global
}: []
DEBUG:root:Registers: set([int int4 register, int int10 register, int int9 register, int int6 register, int int11 register, int int14 register, int int13 register, int int8 register, int int5 register, int int12 register])
DEBUG:root:Interference Graph: set([(int int5 register, int int11 register), (int int9 register, int int8 register), (int int11 register, int int5 register), (int int11 register, int int6 register), (int int6 register, int int11 register), (int int5 register, int int6 register), (int int13 register, int int12 register), (int int8 register, int int9 register), (int int6 register, int int5 register), (int int12 register, int int13 register)])
INFO:root:Generating code for <class 'ir2.Block'> 139923980063440
INFO:root:Generating code for <class 'ir2.StatList'> 139923980063504
INFO:root:Generating code for <class 'ir2.FunctionPrologueStat'> 139923980064720
INFO:root:Generating code for <class 'ir2.LoadStat'> 139923980064976
INFO:root:Generating code for <class 'ir2.StoreStat'> 139923980064848
INFO:root:Generating code for <class 'ir2.LoadStat'> 139923980065296
INFO:root:Generating code for <class 'ir2.LoadStat'> 139923980065360
INFO:root:Generating code for <class 'ir2.BinStat'> 139923980065424
INFO:root:Generating code for <class 'ir2.BranchStat'> 139923980066000
INFO:root:Generating code for <class 'ir2.CallStat'> 139923980064144
INFO:root:Generating code for <class 'ir2.BranchLinkStat'> 139923980065616
INFO:root:Generating code for <class 'ir2.LoadStat'> 139923980065744
INFO:root:Generating code for <class 'ir2.LoadStat'> 139923980065808
INFO:root:Generating code for <class 'ir2.BinStat'> 139923980065872
INFO:root:Generating code for <class 'ir2.StoreStat'> 139923980064080
INFO:root:Generating code for <class 'ir2.PrintStat'> 139923980064656
INFO:root:Generating code for <class 'ir2.BranchStat'> 139923980066064
INFO:root:Generating code for <class 'ir2.EmptyStat'> 139923980064592
INFO:root:Generating code for <class 'ir2.ReturnStat'> 139923980066704
INFO:root:Generating code for <class 'ir2.DefinitionList'> 139923980012624
INFO:root:Generating code for <class 'ir2.FunctionDef'> 139923980063376
INFO:root:Generating code for <class 'ir2.StatList'> 139923980066192
INFO:root:Generating code for <class 'ir2.FunctionPrologueStat'> 139923980064912
INFO:root:Generating code for <class 'ir2.Block'> 139923980013072
INFO:root:Generating code for <class 'ir2.StatList'> 139923980013264
INFO:root:Generating code for <class 'ir2.LoadStat'> 139923980066448
INFO:root:Generating code for <class 'ir2.LoadStat'> 139923980066512
INFO:root:Generating code for <class 'ir2.BinStat'> 139923980066576
INFO:root:Generating code for <class 'ir2.StoreStat'> 139923980066256
INFO:root:Generating code for <class 'ir2.DefinitionList'> 139923980013008
INFO:root:Generating code for <class 'ir2.ReturnStat'> 139923980063312
DEBUG:root:
*********************************************
	Starting debug with standard test program
*********************************************

DEBUG:root:start <function program at 0x7c19543b2a20>
DEBUG:root:
*********************************************
	Starting debug with standard test program
*********************************************

DEBUG:root:start <function program at 0x773af219e200>
DEBUG:root:
*********************************************
	Starting debug with standard test program
*********************************************

DEBUG:root:
*********************************************
	Starting debug with standard test program
*********************************************

DEBUG:root:start <function program at 0x7f85ba39e200>
DEBUG:root:
*********************************************
	Starting debug with standard test program
*********************************************

DEBUG:root:start <function program at 0x70d12eb9e200>
DEBUG:root:getsym: constsym const
DEBUG:root:start <function block at 0x70d12eb9e0c0>
DEBUG:root:accepting constsym == constsym
DEBUG:root:getsym: ident max
DEBUG:root:expecting ident
DEBUG:root:accepting ident == ident
DEBUG:root:getsym: eql =
DEBUG:root:expecting eql
DEBUG:root:accepting eql == eql
DEBUG:root:getsym: number 100
DEBUG:root:expecting number
DEBUG:root:accepting number == number
DEBUG:root:getsym: semicolon ;
DEBUG:root:
*********************************************
	Starting debug with standard test program
*********************************************

DEBUG:root:start <function program at 0x7224c10a2200>
DEBUG:root:getsym: constsym const
DEBUG:root:start <function block at 0x7224c10a20c0>
DEBUG:root:accepting constsym == constsym
DEBUG:root:getsym: ident max
DEBUG:root:expecting ident
DEBUG:root:accepting ident == ident
DEBUG:root:getsym: eql =
DEBUG:root:expecting eql
DEBUG:root:accepting eql == eql
DEBUG:root:getsym: number 100
DEBUG:root:expecting number
DEBUG:root:accepting number == number
DEBUG:root:getsym: semicolon ;
DEBUG:root:accepting comma == semicolon
DEBUG:root:expecting semicolon
DEBUG:root:accepting semicolon == semicolon
DEBUG:root:getsym: varsym var
DEBUG:root:accepting varsym == varsym
DEBUG:root:getsym: ident arg
DEBUG:root:expecting ident
DEBUG:root:accepting ident == ident
DEBUG:root:getsym: comma ,
DEBUG:root:accepting comma == comma
DEBUG:root:getsym: ident ret
DEBUG:root:expecting ident
DEBUG:root:accepting ident == ident
DEBUG:root:getsym: semicolon ;
DEBUG:root:accepting comma == semicolon
DEBUG:root:expecting semicolon
DEBUG:root:accepting semicolon == semicolon
DEBUG:root:getsym: procsym procedure
DEBUG:root:accepting procsym == procsym
DEBUG:root:getsym: ident isprime
DEBUG:root:expecting ident
DEBUG:root:accepting ident == ident
DEBUG:root:getsym: semicolon ;
DEBUG:root:expecting semicolon
DEBUG:root:accepting semicolon == semicolon
DEBUG:root:getsym: varsym var
DEBUG:root:start <function block at 0x7224c10a20c0>
DEBUG:root:accepting constsym == varsym
DEBUG:root:accepting varsym == varsym
DEBUG:root:getsym: ident i
DEBUG:root:expecting ident
DEBUG:root:accepting ident == ident
DEBUG:root:getsym: semicolon ;
DEBUG:root:accepting comma == semicolon
DEBUG:root:expecting semicolon
DEBUG:root:accepting semicolon == semicolon
DEBUG:root:getsym: beginsym begin
DEBUG:root:accepting procsym == beginsym
DEBUG:root:start <function statement at 0x7224c10a1f80>
DEBUG:root:accepting ident == beginsym
DEBUG:root:accepting callsym == beginsym
DEBUG:root:accepting beginsym == beginsym
DEBUG:root:getsym: ident ret
DEBUG:root:
*********************************************
	Starting debug with standard test program
*********************************************

DEBUG:root:start <function program at 0x73136bacaa20>
DEBUG:root:getsym: constsym const
DEBUG:root:start <function block at 0x73136baca8e0>
DEBUG:root:accepting constsym == constsym
DEBUG:root:getsym: ident max
DEBUG:root:expecting ident
DEBUG:root:accepting ident == ident
DEBUG:root:getsym: eql =
DEBUG:root:expecting eql
DEBUG:root:accepting eql == eql
DEBUG:root:getsym: number 100
DEBUG:root:expecting number
DEBUG:root:accepting number == number
DEBUG:root:getsym: semicolon ;
DEBUG:root:accepting comma == semicolon
DEBUG:root:expecting semicolon
DEBUG:root:accepting semicolon == semicolon
DEBUG:root:getsym: varsym var
DEBUG:root:accepting varsym == varsym
DEBUG:root:getsym: ident arg
DEBUG:root:expecting ident
DEBUG:root:accepting ident == ident
DEBUG:root:getsym: comma ,
DEBUG:root:accepting comma == comma
DEBUG:root:getsym: ident ret
DEBUG:root:expecting ident
DEBUG:root:accepting ident == ident
DEBUG:root:getsym: semicolon ;
DEBUG:root:accepting comma == semicolon
DEBUG:root:expecting semicolon
DEBUG:root:accepting semicolon == semicolon
DEBUG:root:getsym: procsym procedure
DEBUG:root:accepting procsym == procsym
DEBUG:root:getsym: ident isprime
DEBUG:root:expecting ident
DEBUG:root:accepting ident == ident
DEBUG:root:getsym: semicolon ;
DEBUG:root:expecting semicolon
DEBUG:root:accepting semicolon == semicolon
DEBUG:root:getsym: varsym var
DEBUG:root:start <function block at 0x73136baca8e0>
DEBUG:root:accepting constsym == varsym
DEBUG:root:accepting varsym == varsym
DEBUG:root:getsym: ident i
DEBUG:root:expecting ident
DEBUG:root:accepting ident == ident
DEBUG:root:getsym: semicolon ;
DEBUG:root:accepting comma == semicolon
DEBUG:root:expecting semicolon
DEBUG:root:accepting semicolon == semicolon
DEBUG:root:getsym: beginsym begin
DEBUG:root:accepting procsym == beginsym
DEBUG:root:start <function statement at 0x73136baca7a0>
DEBUG:root:accepting ident == beginsym
DEBUG:root:accepting callsym == beginsym
DEBUG:root:accepting beginsym == beginsym
DEBUG:root:getsym: ident ret
DEBUG:root:StatList : new 126527247873376
DEBUG:root:start <function statement at 0x73136baca7a0>
DEBUG:root:accepting ident == ident
DEBUG:root:getsym: becomes :=
DEBUG:root:Looking up ret
DEBUG:root:Looking up in parent
DEBUG:root:Looking up ret
DEBUG:root:expecting becomes
DEBUG:root:accepting becomes == becomes
DEBUG:root:getsym: number 1
DEBUG:root:start <function expression at 0x73136baca520>
DEBUG:root:start <function term at 0x73136baca3e0>
DEBUG:root:start <function factor at 0x73136baca2a0>
DEBUG:root:accepting ident == number
DEBUG:root:accepting number == number
DEBUG:root:getsym: semicolon ;
DEBUG:root:end <function factor at 0x73136baca2a0>
DEBUG:root:end <function term at 0x73136baca3e0>
DEBUG:root:end <function expression at 0x73136baca520>
DEBUG:root:end <function statement at 0x73136baca7a0>
DEBUG:root:StatList: appending 126527247873808 of type <class 'ir2.AssignStat'> to 126527247873376
DEBUG:root:accepting semicolon == semicolon
DEBUG:root:getsym: ident i
DEBUG:root:start <function statement at 0x73136baca7a0>
DEBUG:root:accepting ident == ident
DEBUG:root:getsym: becomes :=
DEBUG:root:Looking up i
DEBUG:root:expecting becomes
DEBUG:root:accepting becomes == becomes
DEBUG:root:getsym: number 2
DEBUG:root:start <function expression at 0x73136baca520>
DEBUG:root:start <function term at 0x73136baca3e0>
DEBUG:root:start <function factor at 0x73136baca2a0>
DEBUG:root:accepting ident == number
DEBUG:root:accepting number == number
DEBUG:root:getsym: semicolon ;
DEBUG:root:end <function factor at 0x73136baca2a0>
DEBUG:root:end <function term at 0x73136baca3e0>
DEBUG:root:end <function expression at 0x73136baca520>
DEBUG:root:end <function statement at 0x73136baca7a0>
DEBUG:root:StatList: appending 126527247874000 of type <class 'ir2.AssignStat'> to 126527247873376
DEBUG:root:accepting semicolon == semicolon
DEBUG:root:getsym: whilesym while
DEBUG:root:start <function statement at 0x73136baca7a0>
DEBUG:root:accepting ident == whilesym
DEBUG:root:accepting callsym == whilesym
DEBUG:root:accepting beginsym == whilesym
DEBUG:root:accepting ifsym == whilesym
DEBUG:root:accepting whilesym == whilesym
DEBUG:root:getsym: ident i
DEBUG:root:start <function condition at 0x73136baca660>
DEBUG:root:accepting oddsym == ident
DEBUG:root:start <function expression at 0x73136baca520>
DEBUG:root:start <function term at 0x73136baca3e0>
DEBUG:root:start <function factor at 0x73136baca2a0>
DEBUG:root:accepting ident == ident
DEBUG:root:getsym: lss <
DEBUG:root:Looking up i
DEBUG:root:end <function factor at 0x73136baca2a0>
DEBUG:root:end <function term at 0x73136baca3e0>
DEBUG:root:end <function expression at 0x73136baca520>
DEBUG:root:getsym: ident arg
DEBUG:root:condition operator lss ident
DEBUG:root:start <function expression at 0x73136baca520>
DEBUG:root:start <function term at 0x73136baca3e0>
DEBUG:root:start <function factor at 0x73136baca2a0>
DEBUG:root:accepting ident == ident
DEBUG:root:getsym: dosym do
DEBUG:root:Looking up arg
DEBUG:root:Looking up in parent
DEBUG:root:Looking up arg
DEBUG:root:end <function factor at 0x73136baca2a0>
DEBUG:root:end <function term at 0x73136baca3e0>
DEBUG:root:end <function expression at 0x73136baca520>
DEBUG:root:end <function condition at 0x73136baca660>
DEBUG:root:expecting dosym
DEBUG:root:accepting dosym == dosym
DEBUG:root:getsym: beginsym begin
DEBUG:root:start <function statement at 0x73136baca7a0>
DEBUG:root:accepting ident == beginsym
DEBUG:root:accepting callsym == beginsym
DEBUG:root:accepting beginsym == beginsym
DEBUG:root:getsym: ifsym if
DEBUG:root:StatList : new 126527247874096
DEBUG:root:start <function statement at 0x73136baca7a0>
DEBUG:root:accepting ident == ifsym
DEBUG:root:accepting callsym == ifsym
DEBUG:root:accepting beginsym == ifsym
DEBUG:root:accepting ifsym == ifsym
DEBUG:root:getsym: ident arg
DEBUG:root:start <function condition at 0x73136baca660>
DEBUG:root:
*********************************************
	Starting debug with standard test program
*********************************************

DEBUG:root:start <function program at 0x7647c559e200>
DEBUG:root:getsym: constsym const
DEBUG:root:start <function block at 0x7647c559e0c0>
DEBUG:root:accepting constsym == constsym
DEBUG:root:getsym: ident max
DEBUG:root:expecting ident
DEBUG:root:accepting ident == ident
DEBUG:root:getsym: eql =
DEBUG:root:expecting eql
DEBUG:root:accepting eql == eql
DEBUG:root:getsym: number 100
DEBUG:root:expecting number
DEBUG:root:accepting number == number
DEBUG:root:getsym: semicolon ;
DEBUG:root:accepting comma == semicolon
DEBUG:root:expecting semicolon
DEBUG:root:accepting semicolon == semicolon
DEBUG:root:getsym: varsym var
DEBUG:root:accepting varsym == varsym
DEBUG:root:getsym: ident arg
DEBUG:root:expecting ident
DEBUG:root:accepting ident == ident
DEBUG:root:getsym: comma ,
DEBUG:root:accepting comma == comma
DEBUG:root:getsym: ident ret
DEBUG:root:expecting ident
DEBUG:root:accepting ident == ident
DEBUG:root:getsym: semicolon ;
DEBUG:root:accepting comma == semicolon
DEBUG:root:expecting semicolon
DEBUG:root:accepting semicolon == semicolon
DEBUG:root:getsym: procsym procedure
DEBUG:root:accepting procsym == procsym
DEBUG:root:getsym: ident isprime
DEBUG:root:expecting ident
DEBUG:root:accepting ident == ident
DEBUG:root:getsym: semicolon ;
DEBUG:root:expecting semicolon
DEBUG:root:accepting semicolon == semicolon
DEBUG:root:getsym: varsym var
DEBUG:root:start <function block at 0x7647c559e0c0>
DEBUG:root:accepting constsym == varsym
DEBUG:root:accepting varsym == varsym
DEBUG:root:getsym: ident i
DEBUG:root:expecting ident
DEBUG:root:accepting ident == ident
DEBUG:root:getsym: semicolon ;
DEBUG:root:accepting comma == semicolon
DEBUG:root:expecting semicolon
DEBUG:root:accepting semicolon == semicolon
DEBUG:root:getsym: beginsym begin
DEBUG:root:accepting procsym == beginsym
DEBUG:root:start <function statement at 0x7647c559df80>
DEBUG:root:accepting ident == beginsym
DEBUG:root:accepting callsym == beginsym
DEBUG:root:accepting beginsym == beginsym
DEBUG:root:getsym: ident ret
DEBUG:root:StatList : new 130050628243232
DEBUG:root:start <function statement at 0x7647c559df80>
DEBUG:root:accepting ident == ident
DEBUG:root:getsym: becomes :=
DEBUG:root:Looking up ret
DEBUG:root:Looking up in parent
DEBUG:root:Looking up ret
DEBUG:root:expecting becomes
DEBUG:root:accepting becomes == becomes
DEBUG:root:getsym: number 1
DEBUG:root:start <function expression at 0x7647c559dd00>
DEBUG:root:start <function term at 0x7647c559dbc0>
DEBUG:root:start <function factor at 0x7647c559da80>
DEBUG:root:accepting ident == number
DEBUG:root:accepting number == number
DEBUG:root:getsym: semicolon ;
DEBUG:root:end <function factor at 0x7647c559da80>
DEBUG:root:end <function term at 0x7647c559dbc0>
DEBUG:root:end <function expression at 0x7647c559dd00>
DEBUG:root:end <function statement at 0x7647c559df80>
DEBUG:root:StatList: appending 130050625770400 of type <class 'ir2.AssignStat'> to 130050628243232
DEBUG:root:accepting semicolon == semicolon
DEBUG:root:getsym: ident i
DEBUG:root:start <function statement at 0x7647c559df80>
DEBUG:root:accepting ident == ident
DEBUG:root:getsym: becomes :=
DEBUG:root:Looking up i
DEBUG:root:expecting becomes
DEBUG:root:accepting becomes == becomes
DEBUG:root:getsym: number 2
DEBUG:root:start <function expression at 0x7647c559dd00>
DEBUG:root:start <function term at 0x7647c559dbc0>
DEBUG:root:start <function factor at 0x7647c559da80>
DEBUG:root:accepting ident == number
DEBUG:root:accepting number == number
DEBUG:root:getsym: semicolon ;
DEBUG:root:end <function factor at 0x7647c559da80>
DEBUG:root:end <function term at 0x7647c559dbc0>
DEBUG:root:end <function expression at 0x7647c559dd00>
DEBUG:root:end <function statement at 0x7647c559df80>
DEBUG:root:StatList: appending 130050625770592 of type <class 'ir2.AssignStat'> to 130050628243232
DEBUG:root:accepting semicolon == semicolon
DEBUG:root:getsym: whilesym while
DEBUG:root:start <function statement at 0x7647c559df80>
DEBUG:root:accepting ident == whilesym
DEBUG:root:accepting callsym == whilesym
DEBUG:root:accepting beginsym == whilesym
DEBUG:root:accepting ifsym == whilesym
DEBUG:root:accepting whilesym == whilesym
DEBUG:root:getsym: ident i
DEBUG:root:start <function condition at 0x7647c559de40>
DEBUG:root:accepting oddsym == ident
DEBUG:root:start <function expression at 0x7647c559dd00>
DEBUG:root:start <function term at 0x7647c559dbc0>
DEBUG:root:start <function factor at 0x7647c559da80>
DEBUG:root:accepting ident == ident
DEBUG:root:getsym: lss <
DEBUG:root:Looking up i
DEBUG:root:end <function factor at 0x7647c559da80>
DEBUG:root:end <function term at 0x7647c559dbc0>
DEBUG:root:end <function expression at 0x7647c559dd00>
DEBUG:root:getsym: ident arg
DEBUG:root:condition operator lss ident
DEBUG:root:start <function expression at 0x7647c559dd00>
DEBUG:root:start <function term at 0x7647c559dbc0>
DEBUG:root:start <function factor at 0x7647c559da80>
DEBUG:root:accepting ident == ident
DEBUG:root:getsym: dosym do
DEBUG:root:Looking up arg
DEBUG:root:Looking up in parent
DEBUG:root:Looking up arg
DEBUG:root:end <function factor at 0x7647c559da80>
DEBUG:root:end <function term at 0x7647c559dbc0>
DEBUG:root:end <function expression at 0x7647c559dd00>
DEBUG:root:end <function condition at 0x7647c559de40>
DEBUG:root:expecting dosym
DEBUG:root:accepting dosym == dosym
DEBUG:root:getsym: beginsym begin
DEBUG:root:start <function statement at 0x7647c559df80>
DEBUG:root:accepting ident == beginsym
DEBUG:root:accepting callsym == beginsym
DEBUG:root:accepting beginsym == beginsym
DEBUG:root:getsym: ifsym if
DEBUG:root:StatList : new 130050625770688
DEBUG:root:start <function statement at 0x7647c559df80>
DEBUG:root:accepting ident == ifsym
DEBUG:root:accepting callsym == ifsym
DEBUG:root:accepting beginsym == ifsym
DEBUG:root:accepting ifsym == ifsym
DEBUG:root:getsym: ident arg
DEBUG:root:start <function condition at 0x7647c559de40>
DEBUG:root:
*********************************************
	Starting debug with standard test program
*********************************************

DEBUG:root:start <function program at 0x76141d19e200>
DEBUG:root:getsym: constsym const
DEBUG:root:start <function block at 0x76141d19e0c0>
DEBUG:root:accepting constsym == constsym
DEBUG:root:getsym: ident max
DEBUG:root:expecting ident
DEBUG:root:accepting ident == ident
DEBUG:root:getsym: eql =
DEBUG:root:expecting eql
DEBUG:root:accepting eql == eql
DEBUG:root:getsym: number 100
DEBUG:root:expecting number
DEBUG:root:accepting number == number
DEBUG:root:getsym: semicolon ;
DEBUG:root:accepting comma == semicolon
DEBUG:root:expecting semicolon
DEBUG:root:accepting semicolon == semicolon
DEBUG:root:getsym: varsym var
DEBUG:root:accepting varsym == varsym
DEBUG:root:getsym: ident arg
DEBUG:root:expecting ident
DEBUG:root:accepting ident == ident
DEBUG:root:getsym: comma ,
DEBUG:root:accepting comma == comma
DEBUG:root:getsym: ident ret
DEBUG:root:expecting ident
DEBUG:root:accepting ident == ident
DEBUG:root:getsym: semicolon ;
DEBUG:root:accepting comma == semicolon
DEBUG:root:expecting semicolon
DEBUG:root:accepting semicolon == semicolon
DEBUG:root:getsym: procsym procedure
DEBUG:root:accepting procsym == procsym
DEBUG:root:getsym: ident isprime
DEBUG:root:expecting ident
DEBUG:root:accepting ident == ident
DEBUG:root:getsym: semicolon ;
DEBUG:root:expecting semicolon
DEBUG:root:accepting semicolon == semicolon
DEBUG:root:getsym: varsym var
DEBUG:root:start <function block at 0x76141d19e0c0>
DEBUG:root:accepting constsym == varsym
DEBUG:root:accepting varsym == varsym
DEBUG:root:getsym: ident i
DEBUG:root:expecting ident
DEBUG:root:accepting ident == ident
DEBUG:root:getsym: semicolon ;
DEBUG:root:accepting comma == semicolon
DEBUG:root:expecting semicolon
DEBUG:root:accepting semicolon == semicolon
DEBUG:root:getsym: beginsym begin
DEBUG:root:accepting procsym == beginsym
DEBUG:root:start <function statement at 0x76141d19df80>
DEBUG:root:accepting ident == beginsym
DEBUG:root:accepting callsym == beginsym
DEBUG:root:accepting beginsym == beginsym
DEBUG:root:getsym: ident ret
DEBUG:root:StatList : new 129828762144544
DEBUG:root:start <function statement at 0x76141d19df80>
DEBUG:root:accepting ident == ident
DEBUG:root:getsym: becomes :=
DEBUG:root:Looking up ret
DEBUG:root:Looking up in parent
DEBUG:root:Looking up ret
DEBUG:root:expecting becomes
DEBUG:root:accepting becomes == becomes
DEBUG:root:getsym: number 1
DEBUG:root:start <function expression at 0x76141d19dd00>
DEBUG:root:start <function term at 0x76141d19dbc0>
DEBUG:root:start <function factor at 0x76141d19da80>
DEBUG:root:accepting ident == number
DEBUG:root:accepting number == number
DEBUG:root:getsym: semicolon ;
DEBUG:root:end <function factor at 0x76141d19da80>
DEBUG:root:end <function term at 0x76141d19dbc0>
DEBUG:root:end <function expression at 0x76141d19dd00>
DEBUG:root:end <function statement at 0x76141d19df80>
DEBUG:root:StatList: appending 129828759671760 of type <class 'ir2.AssignStat'> to 129828762144544
DEBUG:root:accepting semicolon == semicolon
DEBUG:root:getsym: ident i
DEBUG:root:start <function statement at 0x76141d19df80>
DEBUG:root:accepting ident == ident
DEBUG:root:getsym: becomes :=
DEBUG:root:Looking up i
DEBUG:root:expecting becomes
DEBUG:root:accepting becomes == becomes
DEBUG:root:getsym: number 2
DEBUG:root:start <function expression at 0x76141d19dd00>
DEBUG:root:start <function term at 0x76141d19dbc0>
DEBUG:root:start <function factor at 0x76141d19da80>
DEBUG:root:accepting ident == number
DEBUG:root:accepting number == number
DEBUG:root:getsym: semicolon ;
DEBUG:root:end <function factor at 0x76141d19da80>
DEBUG:root:end <function term at 0x76141d19dbc0>
DEBUG:root:end <function expression at 0x76141d19dd00>
DEBUG:root:end <function statement at 0x76141d19df80>
DEBUG:root:StatList: appending 129828759671904 of type <class 'ir2.AssignStat'> to 129828762144544
DEBUG:root:accepting semicolon == semicolon
DEBUG:root:getsym: whilesym while
DEBUG:root:start <function statement at 0x76141d19df80>
DEBUG:root:accepting ident == whilesym
DEBUG:root:accepting callsym == whilesym
DEBUG:root:accepting beginsym == whilesym
DEBUG:root:accepting ifsym == whilesym
DEBUG:root:accepting whilesym == whilesym
DEBUG:root:getsym: ident i
DEBUG:root:start <function condition at 0x76141d19de40>
DEBUG:root:accepting oddsym == ident
DEBUG:root:start <function expression at 0x76141d19dd00>
DEBUG:root:start <function term at 0x76141d19dbc0>
DEBUG:root:start <function factor at 0x76141d19da80>
DEBUG:root:accepting ident == ident
DEBUG:root:getsym: lss <
DEBUG:root:Looking up i
DEBUG:root:end <function factor at 0x76141d19da80>
DEBUG:root:end <function term at 0x76141d19dbc0>
DEBUG:root:end <function expression at 0x76141d19dd00>
DEBUG:root:getsym: ident arg
DEBUG:root:condition operator lss ident
DEBUG:root:start <function expression at 0x76141d19dd00>
DEBUG:root:start <function term at 0x76141d19dbc0>
DEBUG:root:start <function factor at 0x76141d19da80>
DEBUG:root:accepting ident == ident
DEBUG:root:getsym: dosym do
DEBUG:root:Looking up arg
DEBUG:root:Looking up in parent
DEBUG:root:Looking up arg
DEBUG:root:end <function factor at 0x76141d19da80>
DEBUG:root:end <function term at 0x76141d19dbc0>
DEBUG:root:end <function expression at 0x76141d19dd00>
DEBUG:root:end <function condition at 0x76141d19de40>
DEBUG:root:expecting dosym
DEBUG:root:accepting dosym == dosym
DEBUG:root:getsym: beginsym begin
DEBUG:root:start <function statement at 0x76141d19df80>
DEBUG:root:accepting ident == beginsym
DEBUG:root:accepting callsym == beginsym
DEBUG:root:accepting beginsym == beginsym
DEBUG:root:getsym: ifsym if
DEBUG:root:StatList : new 129828759672000
DEBUG:root:start <function statement at 0x76141d19df80>
DEBUG:root:accepting ident == ifsym
DEBUG:root:accepting callsym == ifsym
DEBUG:root:accepting beginsym == ifsym
DEBUG:root:accepting ifsym == ifsym
DEBUG:root:getsym: ident arg
DEBUG:root:start <function condition at 0x76141d19de40>
DEBUG:root:accepting oddsym == ident
DEBUG:root:start <function expression at 0x76141d19dd00>
DEBUG:root:start <function term at 0x76141d19dbc0>
DEBUG:root:start <function factor at 0x76141d19da80>
DEBUG:root:accepting ident == ident
DEBUG:root:getsym: slash /
DEBUG:root:Looking up arg
DEBUG:root:Looking up in parent
DEBUG:root:Looking up arg
DEBUG:root:end <function factor at 0x76141d19da80>
DEBUG:root:getsym: ident i
DEBUG:root:start <function factor at 0x76141d19da80>
DEBUG:root:accepting ident == ident
DEBUG:root:getsym: times *
DEBUG:root:Looking up i
DEBUG:root:end <function factor at 0x76141d19da80>
DEBUG:root:getsym: ident i
DEBUG:root:start <function factor at 0x76141d19da80>
DEBUG:root:accepting ident == ident
DEBUG:root:getsym: eql =
DEBUG:root:Looking up i
DEBUG:root:end <function factor at 0x76141d19da80>
DEBUG:root:end <function term at 0x76141d19dbc0>
DEBUG:root:end <function expression at 0x76141d19dd00>
DEBUG:root:getsym: ident arg
DEBUG:root:condition operator eql ident
DEBUG:root:start <function expression at 0x76141d19dd00>
DEBUG:root:start <function term at 0x76141d19dbc0>
DEBUG:root:start <function factor at 0x76141d19da80>
DEBUG:root:accepting ident == ident
DEBUG:root:getsym: thensym then
DEBUG:root:Looking up arg
DEBUG:root:Looking up in parent
DEBUG:root:Looking up arg
DEBUG:root:end <function factor at 0x76141d19da80>
DEBUG:root:end <function term at 0x76141d19dbc0>
DEBUG:root:end <function expression at 0x76141d19dd00>
DEBUG:root:end <function condition at 0x76141d19de40>
DEBUG:root:expecting thensym
DEBUG:root:accepting thensym == thensym
DEBUG:root:getsym: beginsym begin
DEBUG:root:start <function statement at 0x76141d19df80>
DEBUG:root:accepting ident == beginsym
DEBUG:root:accepting callsym == beginsym
DEBUG:root:accepting beginsym == beginsym
DEBUG:root:getsym: ident ret
DEBUG:root:StatList : new 129828759672576
DEBUG:root:start <function statement at 0x76141d19df80>
DEBUG:root:accepting ident == ident
DEBUG:root:getsym: becomes :=
DEBUG:root:Looking up ret
DEBUG:root:Looking up in parent
DEBUG:root:Looking up ret
DEBUG:root:expecting becomes
DEBUG:root:accepting becomes == becomes
DEBUG:root:getsym: number 0
DEBUG:root:start <function expression at 0x76141d19dd00>
DEBUG:root:start <function term at 0x76141d19dbc0>
DEBUG:root:start <function factor at 0x76141d19da80>
DEBUG:root:accepting ident == number
DEBUG:root:accepting number == number
DEBUG:root:getsym: semicolon ;
DEBUG:root:end <function factor at 0x76141d19da80>
DEBUG:root:end <function term at 0x76141d19dbc0>
DEBUG:root:end <function expression at 0x76141d19dd00>
DEBUG:root:end <function statement at 0x76141d19df80>
DEBUG:root:StatList: appending 129828759672864 of type <class 'ir2.AssignStat'> to 129828759672576
DEBUG:root:accepting semicolon == semicolon
DEBUG:root:getsym: ident i
DEBUG:root:start <function statement at 0x76141d19df80>
DEBUG:root:accepting ident == ident
DEBUG:root:getsym: becomes :=
DEBUG:root:Looking up i
DEBUG:root:expecting becomes
DEBUG:root:accepting becomes == becomes
DEBUG:root:getsym: ident arg
DEBUG:root:start <function expression at 0x76141d19dd00>
DEBUG:root:start <function term at 0x76141d19dbc0>
DEBUG:root:start <function factor at 0x76141d19da80>
DEBUG:root:accepting ident == ident
DEBUG:root:getsym: semicolon ;
DEBUG:root:Looking up arg
DEBUG:root:Looking up in parent
DEBUG:root:Looking up arg
DEBUG:root:end <function factor at 0x76141d19da80>
DEBUG:root:end <function term at 0x76141d19dbc0>
DEBUG:root:end <function expression at 0x76141d19dd00>
DEBUG:root:end <function statement at 0x76141d19df80>
DEBUG:root:StatList: appending 129828759673008 of type <class 'ir2.AssignStat'> to 129828759672576
DEBUG:root:accepting semicolon == semicolon
DEBUG:root:getsym: endsym end
DEBUG:root:start <function statement at 0x76141d19df80>
DEBUG:root:accepting ident == endsym
DEBUG:root:accepting callsym == endsym
DEBUG:root:accepting beginsym == endsym
DEBUG:root:accepting ifsym == endsym
DEBUG:root:accepting whilesym == endsym
DEBUG:root:accepting print == endsym
DEBUG:root:end <function statement at 0x76141d19df80>
DEBUG:root:
*********************************************
	Starting debug with standard test program
*********************************************

DEBUG:root:start <function program at 0x7066ad2c2980>
DEBUG:root:getsym: constsym const
DEBUG:root:start <function block at 0x7066ad2c2840>
DEBUG:root:accepting constsym == constsym
DEBUG:root:getsym: ident max
DEBUG:root:expecting ident
DEBUG:root:accepting ident == ident
DEBUG:root:getsym: eql =
DEBUG:root:expecting eql
DEBUG:root:accepting eql == eql
DEBUG:root:getsym: number 100
DEBUG:root:expecting number
DEBUG:root:accepting number == number
DEBUG:root:getsym: semicolon ;
DEBUG:root:accepting comma == semicolon
DEBUG:root:expecting semicolon
DEBUG:root:accepting semicolon == semicolon
DEBUG:root:getsym: varsym var
DEBUG:root:accepting varsym == varsym
DEBUG:root:getsym: ident arg
DEBUG:root:expecting ident
DEBUG:root:accepting ident == ident
DEBUG:root:getsym: comma ,
DEBUG:root:accepting comma == comma
DEBUG:root:getsym: ident ret
DEBUG:root:expecting ident
DEBUG:root:accepting ident == ident
DEBUG:root:getsym: semicolon ;
DEBUG:root:accepting comma == semicolon
DEBUG:root:expecting semicolon
DEBUG:root:accepting semicolon == semicolon
DEBUG:root:getsym: procsym procedure
DEBUG:root:accepting procsym == procsym
DEBUG:root:getsym: ident isprime
DEBUG:root:expecting ident
DEBUG:root:accepting ident == ident
DEBUG:root:getsym: semicolon ;
DEBUG:root:expecting semicolon
DEBUG:root:accepting semicolon == semicolon
DEBUG:root:getsym: varsym var
DEBUG:root:start <function block at 0x7066ad2c2840>
DEBUG:root:accepting constsym == varsym
DEBUG:root:accepting varsym == varsym
DEBUG:root:getsym: ident i
DEBUG:root:expecting ident
DEBUG:root:accepting ident == ident
DEBUG:root:getsym: semicolon ;
DEBUG:root:accepting comma == semicolon
DEBUG:root:expecting semicolon
DEBUG:root:accepting semicolon == semicolon
DEBUG:root:getsym: beginsym begin
DEBUG:root:accepting procsym == beginsym
DEBUG:root:start <function statement at 0x7066ad2c2700>
DEBUG:root:accepting ident == beginsym
DEBUG:root:accepting callsym == beginsym
DEBUG:root:accepting beginsym == beginsym
DEBUG:root:getsym: ident ret
DEBUG:root:StatList : new 123586294295984
DEBUG:root:start <function statement at 0x7066ad2c2700>
DEBUG:root:accepting ident == ident
DEBUG:root:getsym: becomes :=
DEBUG:root:Looking up ret
DEBUG:root:Looking up in parent
DEBUG:root:Looking up ret
DEBUG:root:expecting becomes
DEBUG:root:accepting becomes == becomes
DEBUG:root:getsym: number 1
DEBUG:root:start <function expression at 0x7066ad2c2480>
DEBUG:root:start <function term at 0x7066ad2c2340>
DEBUG:root:start <function factor at 0x7066ad2c2200>
DEBUG:root:accepting ident == number
DEBUG:root:accepting number == number
DEBUG:root:getsym: semicolon ;
DEBUG:root:end <function factor at 0x7066ad2c2200>
DEBUG:root:end <function term at 0x7066ad2c2340>
DEBUG:root:end <function expression at 0x7066ad2c2480>
DEBUG:root:end <function statement at 0x7066ad2c2700>
DEBUG:root:StatList: appending 123586294284416 of type <class 'ir2.AssignStat'> to 123586294295984
DEBUG:root:accepting semicolon == semicolon
DEBUG:root:getsym: ident i
DEBUG:root:start <function statement at 0x7066ad2c2700>
DEBUG:root:accepting ident == ident
DEBUG:root:getsym: becomes :=
DEBUG:root:Looking up i
DEBUG:root:expecting becomes
DEBUG:root:accepting becomes == becomes
DEBUG:root:getsym: number 2
DEBUG:root:start <function expression at 0x7066ad2c2480>
DEBUG:root:start <function term at 0x7066ad2c2340>
DEBUG:root:start <function factor at 0x7066ad2c2200>
DEBUG:root:accepting ident == number
DEBUG:root:accepting number == number
DEBUG:root:getsym: semicolon ;
DEBUG:root:end <function factor at 0x7066ad2c2200>
DEBUG:root:end <function term at 0x7066ad2c2340>
DEBUG:root:end <function expression at 0x7066ad2c2480>
DEBUG:root:end <function statement at 0x7066ad2c2700>
DEBUG:root:StatList: appending 123586294284608 of type <class 'ir2.AssignStat'> to 123586294295984
DEBUG:root:accepting semicolon == semicolon
DEBUG:root:getsym: whilesym while
DEBUG:root:start <function statement at 0x7066ad2c2700>
DEBUG:root:accepting ident == whilesym
DEBUG:root:accepting callsym == whilesym
DEBUG:root:accepting beginsym == whilesym
DEBUG:root:accepting ifsym == whilesym
DEBUG:root:accepting whilesym == whilesym
DEBUG:root:getsym: ident i
DEBUG:root:start <function condition at 0x7066ad2c25c0>
DEBUG:root:accepting oddsym == ident
DEBUG:root:start <function expression at 0x7066ad2c2480>
DEBUG:root:start <function term at 0x7066ad2c2340>
DEBUG:root:start <function factor at 0x7066ad2c2200>
DEBUG:root:accepting ident == ident
DEBUG:root:getsym: lss <
DEBUG:root:Looking up i
DEBUG:root:end <function factor at 0x7066ad2c2200>
DEBUG:root:end <function term at 0x7066ad2c2340>
DEBUG:root:end <function expression at 0x7066ad2c2480>
DEBUG:root:getsym: ident arg
DEBUG:root:condition operator lss ident
DEBUG:root:start <function expression at 0x7066ad2c2480>
DEBUG:root:start <function term at 0x7066ad2c2340>
DEBUG:root:start <function factor at 0x7066ad2c2200>
DEBUG:root:accepting ident == ident
DEBUG:root:getsym: dosym do
DEBUG:root:Looking up arg
DEBUG:root:Looking up in parent
DEBUG:root:Looking up arg
DEBUG:root:end <function factor at 0x7066ad2c2200>
DEBUG:root:end <function term at 0x7066ad2c2340>
DEBUG:root:end <function expression at 0x7066ad2c2480>
DEBUG:root:end <function condition at 0x7066ad2c25c0>
DEBUG:root:expecting dosym
DEBUG:root:accepting dosym == dosym
DEBUG:root:getsym: beginsym begin
DEBUG:root:start <function statement at 0x7066ad2c2700>
DEBUG:root:accepting ident == beginsym
DEBUG:root:accepting callsym == beginsym
DEBUG:root:accepting beginsym == beginsym
DEBUG:root:getsym: ifsym if
DEBUG:root:StatList : new 123586294284704
DEBUG:root:start <function statement at 0x7066ad2c2700>
DEBUG:root:accepting ident == ifsym
DEBUG:root:accepting callsym == ifsym
DEBUG:root:accepting beginsym == ifsym
DEBUG:root:accepting ifsym == ifsym
DEBUG:root:getsym: ident arg
DEBUG:root:start <function condition at 0x7066ad2c25c0>
DEBUG:root:accepting oddsym == ident
DEBUG:root:start <function expression at 0x7066ad2c2480>
DEBUG:root:start <function term at 0x7066ad2c2340>
DEBUG:root:start <function factor at 0x7066ad2c2200>
DEBUG:root:accepting ident == ident
DEBUG:root:getsym: slash /
DEBUG:root:Looking up arg
DEBUG:root:Looking up in parent
DEBUG:root:Looking up arg
DEBUG:root:end <function factor at 0x7066ad2c2200>
DEBUG:root:getsym: ident i
DEBUG:root:start <function factor at 0x7066ad2c2200>
DEBUG:root:accepting ident == ident
DEBUG:root:getsym: times *
DEBUG:root:Looking up i
DEBUG:root:end <function factor at 0x7066ad2c2200>
DEBUG:root:getsym: ident i
DEBUG:root:start <function factor at 0x7066ad2c2200>
DEBUG:root:accepting ident == ident
DEBUG:root:getsym: eql =
DEBUG:root:Looking up i
DEBUG:root:end <function factor at 0x7066ad2c2200>
DEBUG:root:end <function term at 0x7066ad2c2340>
DEBUG:root:end <function expression at 0x7066ad2c2480>
DEBUG:root:getsym: ident arg
DEBUG:root:condition operator eql ident
DEBUG:root:start <function expression at 0x7066ad2c2480>
DEBUG:root:start <function term at 0x7066ad2c2340>
DEBUG:root:start <function factor at 0x7066ad2c2200>
DEBUG:root:accepting ident == ident
DEBUG:root:getsym: thensym then
DEBUG:root:Looking up arg
DEBUG:root:Looking up in parent
DEBUG:root:Looking up arg
DEBUG:root:end <function factor at 0x7066ad2c2200>
DEBUG:root:end <function term at 0x7066ad2c2340>
DEBUG:root:end <function expression at 0x7066ad2c2480>
DEBUG:root:end <function condition at 0x7066ad2c25c0>
DEBUG:root:expecting thensym
DEBUG:root:accepting thensym == thensym
DEBUG:root:getsym: beginsym begin
DEBUG:root:start <function statement at 0x7066ad2c2700>
DEBUG:root:accepting ident == beginsym
DEBUG:root:accepting callsym == beginsym
DEBUG:root:accepting beginsym == beginsym
DEBUG:root:getsym: ident ret
DEBUG:root:StatList : new 123586294285328
DEBUG:root:start <function statement at 0x7066ad2c2700>
DEBUG:root:accepting ident == ident
DEBUG:root:getsym: becomes :=
DEBUG:root:Looking up ret
DEBUG:root:Looking up in parent
DEBUG:root:Looking up ret
DEBUG:root:expecting becomes
DEBUG:root:accepting becomes == becomes
DEBUG:root:getsym: number 0
DEBUG:root:start <function expression at 0x7066ad2c2480>
DEBUG:root:start <function term at 0x7066ad2c2340>
DEBUG:root:start <function factor at 0x7066ad2c2200>
DEBUG:root:accepting ident == number
DEBUG:root:accepting number == number
DEBUG:root:getsym: semicolon ;
DEBUG:root:end <function factor at 0x7066ad2c2200>
DEBUG:root:end <function term at 0x7066ad2c2340>
DEBUG:root:end <function expression at 0x7066ad2c2480>
DEBUG:root:end <function statement at 0x7066ad2c2700>
DEBUG:root:StatList: appending 123586294285616 of type <class 'ir2.AssignStat'> to 123586294285328
DEBUG:root:accepting semicolon == semicolon
DEBUG:root:getsym: ident i
DEBUG:root:start <function statement at 0x7066ad2c2700>
DEBUG:root:accepting ident == ident
DEBUG:root:getsym: becomes :=
DEBUG:root:Looking up i
DEBUG:root:expecting becomes
DEBUG:root:accepting becomes == becomes
DEBUG:root:getsym: ident arg
DEBUG:root:start <function expression at 0x7066ad2c2480>
DEBUG:root:start <function term at 0x7066ad2c2340>
DEBUG:root:start <function factor at 0x7066ad2c2200>
DEBUG:root:accepting ident == ident
DEBUG:root:getsym: semicolon ;
DEBUG:root:Looking up arg
DEBUG:root:Looking up in parent
DEBUG:root:Looking up arg
DEBUG:root:end <function factor at 0x7066ad2c2200>
DEBUG:root:end <function term at 0x7066ad2c2340>
DEBUG:root:end <function expression at 0x7066ad2c2480>
DEBUG:root:end <function statement at 0x7066ad2c2700>
DEBUG:root:StatList: appending 123586294285760 of type <class 'ir2.AssignStat'> to 123586294285328
DEBUG:root:accepting semicolon == semicolon
DEBUG:root:getsym: endsym end
DEBUG:root:start <function statement at 0x7066ad2c2700>
DEBUG:root:accepting ident == endsym
DEBUG:root:accepting callsym == endsym
DEBUG:root:accepting beginsym == endsym
DEBUG:root:accepting ifsym == endsym
DEBUG:root:accepting whilesym == endsym
DEBUG:root:accepting print == endsym
DEBUG:root:end <function statement at 0x7066ad2c2700>
DEBUG:root:
*********************************************
	Starting debug with standard test program
*********************************************

DEBUG:root:start <function program at 0x73cd71cc2980>
DEBUG:root:getsym: constsym const
DEBUG:root:start <function block at 0x73cd71cc2840>
DEBUG:root:accepting constsym == constsym
DEBUG:root:getsym: ident max
DEBUG:root:expecting ident
DEBUG:root:accepting ident == ident
DEBUG:root:getsym: eql =
DEBUG:root:expecting eql
DEBUG:root:accepting eql == eql
DEBUG:root:getsym: number 100
DEBUG:root:expecting number
DEBUG:root:accepting number == number
DEBUG:root:getsym: semicolon ;
DEBUG:root:accepting comma == semicolon
DEBUG:root:expecting semicolon
DEBUG:root:accepting semicolon == semicolon
DEBUG:root:getsym: varsym var
DEBUG:root:accepting varsym == varsym
DEBUG:root:getsym: ident arg
DEBUG:root:expecting ident
DEBUG:root:accepting ident == ident
DEBUG:root:getsym: comma ,
DEBUG:root:accepting comma == comma
DEBUG:root:getsym: ident ret
DEBUG:root:expecting ident
DEBUG:root:accepting ident == ident
DEBUG:root:getsym: semicolon ;
DEBUG:root:accepting comma == semicolon
DEBUG:root:expecting semicolon
DEBUG:root:accepting semicolon == semicolon
DEBUG:root:getsym: procsym procedure
DEBUG:root:accepting procsym == procsym
DEBUG:root:getsym: ident isprime
DEBUG:root:expecting ident
DEBUG:root:accepting ident == ident
DEBUG:root:getsym: semicolon ;
DEBUG:root:expecting semicolon
DEBUG:root:accepting semicolon == semicolon
DEBUG:root:getsym: varsym var
DEBUG:root:start <function block at 0x73cd71cc2840>
DEBUG:root:accepting constsym == varsym
DEBUG:root:accepting varsym == varsym
DEBUG:root:getsym: ident i
DEBUG:root:expecting ident
DEBUG:root:accepting ident == ident
DEBUG:root:getsym: semicolon ;
DEBUG:root:accepting comma == semicolon
DEBUG:root:expecting semicolon
DEBUG:root:accepting semicolon == semicolon
DEBUG:root:getsym: beginsym begin
DEBUG:root:accepting procsym == beginsym
DEBUG:root:start <function statement at 0x73cd71cc2700>
DEBUG:root:accepting ident == beginsym
DEBUG:root:accepting callsym == beginsym
DEBUG:root:accepting beginsym == beginsym
DEBUG:root:getsym: ident ret
DEBUG:root:StatList : new 127326214663552
DEBUG:root:start <function statement at 0x73cd71cc2700>
DEBUG:root:accepting ident == ident
DEBUG:root:getsym: becomes :=
DEBUG:root:Looking up ret
DEBUG:root:Looking up in parent
DEBUG:root:Looking up ret
DEBUG:root:expecting becomes
DEBUG:root:accepting becomes == becomes
DEBUG:root:getsym: number 1
DEBUG:root:start <function expression at 0x73cd71cc2480>
DEBUG:root:start <function term at 0x73cd71cc2340>
DEBUG:root:start <function factor at 0x73cd71cc2200>
DEBUG:root:accepting ident == number
DEBUG:root:accepting number == number
DEBUG:root:getsym: semicolon ;
DEBUG:root:end <function factor at 0x73cd71cc2200>
DEBUG:root:end <function term at 0x73cd71cc2340>
DEBUG:root:end <function expression at 0x73cd71cc2480>
DEBUG:root:end <function statement at 0x73cd71cc2700>
DEBUG:root:StatList: appending 127326214651984 of type <class 'ir2.AssignStat'> to 127326214663552
DEBUG:root:accepting semicolon == semicolon
DEBUG:root:getsym: ident i
DEBUG:root:start <function statement at 0x73cd71cc2700>
DEBUG:root:accepting ident == ident
DEBUG:root:getsym: becomes :=
DEBUG:root:Looking up i
DEBUG:root:expecting becomes
DEBUG:root:accepting becomes == becomes
DEBUG:root:getsym: number 2
DEBUG:root:start <function expression at 0x73cd71cc2480>
DEBUG:root:start <function term at 0x73cd71cc2340>
DEBUG:root:start <function factor at 0x73cd71cc2200>
DEBUG:root:accepting ident == number
DEBUG:root:accepting number == number
DEBUG:root:getsym: semicolon ;
DEBUG:root:end <function factor at 0x73cd71cc2200>
DEBUG:root:end <function term at 0x73cd71cc2340>
DEBUG:root:end <function expression at 0x73cd71cc2480>
DEBUG:root:end <function statement at 0x73cd71cc2700>
DEBUG:root:StatList: appending 127326214652176 of type <class 'ir2.AssignStat'> to 127326214663552
DEBUG:root:accepting semicolon == semicolon
DEBUG:root:getsym: whilesym while
DEBUG:root:start <function statement at 0x73cd71cc2700>
DEBUG:root:accepting ident == whilesym
DEBUG:root:accepting callsym == whilesym
DEBUG:root:accepting beginsym == whilesym
DEBUG:root:accepting ifsym == whilesym
DEBUG:root:accepting whilesym == whilesym
DEBUG:root:getsym: ident i
DEBUG:root:start <function condition at 0x73cd71cc25c0>
DEBUG:root:accepting oddsym == ident
DEBUG:root:start <function expression at 0x73cd71cc2480>
DEBUG:root:start <function term at 0x73cd71cc2340>
DEBUG:root:start <function factor at 0x73cd71cc2200>
DEBUG:root:accepting ident == ident
DEBUG:root:getsym: lss <
DEBUG:root:Looking up i
DEBUG:root:end <function factor at 0x73cd71cc2200>
DEBUG:root:end <function term at 0x73cd71cc2340>
DEBUG:root:end <function expression at 0x73cd71cc2480>
DEBUG:root:getsym: ident arg
DEBUG:root:condition operator lss ident
DEBUG:root:start <function expression at 0x73cd71cc2480>
DEBUG:root:start <function term at 0x73cd71cc2340>
DEBUG:root:start <function factor at 0x73cd71cc2200>
DEBUG:root:accepting ident == ident
DEBUG:root:getsym: dosym do
DEBUG:root:Looking up arg
DEBUG:root:Looking up in parent
DEBUG:root:Looking up arg
DEBUG:root:end <function factor at 0x73cd71cc2200>
DEBUG:root:end <function term at 0x73cd71cc2340>
DEBUG:root:end <function expression at 0x73cd71cc2480>
DEBUG:root:end <function condition at 0x73cd71cc25c0>
DEBUG:root:expecting dosym
DEBUG:root:accepting dosym == dosym
DEBUG:root:getsym: beginsym begin
DEBUG:root:start <function statement at 0x73cd71cc2700>
DEBUG:root:accepting ident == beginsym
DEBUG:root:accepting callsym == beginsym
DEBUG:root:accepting beginsym == beginsym
DEBUG:root:getsym: ifsym if
DEBUG:root:StatList : new 127326214652272
DEBUG:root:start <function statement at 0x73cd71cc2700>
DEBUG:root:accepting ident == ifsym
DEBUG:root:accepting callsym == ifsym
DEBUG:root:accepting beginsym == ifsym
DEBUG:root:accepting ifsym == ifsym
DEBUG:root:getsym: ident arg
DEBUG:root:start <function condition at 0x73cd71cc25c0>
DEBUG:root:accepting oddsym == ident
DEBUG:root:start <function expression at 0x73cd71cc2480>
DEBUG:root:start <function term at 0x73cd71cc2340>
DEBUG:root:start <function factor at 0x73cd71cc2200>
DEBUG:root:accepting ident == ident
DEBUG:root:getsym: slash /
DEBUG:root:Looking up arg
DEBUG:root:Looking up in parent
DEBUG:root:Looking up arg
DEBUG:root:end <function factor at 0x73cd71cc2200>
DEBUG:root:getsym: ident i
DEBUG:root:start <function factor at 0x73cd71cc2200>
DEBUG:root:accepting ident == ident
DEBUG:root:getsym: times *
DEBUG:root:Looking up i
DEBUG:root:end <function factor at 0x73cd71cc2200>
DEBUG:root:getsym: ident i
DEBUG:root:start <function factor at 0x73cd71cc2200>
DEBUG:root:accepting ident == ident
DEBUG:root:getsym: eql =
DEBUG:root:Looking up i
DEBUG:root:end <function factor at 0x73cd71cc2200>
DEBUG:root:end <function term at 0x73cd71cc2340>
DEBUG:root:end <function expression at 0x73cd71cc2480>
DEBUG:root:getsym: ident arg
DEBUG:root:condition operator eql ident
DEBUG:root:start <function expression at 0x73cd71cc2480>
DEBUG:root:start <function term at 0x73cd71cc2340>
DEBUG:root:start <function factor at 0x73cd71cc2200>
DEBUG:root:accepting ident == ident
DEBUG:root:getsym: thensym then
DEBUG:root:Looking up arg
DEBUG:root:Looking up in parent
DEBUG:root:Looking up arg
DEBUG:root:end <function factor at 0x73cd71cc2200>
DEBUG:root:end <function term at 0x73cd71cc2340>
DEBUG:root:end <function expression at 0x73cd71cc2480>
DEBUG:root:end <function condition at 0x73cd71cc25c0>
DEBUG:root:expecting thensym
DEBUG:root:accepting thensym == thensym
DEBUG:root:getsym: beginsym begin
DEBUG:root:start <function statement at 0x73cd71cc2700>
DEBUG:root:accepting ident == beginsym
DEBUG:root:accepting callsym == beginsym
DEBUG:root:accepting beginsym == beginsym
DEBUG:root:getsym: ident ret
DEBUG:root:StatList : new 127326214652896
DEBUG:root:start <function statement at 0x73cd71cc2700>
DEBUG:root:accepting ident == ident
DEBUG:root:getsym: becomes :=
DEBUG:root:Looking up ret
DEBUG:root:Looking up in parent
DEBUG:root:Looking up ret
DEBUG:root:expecting becomes
DEBUG:root:accepting becomes == becomes
DEBUG:root:getsym: number 0
DEBUG:root:start <function expression at 0x73cd71cc2480>
DEBUG:root:start <function term at 0x73cd71cc2340>
DEBUG:root:start <function factor at 0x73cd71cc2200>
DEBUG:root:accepting ident == number
DEBUG:root:accepting number == number
DEBUG:root:getsym: semicolon ;
DEBUG:root:end <function factor at 0x73cd71cc2200>
DEBUG:root:end <function term at 0x73cd71cc2340>
DEBUG:root:end <function expression at 0x73cd71cc2480>
DEBUG:root:end <function statement at 0x73cd71cc2700>
DEBUG:root:StatList: appending 127326214653184 of type <class 'ir2.AssignStat'> to 127326214652896
DEBUG:root:accepting semicolon == semicolon
DEBUG:root:getsym: ident i
DEBUG:root:start <function statement at 0x73cd71cc2700>
DEBUG:root:accepting ident == ident
DEBUG:root:getsym: becomes :=
DEBUG:root:Looking up i
DEBUG:root:expecting becomes
DEBUG:root:accepting becomes == becomes
DEBUG:root:getsym: ident arg
DEBUG:root:start <function expression at 0x73cd71cc2480>
DEBUG:root:start <function term at 0x73cd71cc2340>
DEBUG:root:start <function factor at 0x73cd71cc2200>
DEBUG:root:accepting ident == ident
DEBUG:root:getsym: semicolon ;
DEBUG:root:Looking up arg
DEBUG:root:Looking up in parent
DEBUG:root:Looking up arg
DEBUG:root:end <function factor at 0x73cd71cc2200>
DEBUG:root:end <function term at 0x73cd71cc2340>
DEBUG:root:end <function expression at 0x73cd71cc2480>
DEBUG:root:end <function statement at 0x73cd71cc2700>
DEBUG:root:StatList: appending 127326214653328 of type <class 'ir2.AssignStat'> to 127326214652896
DEBUG:root:accepting semicolon == semicolon
DEBUG:root:getsym: endsym end
DEBUG:root:start <function statement at 0x73cd71cc2700>
DEBUG:root:accepting ident == endsym
DEBUG:root:accepting callsym == endsym
DEBUG:root:accepting beginsym == endsym
DEBUG:root:accepting ifsym == endsym
DEBUG:root:accepting whilesym == endsym
DEBUG:root:accepting print == endsym
DEBUG:root:end <function statement at 0x73cd71cc2700>
DEBUG:root:
*********************************************
	Starting debug with standard test program
*********************************************

DEBUG:root:start <function program at 0x77491adb6a20>
DEBUG:root:getsym: constsym const
DEBUG:root:start <function block at 0x77491adb68e0>
DEBUG:root:accepting constsym == constsym
DEBUG:root:getsym: ident max
DEBUG:root:expecting ident
DEBUG:root:accepting ident == ident
DEBUG:root:getsym: eql =
DEBUG:root:expecting eql
DEBUG:root:accepting eql == eql
DEBUG:root:getsym: number 100
DEBUG:root:expecting number
DEBUG:root:accepting number == number
DEBUG:root:getsym: semicolon ;
DEBUG:root:accepting comma == semicolon
DEBUG:root:expecting semicolon
DEBUG:root:accepting semicolon == semicolon
DEBUG:root:getsym: varsym var
DEBUG:root:accepting varsym == varsym
DEBUG:root:getsym: ident arg
DEBUG:root:expecting ident
DEBUG:root:accepting ident == ident
DEBUG:root:getsym: comma ,
DEBUG:root:accepting comma == comma
DEBUG:root:getsym: ident ret
DEBUG:root:expecting ident
DEBUG:root:accepting ident == ident
DEBUG:root:getsym: semicolon ;
DEBUG:root:accepting comma == semicolon
DEBUG:root:expecting semicolon
DEBUG:root:accepting semicolon == semicolon
DEBUG:root:getsym: procsym procedure
DEBUG:root:accepting procsym == procsym
DEBUG:root:getsym: ident isprime
DEBUG:root:expecting ident
DEBUG:root:accepting ident == ident
DEBUG:root:getsym: semicolon ;
DEBUG:root:expecting semicolon
DEBUG:root:accepting semicolon == semicolon
DEBUG:root:getsym: varsym var
DEBUG:root:start <function block at 0x77491adb68e0>
DEBUG:root:accepting constsym == varsym
DEBUG:root:accepting varsym == varsym
DEBUG:root:getsym: ident i
DEBUG:root:expecting ident
DEBUG:root:accepting ident == ident
DEBUG:root:getsym: semicolon ;
DEBUG:root:accepting comma == semicolon
DEBUG:root:expecting semicolon
DEBUG:root:accepting semicolon == semicolon
DEBUG:root:getsym: beginsym begin
DEBUG:root:accepting procsym == beginsym
DEBUG:root:start <function statement at 0x77491adb67a0>
DEBUG:root:accepting ident == beginsym
DEBUG:root:accepting callsym == beginsym
DEBUG:root:accepting beginsym == beginsym
DEBUG:root:getsym: ident ret
DEBUG:root:StatList : new 131155869290272
DEBUG:root:start <function statement at 0x77491adb67a0>
DEBUG:root:accepting ident == ident
DEBUG:root:getsym: becomes :=
DEBUG:root:Looking up ret
DEBUG:root:Looking up in parent
DEBUG:root:Looking up ret
DEBUG:root:expecting becomes
DEBUG:root:accepting becomes == becomes
DEBUG:root:getsym: number 1
DEBUG:root:start <function expression at 0x77491adb6520>
DEBUG:root:start <function term at 0x77491adb63e0>
DEBUG:root:start <function factor at 0x77491adb5620>
DEBUG:root:accepting ident == number
DEBUG:root:accepting number == number
DEBUG:root:getsym: semicolon ;
DEBUG:root:end <function factor at 0x77491adb5620>
DEBUG:root:end <function term at 0x77491adb63e0>
DEBUG:root:end <function expression at 0x77491adb6520>
DEBUG:root:end <function statement at 0x77491adb67a0>
DEBUG:root:StatList: appending 131155866793888 of type <class 'ir2.AssignStat'> to 131155869290272
DEBUG:root:accepting semicolon == semicolon
DEBUG:root:getsym: ident i
DEBUG:root:start <function statement at 0x77491adb67a0>
DEBUG:root:accepting ident == ident
DEBUG:root:getsym: becomes :=
DEBUG:root:Looking up i
DEBUG:root:expecting becomes
DEBUG:root:accepting becomes == becomes
DEBUG:root:getsym: number 2
DEBUG:root:start <function expression at 0x77491adb6520>
DEBUG:root:start <function term at 0x77491adb63e0>
DEBUG:root:start <function factor at 0x77491adb5620>
DEBUG:root:accepting ident == number
DEBUG:root:accepting number == number
DEBUG:root:getsym: semicolon ;
DEBUG:root:end <function factor at 0x77491adb5620>
DEBUG:root:end <function term at 0x77491adb63e0>
DEBUG:root:end <function expression at 0x77491adb6520>
DEBUG:root:end <function statement at 0x77491adb67a0>
DEBUG:root:StatList: appending 131155866794032 of type <class 'ir2.AssignStat'> to 131155869290272
DEBUG:root:accepting semicolon == semicolon
DEBUG:root:getsym: whilesym while
DEBUG:root:start <function statement at 0x77491adb67a0>
DEBUG:root:accepting ident == whilesym
DEBUG:root:accepting callsym == whilesym
DEBUG:root:accepting beginsym == whilesym
DEBUG:root:accepting ifsym == whilesym
DEBUG:root:accepting whilesym == whilesym
DEBUG:root:getsym: ident i
DEBUG:root:start <function condition at 0x77491adb6660>
DEBUG:root:accepting oddsym == ident
DEBUG:root:start <function expression at 0x77491adb6520>
DEBUG:root:start <function term at 0x77491adb63e0>
DEBUG:root:start <function factor at 0x77491adb5620>
DEBUG:root:accepting ident == ident
DEBUG:root:getsym: lss <
DEBUG:root:Looking up i
DEBUG:root:end <function factor at 0x77491adb5620>
DEBUG:root:end <function term at 0x77491adb63e0>
DEBUG:root:end <function expression at 0x77491adb6520>
DEBUG:root:getsym: ident arg
DEBUG:root:condition operator lss ident
DEBUG:root:start <function expression at 0x77491adb6520>
DEBUG:root:start <function term at 0x77491adb63e0>
DEBUG:root:start <function factor at 0x77491adb5620>
DEBUG:root:accepting ident == ident
DEBUG:root:getsym: dosym do
DEBUG:root:Looking up arg
DEBUG:root:Looking up in parent
DEBUG:root:Looking up arg
DEBUG:root:end <function factor at 0x77491adb5620>
DEBUG:root:end <function term at 0x77491adb63e0>
DEBUG:root:end <function expression at 0x77491adb6520>
DEBUG:root:end <function condition at 0x77491adb6660>
DEBUG:root:expecting dosym
DEBUG:root:accepting dosym == dosym
DEBUG:root:getsym: beginsym begin
DEBUG:root:start <function statement at 0x77491adb67a0>
DEBUG:root:accepting ident == beginsym
DEBUG:root:accepting callsym == beginsym
DEBUG:root:accepting beginsym == beginsym
DEBUG:root:getsym: ifsym if
DEBUG:root:StatList : new 131155866794128
DEBUG:root:start <function statement at 0x77491adb67a0>
DEBUG:root:accepting ident == ifsym
DEBUG:root:accepting callsym == ifsym
DEBUG:root:accepting beginsym == ifsym
DEBUG:root:accepting ifsym == ifsym
DEBUG:root:getsym: ident arg
DEBUG:root:start <function condition at 0x77491adb6660>
DEBUG:root:accepting oddsym == ident
DEBUG:root:start <function expression at 0x77491adb6520>
DEBUG:root:start <function term at 0x77491adb63e0>
DEBUG:root:start <function factor at 0x77491adb5620>
DEBUG:root:accepting ident == ident
DEBUG:root:getsym: slash /
DEBUG:root:Looking up arg
DEBUG:root:Looking up in parent
DEBUG:root:Looking up arg
DEBUG:root:end <function factor at 0x77491adb5620>
DEBUG:root:getsym: ident i
DEBUG:root:start <function factor at 0x77491adb5620>
DEBUG:root:accepting ident == ident
DEBUG:root:getsym: times *
DEBUG:root:Looking up i
DEBUG:root:end <function factor at 0x77491adb5620>
DEBUG:root:getsym: ident i
DEBUG:root:start <function factor at 0x77491adb5620>
DEBUG:root:accepting ident == ident
DEBUG:root:getsym: eql =
DEBUG:root:Looking up i
DEBUG:root:end <function factor at 0x77491adb5620>
DEBUG:root:end <function term at 0x77491adb63e0>
DEBUG:root:end <function expression at 0x77491adb6520>
DEBUG:root:getsym: ident arg
DEBUG:root:condition operator eql ident
DEBUG:root:start <function expression at 0x77491adb6520>
DEBUG:root:start <function term at 0x77491adb63e0>
DEBUG:root:start <function factor at 0x77491adb5620>
DEBUG:root:accepting ident == ident
DEBUG:root:getsym: thensym then
DEBUG:root:Looking up arg
DEBUG:root:Looking up in parent
DEBUG:root:Looking up arg
DEBUG:root:end <function factor at 0x77491adb5620>
DEBUG:root:end <function term at 0x77491adb63e0>
DEBUG:root:end <function expression at 0x77491adb6520>
DEBUG:root:end <function condition at 0x77491adb6660>
DEBUG:root:expecting thensym
DEBUG:root:accepting thensym == thensym
DEBUG:root:getsym: beginsym begin
DEBUG:root:start <function statement at 0x77491adb67a0>
DEBUG:root:accepting ident == beginsym
DEBUG:root:accepting callsym == beginsym
DEBUG:root:accepting beginsym == beginsym
DEBUG:root:getsym: ident ret
DEBUG:root:StatList : new 131155866794704
DEBUG:root:start <function statement at 0x77491adb67a0>
DEBUG:root:accepting ident == ident
DEBUG:root:getsym: becomes :=
DEBUG:root:Looking up ret
DEBUG:root:Looking up in parent
DEBUG:root:Looking up ret
DEBUG:root:expecting becomes
DEBUG:root:accepting becomes == becomes
DEBUG:root:getsym: number 0
DEBUG:root:start <function expression at 0x77491adb6520>
DEBUG:root:start <function term at 0x77491adb63e0>
DEBUG:root:start <function factor at 0x77491adb5620>
DEBUG:root:accepting ident == number
DEBUG:root:accepting number == number
DEBUG:root:getsym: semicolon ;
DEBUG:root:end <function factor at 0x77491adb5620>
DEBUG:root:end <function term at 0x77491adb63e0>
DEBUG:root:end <function expression at 0x77491adb6520>
DEBUG:root:end <function statement at 0x77491adb67a0>
DEBUG:root:StatList: appending 131155866794992 of type <class 'ir2.AssignStat'> to 131155866794704
DEBUG:root:accepting semicolon == semicolon
DEBUG:root:getsym: ident i
DEBUG:root:start <function statement at 0x77491adb67a0>
DEBUG:root:accepting ident == ident
DEBUG:root:getsym: becomes :=
DEBUG:root:Looking up i
DEBUG:root:expecting becomes
DEBUG:root:accepting becomes == becomes
DEBUG:root:getsym: ident arg
DEBUG:root:start <function expression at 0x77491adb6520>
DEBUG:root:start <function term at 0x77491adb63e0>
DEBUG:root:start <function factor at 0x77491adb5620>
DEBUG:root:accepting ident == ident
DEBUG:root:getsym: semicolon ;
DEBUG:root:Looking up arg
DEBUG:root:Looking up in parent
DEBUG:root:Looking up arg
DEBUG:root:end <function factor at 0x77491adb5620>
DEBUG:root:end <function term at 0x77491adb63e0>
DEBUG:root:end <function expression at 0x77491adb6520>
DEBUG:root:end <function statement at 0x77491adb67a0>
DEBUG:root:StatList: appending 131155866795136 of type <class 'ir2.AssignStat'> to 131155866794704
DEBUG:root:accepting semicolon == semicolon
DEBUG:root:getsym: endsym end
DEBUG:root:start <function statement at 0x77491adb67a0>
DEBUG:root:accepting ident == endsym
DEBUG:root:accepting callsym == endsym
DEBUG:root:accepting beginsym == endsym
DEBUG:root:accepting ifsym == endsym
DEBUG:root:accepting whilesym == endsym
DEBUG:root:accepting print == endsym
DEBUG:root:end <function statement at 0x77491adb67a0>
DEBUG:root:
*********************************************
	Starting debug with standard test program
*********************************************

DEBUG:root:start <function program at 0x77a33e3772e0>
DEBUG:root:getsym: constsym const
DEBUG:root:start <function block at 0x77a33e3771a0>
DEBUG:root:accepting constsym == constsym
DEBUG:root:getsym: ident max
DEBUG:root:expecting ident
DEBUG:root:accepting ident == ident
DEBUG:root:getsym: eql =
DEBUG:root:expecting eql
DEBUG:root:accepting eql == eql
DEBUG:root:getsym: number 100
DEBUG:root:expecting number
DEBUG:root:accepting number == number
DEBUG:root:getsym: semicolon ;
DEBUG:root:accepting comma == semicolon
DEBUG:root:expecting semicolon
DEBUG:root:accepting semicolon == semicolon
DEBUG:root:getsym: varsym var
DEBUG:root:accepting varsym == varsym
DEBUG:root:getsym: ident arg
DEBUG:root:expecting ident
DEBUG:root:accepting ident == ident
DEBUG:root:getsym: comma ,
DEBUG:root:accepting comma == comma
DEBUG:root:getsym: ident ret
DEBUG:root:expecting ident
DEBUG:root:accepting ident == ident
DEBUG:root:getsym: semicolon ;
DEBUG:root:accepting comma == semicolon
DEBUG:root:expecting semicolon
DEBUG:root:accepting semicolon == semicolon
DEBUG:root:getsym: procsym procedure
DEBUG:root:accepting procsym == procsym
DEBUG:root:getsym: ident isprime
DEBUG:root:expecting ident
DEBUG:root:accepting ident == ident
DEBUG:root:getsym: semicolon ;
DEBUG:root:expecting semicolon
DEBUG:root:accepting semicolon == semicolon
DEBUG:root:getsym: varsym var
DEBUG:root:start <function block at 0x77a33e3771a0>
DEBUG:root:accepting constsym == varsym
DEBUG:root:accepting varsym == varsym
DEBUG:root:getsym: ident i
DEBUG:root:expecting ident
DEBUG:root:accepting ident == ident
DEBUG:root:getsym: semicolon ;
DEBUG:root:accepting comma == semicolon
DEBUG:root:expecting semicolon
DEBUG:root:accepting semicolon == semicolon
DEBUG:root:getsym: beginsym begin
DEBUG:root:accepting procsym == beginsym
DEBUG:root:start <function statement at 0x77a33e377060>
DEBUG:root:accepting ident == beginsym
DEBUG:root:accepting callsym == beginsym
DEBUG:root:accepting beginsym == beginsym
DEBUG:root:getsym: ident ret
DEBUG:root:StatList : new 131543011481488
DEBUG:root:start <function statement at 0x77a33e377060>
DEBUG:root:accepting ident == ident
DEBUG:root:getsym: becomes :=
DEBUG:root:Looking up ret
DEBUG:root:Looking up in parent
DEBUG:root:Looking up ret
DEBUG:root:expecting becomes
DEBUG:root:accepting becomes == becomes
DEBUG:root:getsym: number 1
DEBUG:root:start <function expression at 0x77a33e376de0>
DEBUG:root:start <function term at 0x77a33e376ca0>
DEBUG:root:start <function factor at 0x77a33e376160>
DEBUG:root:accepting ident == number
DEBUG:root:accepting number == number
DEBUG:root:getsym: semicolon ;
DEBUG:root:end <function factor at 0x77a33e376160>
DEBUG:root:end <function term at 0x77a33e376ca0>
DEBUG:root:end <function expression at 0x77a33e376de0>
DEBUG:root:end <function statement at 0x77a33e377060>
DEBUG:root:StatList: appending 131543011481776 of type <class 'ir2.AssignStat'> to 131543011481488
DEBUG:root:accepting semicolon == semicolon
DEBUG:root:getsym: ident i
DEBUG:root:start <function statement at 0x77a33e377060>
DEBUG:root:accepting ident == ident
DEBUG:root:getsym: becomes :=
DEBUG:root:Looking up i
DEBUG:root:expecting becomes
DEBUG:root:accepting becomes == becomes
DEBUG:root:getsym: number 2
DEBUG:root:start <function expression at 0x77a33e376de0>
DEBUG:root:start <function term at 0x77a33e376ca0>
DEBUG:root:start <function factor at 0x77a33e376160>
DEBUG:root:accepting ident == number
DEBUG:root:accepting number == number
DEBUG:root:getsym: semicolon ;
DEBUG:root:end <function factor at 0x77a33e376160>
DEBUG:root:end <function term at 0x77a33e376ca0>
DEBUG:root:end <function expression at 0x77a33e376de0>
DEBUG:root:end <function statement at 0x77a33e377060>
DEBUG:root:StatList: appending 131543011482208 of type <class 'ir2.AssignStat'> to 131543011481488
DEBUG:root:accepting semicolon == semicolon
DEBUG:root:getsym: whilesym while
DEBUG:root:start <function statement at 0x77a33e377060>
DEBUG:root:accepting ident == whilesym
DEBUG:root:accepting callsym == whilesym
DEBUG:root:accepting beginsym == whilesym
DEBUG:root:accepting ifsym == whilesym
DEBUG:root:accepting whilesym == whilesym
DEBUG:root:getsym: ident i
DEBUG:root:start <function condition at 0x77a33e376f20>
DEBUG:root:accepting oddsym == ident
DEBUG:root:start <function expression at 0x77a33e376de0>
DEBUG:root:start <function term at 0x77a33e376ca0>
DEBUG:root:start <function factor at 0x77a33e376160>
DEBUG:root:accepting ident == ident
DEBUG:root:getsym: lss <
DEBUG:root:Looking up i
DEBUG:root:end <function factor at 0x77a33e376160>
DEBUG:root:end <function term at 0x77a33e376ca0>
DEBUG:root:end <function expression at 0x77a33e376de0>
DEBUG:root:getsym: ident arg
DEBUG:root:condition operator lss ident
DEBUG:root:start <function expression at 0x77a33e376de0>
DEBUG:root:start <function term at 0x77a33e376ca0>
DEBUG:root:start <function factor at 0x77a33e376160>
DEBUG:root:accepting ident == ident
DEBUG:root:getsym: dosym do
DEBUG:root:Looking up arg
DEBUG:root:Looking up in parent
DEBUG:root:Looking up arg
DEBUG:root:end <function factor at 0x77a33e376160>
DEBUG:root:end <function term at 0x77a33e376ca0>
DEBUG:root:end <function expression at 0x77a33e376de0>
DEBUG:root:end <function condition at 0x77a33e376f20>
DEBUG:root:expecting dosym
DEBUG:root:accepting dosym == dosym
DEBUG:root:getsym: beginsym begin
DEBUG:root:start <function statement at 0x77a33e377060>
DEBUG:root:accepting ident == beginsym
DEBUG:root:accepting callsym == beginsym
DEBUG:root:accepting beginsym == beginsym
DEBUG:root:getsym: ifsym if
DEBUG:root:StatList : new 131543018636448
DEBUG:root:start <function statement at 0x77a33e377060>
DEBUG:root:accepting ident == ifsym
DEBUG:root:accepting callsym == ifsym
DEBUG:root:accepting beginsym == ifsym
DEBUG:root:accepting ifsym == ifsym
DEBUG:root:getsym: ident arg
DEBUG:root:start <function condition at 0x77a33e376f20>
DEBUG:root:accepting oddsym == ident
DEBUG:root:start <function expression at 0x77a33e376de0>
DEBUG:root:start <function term at 0x77a33e376ca0>
DEBUG:root:start <function factor at 0x77a33e376160>
DEBUG:root:accepting ident == ident
DEBUG:root:getsym: slash /
DEBUG:root:Looking up arg
DEBUG:root:Looking up in parent
DEBUG:root:Looking up arg
DEBUG:root:end <function factor at 0x77a33e376160>
DEBUG:root:getsym: ident i
DEBUG:root:start <function factor at 0x77a33e376160>
DEBUG:root:accepting ident == ident
DEBUG:root:getsym: times *
DEBUG:root:Looking up i
DEBUG:root:end <function factor at 0x77a33e376160>
DEBUG:root:getsym: ident i
DEBUG:root:start <function factor at 0x77a33e376160>
DEBUG:root:accepting ident == ident
DEBUG:root:getsym: eql =
DEBUG:root:Looking up i
DEBUG:root:end <function factor at 0x77a33e376160>
DEBUG:root:end <function term at 0x77a33e376ca0>
DEBUG:root:end <function expression at 0x77a33e376de0>
DEBUG:root:getsym: ident arg
DEBUG:root:condition operator eql ident
DEBUG:root:start <function expression at 0x77a33e376de0>
DEBUG:root:start <function term at 0x77a33e376ca0>
DEBUG:root:start <function factor at 0x77a33e376160>
DEBUG:root:accepting ident == ident
DEBUG:root:getsym: thensym then
DEBUG:root:Looking up arg
DEBUG:root:Looking up in parent
DEBUG:root:Looking up arg
DEBUG:root:end <function factor at 0x77a33e376160>
DEBUG:root:end <function term at 0x77a33e376ca0>
DEBUG:root:end <function expression at 0x77a33e376de0>
DEBUG:root:end <function condition at 0x77a33e376f20>
DEBUG:root:expecting thensym
DEBUG:root:accepting thensym == thensym
DEBUG:root:getsym: beginsym begin
DEBUG:root:start <function statement at 0x77a33e377060>
DEBUG:root:accepting ident == beginsym
DEBUG:root:accepting callsym == beginsym
DEBUG:root:accepting beginsym == beginsym
DEBUG:root:getsym: ident ret
DEBUG:root:StatList : new 131543011483360
DEBUG:root:start <function statement at 0x77a33e377060>
DEBUG:root:accepting ident == ident
DEBUG:root:getsym: becomes :=
DEBUG:root:Looking up ret
DEBUG:root:Looking up in parent
DEBUG:root:Looking up ret
DEBUG:root:expecting becomes
DEBUG:root:accepting becomes == becomes
DEBUG:root:getsym: number 0
DEBUG:root:start <function expression at 0x77a33e376de0>
DEBUG:root:start <function term at 0x77a33e376ca0>
DEBUG:root:start <function factor at 0x77a33e376160>
DEBUG:root:accepting ident == number
DEBUG:root:accepting number == number
DEBUG:root:getsym: semicolon ;
DEBUG:root:end <function factor at 0x77a33e376160>
DEBUG:root:end <function term at 0x77a33e376ca0>
DEBUG:root:end <function expression at 0x77a33e376de0>
DEBUG:root:end <function statement at 0x77a33e377060>
DEBUG:root:StatList: appending 131543011483600 of type <class 'ir2.AssignStat'> to 131543011483360
DEBUG:root:accepting semicolon == semicolon
DEBUG:root:getsym: ident i
DEBUG:root:start <function statement at 0x77a33e377060>
DEBUG:root:accepting ident == ident
DEBUG:root:getsym: becomes :=
DEBUG:root:Looking up i
DEBUG:root:expecting becomes
DEBUG:root:accepting becomes == becomes
DEBUG:root:getsym: ident arg
DEBUG:root:start <function expression at 0x77a33e376de0>
DEBUG:root:start <function term at 0x77a33e376ca0>
DEBUG:root:start <function factor at 0x77a33e376160>
DEBUG:root:accepting ident == ident
DEBUG:root:getsym: semicolon ;
DEBUG:root:Looking up arg
DEBUG:root:Looking up in parent
DEBUG:root:Looking up arg
DEBUG:root:end <function factor at 0x77a33e376160>
DEBUG:root:end <function term at 0x77a33e376ca0>
DEBUG:root:end <function expression at 0x77a33e376de0>
DEBUG:root:end <function statement at 0x77a33e377060>
DEBUG:root:StatList: appending 131543011483696 of type <class 'ir2.AssignStat'> to 131543011483360
DEBUG:root:accepting semicolon == semicolon
DEBUG:root:getsym: endsym end
DEBUG:root:start <function statement at 0x77a33e377060>
DEBUG:root:accepting ident == endsym
DEBUG:root:accepting callsym == endsym
DEBUG:root:accepting beginsym == endsym
DEBUG:root:accepting ifsym == endsym
DEBUG:root:accepting whilesym == endsym
DEBUG:root:accepting print == endsym
DEBUG:root:end <function statement at 0x77a33e377060>
DEBUG:root:
*********************************************
	Starting debug with standard test program
*********************************************

DEBUG:root:start <function program at 0x739443cf9da0>
DEBUG:root:getsym: constsym const
DEBUG:root:start <function block at 0x739443cf9c60>
DEBUG:root:accepting constsym == constsym
DEBUG:root:getsym: ident max
DEBUG:root:expecting ident
DEBUG:root:accepting ident == ident
DEBUG:root:getsym: eql =
DEBUG:root:expecting eql
DEBUG:root:accepting eql == eql
DEBUG:root:getsym: number 100
DEBUG:root:expecting number
DEBUG:root:accepting number == number
DEBUG:root:getsym: semicolon ;
DEBUG:root:accepting comma == semicolon
DEBUG:root:expecting semicolon
DEBUG:root:accepting semicolon == semicolon
DEBUG:root:getsym: varsym var
DEBUG:root:accepting varsym == varsym
DEBUG:root:getsym: ident arg
DEBUG:root:expecting ident
DEBUG:root:accepting ident == ident
DEBUG:root:getsym: comma ,
DEBUG:root:accepting comma == comma
DEBUG:root:getsym: ident ret
DEBUG:root:expecting ident
DEBUG:root:accepting ident == ident
DEBUG:root:getsym: semicolon ;
DEBUG:root:accepting comma == semicolon
DEBUG:root:expecting semicolon
DEBUG:root:accepting semicolon == semicolon
DEBUG:root:getsym: procsym procedure
DEBUG:root:accepting procsym == procsym
DEBUG:root:getsym: ident isprime
DEBUG:root:expecting ident
DEBUG:root:accepting ident == ident
DEBUG:root:getsym: semicolon ;
DEBUG:root:expecting semicolon
DEBUG:root:accepting semicolon == semicolon
DEBUG:root:getsym: varsym var
DEBUG:root:start <function block at 0x739443cf9c60>
DEBUG:root:accepting constsym == varsym
DEBUG:root:accepting varsym == varsym
DEBUG:root:getsym: ident i
DEBUG:root:expecting ident
DEBUG:root:accepting ident == ident
DEBUG:root:getsym: semicolon ;
DEBUG:root:accepting comma == semicolon
DEBUG:root:expecting semicolon
DEBUG:root:accepting semicolon == semicolon
DEBUG:root:getsym: beginsym begin
DEBUG:root:accepting procsym == beginsym
DEBUG:root:start <function statement at 0x739443cf9b20>
DEBUG:root:accepting ident == beginsym
DEBUG:root:accepting callsym == beginsym
DEBUG:root:accepting beginsym == beginsym
DEBUG:root:getsym: ident ret
DEBUG:root:StatList : new 127080629912112
DEBUG:root:start <function statement at 0x739443cf9b20>
DEBUG:root:accepting ident == ident
DEBUG:root:getsym: becomes :=
DEBUG:root:Looking up ret
DEBUG:root:Looking up in parent
DEBUG:root:Looking up ret
DEBUG:root:expecting becomes
DEBUG:root:accepting becomes == becomes
DEBUG:root:getsym: number 1
DEBUG:root:start <function expression at 0x739443cf98a0>
DEBUG:root:start <function term at 0x739443cf9760>
DEBUG:root:start <function factor at 0x739443cf9620>
DEBUG:root:accepting ident == number
DEBUG:root:accepting number == number
DEBUG:root:getsym: semicolon ;
DEBUG:root:end <function factor at 0x739443cf9620>
DEBUG:root:end <function term at 0x739443cf9760>
DEBUG:root:end <function expression at 0x739443cf98a0>
DEBUG:root:end <function statement at 0x739443cf9b20>
DEBUG:root:StatList: appending 127080645370624 of type <class 'ir2.AssignStat'> to 127080629912112
DEBUG:root:accepting semicolon == semicolon
DEBUG:root:getsym: ident i
DEBUG:root:start <function statement at 0x739443cf9b20>
DEBUG:root:accepting ident == ident
DEBUG:root:getsym: becomes :=
DEBUG:root:Looking up i
DEBUG:root:expecting becomes
DEBUG:root:accepting becomes == becomes
DEBUG:root:getsym: number 2
DEBUG:root:start <function expression at 0x739443cf98a0>
DEBUG:root:start <function term at 0x739443cf9760>
DEBUG:root:start <function factor at 0x739443cf9620>
DEBUG:root:accepting ident == number
DEBUG:root:accepting number == number
DEBUG:root:getsym: semicolon ;
DEBUG:root:end <function factor at 0x739443cf9620>
DEBUG:root:end <function term at 0x739443cf9760>
DEBUG:root:end <function expression at 0x739443cf98a0>
DEBUG:root:end <function statement at 0x739443cf9b20>
DEBUG:root:StatList: appending 127080629914416 of type <class 'ir2.AssignStat'> to 127080629912112
DEBUG:root:
*********************************************
	Starting debug with standard test program
*********************************************

DEBUG:root:start <function program at 0x7378afb9e200>
DEBUG:root:getsym: constsym const
DEBUG:root:start <function block at 0x7378afb9e0c0>
DEBUG:root:accepting constsym == constsym
DEBUG:root:getsym: ident max
DEBUG:root:expecting ident
DEBUG:root:accepting ident == ident
DEBUG:root:getsym: eql =
DEBUG:root:expecting eql
DEBUG:root:accepting eql == eql
DEBUG:root:getsym: number 100
DEBUG:root:expecting number
DEBUG:root:accepting number == number
DEBUG:root:getsym: semicolon ;
DEBUG:root:accepting comma == semicolon
DEBUG:root:expecting semicolon
DEBUG:root:accepting semicolon == semicolon
DEBUG:root:getsym: varsym var
DEBUG:root:accepting varsym == varsym
DEBUG:root:getsym: ident arg
DEBUG:root:expecting ident
DEBUG:root:accepting ident == ident
DEBUG:root:getsym: comma ,
DEBUG:root:accepting comma == comma
DEBUG:root:getsym: ident ret
DEBUG:root:expecting ident
DEBUG:root:accepting ident == ident
DEBUG:root:getsym: semicolon ;
DEBUG:root:accepting comma == semicolon
DEBUG:root:expecting semicolon
DEBUG:root:accepting semicolon == semicolon
DEBUG:root:getsym: procsym procedure
DEBUG:root:accepting procsym == procsym
DEBUG:root:getsym: ident isprime
DEBUG:root:expecting ident
DEBUG:root:accepting ident == ident
DEBUG:root:getsym: semicolon ;
DEBUG:root:expecting semicolon
DEBUG:root:accepting semicolon == semicolon
DEBUG:root:getsym: varsym var
DEBUG:root:start <function block at 0x7378afb9e0c0>
DEBUG:root:accepting constsym == varsym
DEBUG:root:accepting varsym == varsym
DEBUG:root:getsym: ident i
DEBUG:root:expecting ident
DEBUG:root:accepting ident == ident
DEBUG:root:getsym: semicolon ;
DEBUG:root:accepting comma == semicolon
DEBUG:root:expecting semicolon
DEBUG:root:accepting semicolon == semicolon
DEBUG:root:getsym: beginsym begin
DEBUG:root:accepting procsym == beginsym
DEBUG:root:start <function statement at 0x7378afb9df80>
DEBUG:root:accepting ident == beginsym
DEBUG:root:accepting callsym == beginsym
DEBUG:root:accepting beginsym == beginsym
DEBUG:root:getsym: ident ret
DEBUG:root:StatList : new 126962181492224
DEBUG:root:start <function statement at 0x7378afb9df80>
DEBUG:root:accepting ident == ident
DEBUG:root:getsym: becomes :=
DEBUG:root:Looking up ret
DEBUG:root:Looking up in parent
DEBUG:root:Looking up ret
DEBUG:root:expecting becomes
DEBUG:root:accepting becomes == becomes
DEBUG:root:getsym: number 1
DEBUG:root:start <function expression at 0x7378afb9dd00>
DEBUG:root:start <function term at 0x7378afb9dbc0>
DEBUG:root:start <function factor at 0x7378afb9da80>
DEBUG:root:accepting ident == number
DEBUG:root:accepting number == number
DEBUG:root:getsym: semicolon ;
DEBUG:root:end <function factor at 0x7378afb9da80>
DEBUG:root:end <function term at 0x7378afb9dbc0>
DEBUG:root:end <function expression at 0x7378afb9dd00>
DEBUG:root:end <function statement at 0x7378afb9df80>
DEBUG:root:StatList: appending 126962181492656 of type <class 'ir2.AssignStat'> to 126962181492224
DEBUG:root:accepting semicolon == semicolon
DEBUG:root:getsym: ident i
DEBUG:root:start <function statement at 0x7378afb9df80>
DEBUG:root:accepting ident == ident
DEBUG:root:getsym: becomes :=
DEBUG:root:Looking up i
DEBUG:root:expecting becomes
DEBUG:root:accepting becomes == becomes
DEBUG:root:getsym: number 2
DEBUG:root:start <function expression at 0x7378afb9dd00>
DEBUG:root:start <function term at 0x7378afb9dbc0>
DEBUG:root:start <function factor at 0x7378afb9da80>
DEBUG:root:accepting ident == number
DEBUG:root:accepting number == number
DEBUG:root:getsym: semicolon ;
DEBUG:root:end <function factor at 0x7378afb9da80>
DEBUG:root:end <function term at 0x7378afb9dbc0>
DEBUG:root:end <function expression at 0x7378afb9dd00>
DEBUG:root:end <function statement at 0x7378afb9df80>
DEBUG:root:StatList: appending 126962181492848 of type <class 'ir2.AssignStat'> to 126962181492224
DEBUG:root:accepting semicolon == semicolon
DEBUG:root:getsym: whilesym while
DEBUG:root:start <function statement at 0x7378afb9df80>
DEBUG:root:accepting ident == whilesym
DEBUG:root:accepting callsym == whilesym
DEBUG:root:accepting beginsym == whilesym
DEBUG:root:accepting ifsym == whilesym
DEBUG:root:accepting whilesym == whilesym
DEBUG:root:getsym: ident i
DEBUG:root:start <function condition at 0x7378afb9de40>
DEBUG:root:accepting oddsym == ident
DEBUG:root:start <function expression at 0x7378afb9dd00>
DEBUG:root:start <function term at 0x7378afb9dbc0>
DEBUG:root:start <function factor at 0x7378afb9da80>
DEBUG:root:accepting ident == ident
DEBUG:root:getsym: lss <
DEBUG:root:Looking up i
DEBUG:root:end <function factor at 0x7378afb9da80>
DEBUG:root:end <function term at 0x7378afb9dbc0>
DEBUG:root:end <function expression at 0x7378afb9dd00>
DEBUG:root:getsym: ident arg
DEBUG:root:condition operator lss ident
DEBUG:root:start <function expression at 0x7378afb9dd00>
DEBUG:root:start <function term at 0x7378afb9dbc0>
DEBUG:root:start <function factor at 0x7378afb9da80>
DEBUG:root:accepting ident == ident
DEBUG:root:getsym: dosym do
DEBUG:root:Looking up arg
DEBUG:root:Looking up in parent
DEBUG:root:Looking up arg
DEBUG:root:end <function factor at 0x7378afb9da80>
DEBUG:root:end <function term at 0x7378afb9dbc0>
DEBUG:root:end <function expression at 0x7378afb9dd00>
DEBUG:root:end <function condition at 0x7378afb9de40>
DEBUG:root:expecting dosym
DEBUG:root:accepting dosym == dosym
DEBUG:root:getsym: beginsym begin
DEBUG:root:start <function statement at 0x7378afb9df80>
DEBUG:root:accepting ident == beginsym
DEBUG:root:accepting callsym == beginsym
DEBUG:root:accepting beginsym == beginsym
DEBUG:root:getsym: ifsym if
DEBUG:root:StatList : new 126962181492944
DEBUG:root:start <function statement at 0x7378afb9df80>
DEBUG:root:accepting ident == ifsym
DEBUG:root:accepting callsym == ifsym
DEBUG:root:accepting beginsym == ifsym
DEBUG:root:accepting ifsym == ifsym
DEBUG:root:getsym: ident arg
DEBUG:root:start <function condition at 0x7378afb9de40>
DEBUG:root:accepting oddsym == ident
DEBUG:root:start <function expression at 0x7378afb9dd00>
DEBUG:root:start <function term at 0x7378afb9dbc0>
DEBUG:root:start <function factor at 0x7378afb9da80>
DEBUG:root:accepting ident == ident
DEBUG:root:getsym: slash /
DEBUG:root:Looking up arg
DEBUG:root:Looking up in parent
DEBUG:root:Looking up arg
DEBUG:root:end <function factor at 0x7378afb9da80>
DEBUG:root:getsym: ident i
DEBUG:root:start <function factor at 0x7378afb9da80>
DEBUG:root:accepting ident == ident
DEBUG:root:getsym: times *
DEBUG:root:Looking up i
DEBUG:root:end <function factor at 0x7378afb9da80>
DEBUG:root:getsym: ident i
DEBUG:root:start <function factor at 0x7378afb9da80>
DEBUG:root:accepting ident == ident
DEBUG:root:getsym: eql =
DEBUG:root:Looking up i
DEBUG:root:end <function factor at 0x7378afb9da80>
DEBUG:root:end <function term at 0x7378afb9dbc0>
DEBUG:root:end <function expression at 0x7378afb9dd00>
DEBUG:root:getsym: ident arg
DEBUG:root:condition operator eql ident
DEBUG:root:start <function expression at 0x7378afb9dd00>
DEBUG:root:start <function term at 0x7378afb9dbc0>
DEBUG:root:start <function factor at 0x7378afb9da80>
DEBUG:root:accepting ident == ident
DEBUG:root:getsym: thensym then
DEBUG:root:Looking up arg
DEBUG:root:Looking up in parent
DEBUG:root:Looking up arg
DEBUG:root:end <function factor at 0x7378afb9da80>
DEBUG:root:end <function term at 0x7378afb9dbc0>
DEBUG:root:end <function expression at 0x7378afb9dd00>
DEBUG:root:end <function condition at 0x7378afb9de40>
DEBUG:root:expecting thensym
DEBUG:root:accepting thensym == thensym
DEBUG:root:getsym: beginsym begin
DEBUG:root:start <function statement at 0x7378afb9df80>
DEBUG:root:accepting ident == beginsym
DEBUG:root:accepting callsym == beginsym
DEBUG:root:accepting beginsym == beginsym
DEBUG:root:getsym: ident ret
DEBUG:root:StatList : new 126962181493520
DEBUG:root:start <function statement at 0x7378afb9df80>
DEBUG:root:accepting ident == ident
DEBUG:root:getsym: becomes :=
DEBUG:root:Looking up ret
DEBUG:root:Looking up in parent
DEBUG:root:Looking up ret
DEBUG:root:expecting becomes
DEBUG:root:accepting becomes == becomes
DEBUG:root:getsym: number 0
DEBUG:root:start <function expression at 0x7378afb9dd00>
DEBUG:root:start <function term at 0x7378afb9dbc0>
DEBUG:root:start <function factor at 0x7378afb9da80>
DEBUG:root:accepting ident == number
DEBUG:root:accepting number == number
DEBUG:root:getsym: semicolon ;
DEBUG:root:end <function factor at 0x7378afb9da80>
DEBUG:root:end <function term at 0x7378afb9dbc0>
DEBUG:root:end <function expression at 0x7378afb9dd00>
DEBUG:root:end <function statement at 0x7378afb9df80>
DEBUG:root:StatList: appending 126962181493808 of type <class 'ir2.AssignStat'> to 126962181493520
DEBUG:root:accepting semicolon == semicolon
DEBUG:root:getsym: ident i
DEBUG:root:start <function statement at 0x7378afb9df80>
DEBUG:root:accepting ident == ident
DEBUG:root:getsym: becomes :=
DEBUG:root:Looking up i
DEBUG:root:expecting becomes
DEBUG:root:accepting becomes == becomes
DEBUG:root:getsym: ident arg
DEBUG:root:start <function expression at 0x7378afb9dd00>
DEBUG:root:start <function term at 0x7378afb9dbc0>
DEBUG:root:start <function factor at 0x7378afb9da80>
DEBUG:root:accepting ident == ident
DEBUG:root:getsym: semicolon ;
DEBUG:root:Looking up arg
DEBUG:root:Looking up in parent
DEBUG:root:Looking up arg
DEBUG:root:end <function factor at 0x7378afb9da80>
DEBUG:root:end <function term at 0x7378afb9dbc0>
DEBUG:root:end <function expression at 0x7378afb9dd00>
DEBUG:root:end <function statement at 0x7378afb9df80>
DEBUG:root:StatList: appending 126962181493952 of type <class 'ir2.AssignStat'> to 126962181493520
DEBUG:root:accepting semicolon == semicolon
DEBUG:root:getsym: endsym end
DEBUG:root:start <function statement at 0x7378afb9df80>
DEBUG:root:accepting ident == endsym
DEBUG:root:accepting callsym == endsym
DEBUG:root:accepting beginsym == endsym
DEBUG:root:accepting ifsym == endsym
DEBUG:root:accepting whilesym == endsym
DEBUG:root:accepting print == endsym
DEBUG:root:end <function statement at 0x7378afb9df80>
DEBUG:root:
*********************************************
	Starting debug with standard test program
*********************************************

DEBUG:root:start <function program at 0x7c23f3b01c60>
DEBUG:root:getsym: constsym const
DEBUG:root:start <function block at 0x7c23f3b01b20>
DEBUG:root:accepting constsym == constsym
DEBUG:root:getsym: ident max
DEBUG:root:expecting ident
DEBUG:root:accepting ident == ident
DEBUG:root:getsym: eql =
DEBUG:root:expecting eql
DEBUG:root:accepting eql == eql
DEBUG:root:getsym: number 100
DEBUG:root:expecting number
DEBUG:root:accepting number == number
DEBUG:root:getsym: semicolon ;
DEBUG:root:accepting comma == semicolon
DEBUG:root:expecting semicolon
DEBUG:root:accepting semicolon == semicolon
DEBUG:root:getsym: varsym var
DEBUG:root:accepting varsym == varsym
DEBUG:root:getsym: ident arg
DEBUG:root:expecting ident
DEBUG:root:accepting ident == ident
DEBUG:root:getsym: comma ,
DEBUG:root:accepting comma == comma
DEBUG:root:getsym: ident ret
DEBUG:root:expecting ident
DEBUG:root:accepting ident == ident
DEBUG:root:getsym: semicolon ;
DEBUG:root:accepting comma == semicolon
DEBUG:root:expecting semicolon
DEBUG:root:accepting semicolon == semicolon
DEBUG:root:getsym: procsym procedure
DEBUG:root:accepting procsym == procsym
DEBUG:root:getsym: ident isprime
DEBUG:root:expecting ident
DEBUG:root:accepting ident == ident
DEBUG:root:getsym: semicolon ;
DEBUG:root:expecting semicolon
DEBUG:root:accepting semicolon == semicolon
DEBUG:root:getsym: varsym var
DEBUG:root:start <function block at 0x7c23f3b01b20>
DEBUG:root:accepting constsym == varsym
DEBUG:root:accepting varsym == varsym
DEBUG:root:getsym: ident i
DEBUG:root:expecting ident
DEBUG:root:accepting ident == ident
DEBUG:root:getsym: semicolon ;
DEBUG:root:accepting comma == semicolon
DEBUG:root:expecting semicolon
DEBUG:root:accepting semicolon == semicolon
DEBUG:root:getsym: beginsym begin
DEBUG:root:accepting procsym == beginsym
DEBUG:root:start <function statement at 0x7c23f3b019e0>
DEBUG:root:accepting ident == beginsym
DEBUG:root:accepting callsym == beginsym
DEBUG:root:accepting beginsym == beginsym
DEBUG:root:getsym: ident ret
DEBUG:root:StatList : new 136493853984144
DEBUG:root:start <function statement at 0x7c23f3b019e0>
DEBUG:root:accepting ident == ident
DEBUG:root:getsym: becomes :=
DEBUG:root:Looking up ret
DEBUG:root:Looking up in parent
DEBUG:root:Looking up ret
DEBUG:root:expecting becomes
DEBUG:root:accepting becomes == becomes
DEBUG:root:getsym: number 1
DEBUG:root:start <function expression at 0x7c23f3b01760>
DEBUG:root:start <function term at 0x7c23f3b01620>
DEBUG:root:start <function factor at 0x7c23f3b014e0>
DEBUG:root:accepting ident == number
DEBUG:root:accepting number == number
DEBUG:root:getsym: semicolon ;
DEBUG:root:end <function factor at 0x7c23f3b014e0>
DEBUG:root:end <function term at 0x7c23f3b01620>
DEBUG:root:end <function expression at 0x7c23f3b01760>
DEBUG:root:end <function statement at 0x7c23f3b019e0>
DEBUG:root:StatList: appending 136493856678224 of type <class 'ir2.AssignStat'> to 136493853984144
DEBUG:root:accepting semicolon == semicolon
DEBUG:root:getsym: ident i
DEBUG:root:start <function statement at 0x7c23f3b019e0>
DEBUG:root:accepting ident == ident
DEBUG:root:getsym: becomes :=
DEBUG:root:Looking up i
DEBUG:root:expecting becomes
DEBUG:root:accepting becomes == becomes
DEBUG:root:getsym: number 2
DEBUG:root:start <function expression at 0x7c23f3b01760>
DEBUG:root:start <function term at 0x7c23f3b01620>
DEBUG:root:start <function factor at 0x7c23f3b014e0>
DEBUG:root:accepting ident == number
DEBUG:root:accepting number == number
DEBUG:root:getsym: semicolon ;
DEBUG:root:end <function factor at 0x7c23f3b014e0>
DEBUG:root:end <function term at 0x7c23f3b01620>
DEBUG:root:end <function expression at 0x7c23f3b01760>
DEBUG:root:end <function statement at 0x7c23f3b019e0>
DEBUG:root:StatList: appending 136493853984576 of type <class 'ir2.AssignStat'> to 136493853984144
DEBUG:root:accepting semicolon == semicolon
DEBUG:root:getsym: whilesym while
DEBUG:root:start <function statement at 0x7c23f3b019e0>
DEBUG:root:accepting ident == whilesym
DEBUG:root:accepting callsym == whilesym
DEBUG:root:accepting beginsym == whilesym
DEBUG:root:accepting ifsym == whilesym
DEBUG:root:accepting whilesym == whilesym
DEBUG:root:getsym: ident i
DEBUG:root:start <function condition at 0x7c23f3b018a0>
DEBUG:root:accepting oddsym == ident
DEBUG:root:start <function expression at 0x7c23f3b01760>
DEBUG:root:start <function term at 0x7c23f3b01620>
DEBUG:root:start <function factor at 0x7c23f3b014e0>
DEBUG:root:accepting ident == ident
DEBUG:root:getsym: lss <
DEBUG:root:Looking up i
DEBUG:root:end <function factor at 0x7c23f3b014e0>
DEBUG:root:end <function term at 0x7c23f3b01620>
DEBUG:root:end <function expression at 0x7c23f3b01760>
DEBUG:root:getsym: ident arg
DEBUG:root:condition operator lss ident
DEBUG:root:start <function expression at 0x7c23f3b01760>
DEBUG:root:start <function term at 0x7c23f3b01620>
DEBUG:root:start <function factor at 0x7c23f3b014e0>
DEBUG:root:accepting ident == ident
DEBUG:root:getsym: dosym do
DEBUG:root:Looking up arg
DEBUG:root:Looking up in parent
DEBUG:root:Looking up arg
DEBUG:root:end <function factor at 0x7c23f3b014e0>
DEBUG:root:end <function term at 0x7c23f3b01620>
DEBUG:root:end <function expression at 0x7c23f3b01760>
DEBUG:root:end <function condition at 0x7c23f3b018a0>
DEBUG:root:expecting dosym
DEBUG:root:accepting dosym == dosym
DEBUG:root:getsym: beginsym begin
DEBUG:root:start <function statement at 0x7c23f3b019e0>
DEBUG:root:accepting ident == beginsym
DEBUG:root:accepting callsym == beginsym
DEBUG:root:accepting beginsym == beginsym
DEBUG:root:getsym: ifsym if
DEBUG:root:StatList : new 136493853984720
DEBUG:root:start <function statement at 0x7c23f3b019e0>
DEBUG:root:accepting ident == ifsym
DEBUG:root:accepting callsym == ifsym
DEBUG:root:accepting beginsym == ifsym
DEBUG:root:accepting ifsym == ifsym
DEBUG:root:getsym: ident arg
DEBUG:root:start <function condition at 0x7c23f3b018a0>
DEBUG:root:accepting oddsym == ident
DEBUG:root:start <function expression at 0x7c23f3b01760>
DEBUG:root:start <function term at 0x7c23f3b01620>
DEBUG:root:start <function factor at 0x7c23f3b014e0>
DEBUG:root:accepting ident == ident
DEBUG:root:getsym: slash /
DEBUG:root:Looking up arg
DEBUG:root:Looking up in parent
DEBUG:root:Looking up arg
DEBUG:root:end <function factor at 0x7c23f3b014e0>
DEBUG:root:getsym: ident i
DEBUG:root:start <function factor at 0x7c23f3b014e0>
DEBUG:root:accepting ident == ident
DEBUG:root:getsym: times *
DEBUG:root:Looking up i
DEBUG:root:end <function factor at 0x7c23f3b014e0>
DEBUG:root:getsym: ident i
DEBUG:root:start <function factor at 0x7c23f3b014e0>
DEBUG:root:accepting ident == ident
DEBUG:root:getsym: eql =
DEBUG:root:Looking up i
DEBUG:root:end <function factor at 0x7c23f3b014e0>
DEBUG:root:end <function term at 0x7c23f3b01620>
DEBUG:root:end <function expression at 0x7c23f3b01760>
DEBUG:root:getsym: ident arg
DEBUG:root:condition operator eql ident
DEBUG:root:start <function expression at 0x7c23f3b01760>
DEBUG:root:start <function term at 0x7c23f3b01620>
DEBUG:root:start <function factor at 0x7c23f3b014e0>
DEBUG:root:accepting ident == ident
DEBUG:root:getsym: thensym then
DEBUG:root:Looking up arg
DEBUG:root:Looking up in parent
DEBUG:root:Looking up arg
DEBUG:root:end <function factor at 0x7c23f3b014e0>
DEBUG:root:end <function term at 0x7c23f3b01620>
DEBUG:root:end <function expression at 0x7c23f3b01760>
DEBUG:root:end <function condition at 0x7c23f3b018a0>
DEBUG:root:expecting thensym
DEBUG:root:accepting thensym == thensym
DEBUG:root:getsym: beginsym begin
DEBUG:root:start <function statement at 0x7c23f3b019e0>
DEBUG:root:accepting ident == beginsym
DEBUG:root:accepting callsym == beginsym
DEBUG:root:accepting beginsym == beginsym
DEBUG:root:getsym: ident ret
DEBUG:root:StatList : new 136493853985248
DEBUG:root:start <function statement at 0x7c23f3b019e0>
DEBUG:root:accepting ident == ident
DEBUG:root:getsym: becomes :=
DEBUG:root:Looking up ret
DEBUG:root:Looking up in parent
DEBUG:root:Looking up ret
DEBUG:root:expecting becomes
DEBUG:root:accepting becomes == becomes
DEBUG:root:getsym: number 0
DEBUG:root:start <function expression at 0x7c23f3b01760>
DEBUG:root:start <function term at 0x7c23f3b01620>
DEBUG:root:start <function factor at 0x7c23f3b014e0>
DEBUG:root:accepting ident == number
DEBUG:root:accepting number == number
DEBUG:root:getsym: semicolon ;
DEBUG:root:end <function factor at 0x7c23f3b014e0>
DEBUG:root:end <function term at 0x7c23f3b01620>
DEBUG:root:end <function expression at 0x7c23f3b01760>
DEBUG:root:end <function statement at 0x7c23f3b019e0>
DEBUG:root:StatList: appending 136493853985392 of type <class 'ir2.AssignStat'> to 136493853985248
DEBUG:root:accepting semicolon == semicolon
DEBUG:root:getsym: ident i
DEBUG:root:start <function statement at 0x7c23f3b019e0>
DEBUG:root:accepting ident == ident
DEBUG:root:getsym: becomes :=
DEBUG:root:Looking up i
DEBUG:root:expecting becomes
DEBUG:root:accepting becomes == becomes
DEBUG:root:getsym: ident arg
DEBUG:root:start <function expression at 0x7c23f3b01760>
DEBUG:root:start <function term at 0x7c23f3b01620>
DEBUG:root:start <function factor at 0x7c23f3b014e0>
DEBUG:root:accepting ident == ident
DEBUG:root:getsym: semicolon ;
DEBUG:root:Looking up arg
DEBUG:root:Looking up in parent
DEBUG:root:Looking up arg
DEBUG:root:end <function factor at 0x7c23f3b014e0>
DEBUG:root:end <function term at 0x7c23f3b01620>
DEBUG:root:end <function expression at 0x7c23f3b01760>
DEBUG:root:end <function statement at 0x7c23f3b019e0>
DEBUG:root:StatList: appending 136493853985488 of type <class 'ir2.AssignStat'> to 136493853985248
DEBUG:root:accepting semicolon == semicolon
DEBUG:root:getsym: endsym end
DEBUG:root:start <function statement at 0x7c23f3b019e0>
DEBUG:root:accepting ident == endsym
DEBUG:root:accepting callsym == endsym
DEBUG:root:accepting beginsym == endsym
DEBUG:root:accepting ifsym == endsym
DEBUG:root:accepting whilesym == endsym
DEBUG:root:accepting print == endsym
DEBUG:root:end <function statement at 0x7c23f3b019e0>
DEBUG:root:
*********************************************
	Starting debug with standard test program
*********************************************

DEBUG:root:start <function program at 0x7a3cc5d51c60>
DEBUG:root:getsym: constsym const
DEBUG:root:start <function block at 0x7a3cc5d51b20>
DEBUG:root:accepting constsym == constsym
DEBUG:root:getsym: ident max
DEBUG:root:expecting ident
DEBUG:root:accepting ident == ident
DEBUG:root:getsym: eql =
DEBUG:root:expecting eql
DEBUG:root:accepting eql == eql
DEBUG:root:getsym: number 100
DEBUG:root:expecting number
DEBUG:root:accepting number == number
DEBUG:root:getsym: semicolon ;
DEBUG:root:accepting comma == semicolon
DEBUG:root:expecting semicolon
DEBUG:root:accepting semicolon == semicolon
DEBUG:root:getsym: varsym var
DEBUG:root:accepting varsym == varsym
DEBUG:root:getsym: ident arg
DEBUG:root:expecting ident
DEBUG:root:accepting ident == ident
DEBUG:root:getsym: comma ,
DEBUG:root:accepting comma == comma
DEBUG:root:getsym: ident ret
DEBUG:root:expecting ident
DEBUG:root:accepting ident == ident
DEBUG:root:getsym: semicolon ;
DEBUG:root:accepting comma == semicolon
DEBUG:root:expecting semicolon
DEBUG:root:accepting semicolon == semicolon
DEBUG:root:getsym: procsym procedure
DEBUG:root:accepting procsym == procsym
DEBUG:root:getsym: ident isprime
DEBUG:root:expecting ident
DEBUG:root:accepting ident == ident
DEBUG:root:getsym: semicolon ;
DEBUG:root:expecting semicolon
DEBUG:root:accepting semicolon == semicolon
DEBUG:root:getsym: varsym var
DEBUG:root:start <function block at 0x7a3cc5d51b20>
DEBUG:root:accepting constsym == varsym
DEBUG:root:accepting varsym == varsym
DEBUG:root:getsym: ident i
DEBUG:root:expecting ident
DEBUG:root:accepting ident == ident
DEBUG:root:getsym: semicolon ;
DEBUG:root:accepting comma == semicolon
DEBUG:root:expecting semicolon
DEBUG:root:accepting semicolon == semicolon
DEBUG:root:getsym: beginsym begin
DEBUG:root:accepting procsym == beginsym
DEBUG:root:start <function statement at 0x7a3cc5d519e0>
DEBUG:root:accepting ident == beginsym
DEBUG:root:accepting callsym == beginsym
DEBUG:root:accepting beginsym == beginsym
DEBUG:root:getsym: ident ret
DEBUG:root:StatList : new 134401437402512
DEBUG:root:start <function statement at 0x7a3cc5d519e0>
DEBUG:root:accepting ident == ident
DEBUG:root:getsym: becomes :=
DEBUG:root:Looking up ret
DEBUG:root:Looking up in parent
DEBUG:root:Looking up ret
DEBUG:root:expecting becomes
DEBUG:root:accepting becomes == becomes
DEBUG:root:getsym: number 1
DEBUG:root:start <function expression at 0x7a3cc5d51760>
DEBUG:root:start <function term at 0x7a3cc5d51620>
DEBUG:root:start <function factor at 0x7a3cc5d514e0>
DEBUG:root:accepting ident == number
DEBUG:root:accepting number == number
DEBUG:root:getsym: semicolon ;
DEBUG:root:end <function factor at 0x7a3cc5d514e0>
DEBUG:root:end <function term at 0x7a3cc5d51620>
DEBUG:root:end <function expression at 0x7a3cc5d51760>
DEBUG:root:end <function statement at 0x7a3cc5d519e0>
DEBUG:root:StatList: appending 134401435648224 of type <class 'ir2.AssignStat'> to 134401437402512
DEBUG:root:accepting semicolon == semicolon
DEBUG:root:getsym: ident i
DEBUG:root:start <function statement at 0x7a3cc5d519e0>
DEBUG:root:accepting ident == ident
DEBUG:root:getsym: becomes :=
DEBUG:root:Looking up i
DEBUG:root:expecting becomes
DEBUG:root:accepting becomes == becomes
DEBUG:root:getsym: number 2
DEBUG:root:start <function expression at 0x7a3cc5d51760>
DEBUG:root:start <function term at 0x7a3cc5d51620>
DEBUG:root:start <function factor at 0x7a3cc5d514e0>
DEBUG:root:accepting ident == number
DEBUG:root:accepting number == number
DEBUG:root:getsym: semicolon ;
DEBUG:root:end <function factor at 0x7a3cc5d514e0>
DEBUG:root:end <function term at 0x7a3cc5d51620>
DEBUG:root:end <function expression at 0x7a3cc5d51760>
DEBUG:root:end <function statement at 0x7a3cc5d519e0>
DEBUG:root:StatList: appending 134401435648512 of type <class 'ir2.AssignStat'> to 134401437402512
DEBUG:root:accepting semicolon == semicolon
DEBUG:root:getsym: whilesym while
DEBUG:root:start <function statement at 0x7a3cc5d519e0>
DEBUG:root:accepting ident == whilesym
DEBUG:root:accepting callsym == whilesym
DEBUG:root:accepting beginsym == whilesym
DEBUG:root:accepting ifsym == whilesym
DEBUG:root:accepting whilesym == whilesym
DEBUG:root:getsym: ident i
DEBUG:root:start <function condition at 0x7a3cc5d518a0>
DEBUG:root:accepting oddsym == ident
DEBUG:root:start <function expression at 0x7a3cc5d51760>
DEBUG:root:start <function term at 0x7a3cc5d51620>
DEBUG:root:start <function factor at 0x7a3cc5d514e0>
DEBUG:root:accepting ident == ident
DEBUG:root:getsym: lss <
DEBUG:root:Looking up i
DEBUG:root:end <function factor at 0x7a3cc5d514e0>
DEBUG:root:end <function term at 0x7a3cc5d51620>
DEBUG:root:end <function expression at 0x7a3cc5d51760>
DEBUG:root:getsym: ident arg
DEBUG:root:condition operator lss ident
DEBUG:root:start <function expression at 0x7a3cc5d51760>
DEBUG:root:start <function term at 0x7a3cc5d51620>
DEBUG:root:start <function factor at 0x7a3cc5d514e0>
DEBUG:root:accepting ident == ident
DEBUG:root:getsym: dosym do
DEBUG:root:Looking up arg
DEBUG:root:Looking up in parent
DEBUG:root:Looking up arg
DEBUG:root:end <function factor at 0x7a3cc5d514e0>
DEBUG:root:end <function term at 0x7a3cc5d51620>
DEBUG:root:end <function expression at 0x7a3cc5d51760>
DEBUG:root:end <function condition at 0x7a3cc5d518a0>
DEBUG:root:expecting dosym
DEBUG:root:accepting dosym == dosym
DEBUG:root:getsym: beginsym begin
DEBUG:root:start <function statement at 0x7a3cc5d519e0>
DEBUG:root:accepting ident == beginsym
DEBUG:root:accepting callsym == beginsym
DEBUG:root:accepting beginsym == beginsym
DEBUG:root:getsym: ifsym if
DEBUG:root:StatList : new 134401435648656
DEBUG:root:start <function statement at 0x7a3cc5d519e0>
DEBUG:root:accepting ident == ifsym
DEBUG:root:accepting callsym == ifsym
DEBUG:root:accepting beginsym == ifsym
DEBUG:root:accepting ifsym == ifsym
DEBUG:root:getsym: ident arg
DEBUG:root:start <function condition at 0x7a3cc5d518a0>
DEBUG:root:accepting oddsym == ident
DEBUG:root:start <function expression at 0x7a3cc5d51760>
DEBUG:root:start <function term at 0x7a3cc5d51620>
DEBUG:root:start <function factor at 0x7a3cc5d514e0>
DEBUG:root:accepting ident == ident
DEBUG:root:getsym: slash /
DEBUG:root:Looking up arg
DEBUG:root:Looking up in parent
DEBUG:root:Looking up arg
DEBUG:root:end <function factor at 0x7a3cc5d514e0>
DEBUG:root:getsym: ident i
DEBUG:root:start <function factor at 0x7a3cc5d514e0>
DEBUG:root:accepting ident == ident
DEBUG:root:getsym: times *
DEBUG:root:Looking up i
DEBUG:root:end <function factor at 0x7a3cc5d514e0>
DEBUG:root:getsym: ident i
DEBUG:root:start <function factor at 0x7a3cc5d514e0>
DEBUG:root:accepting ident == ident
DEBUG:root:getsym: eql =
DEBUG:root:Looking up i
DEBUG:root:end <function factor at 0x7a3cc5d514e0>
DEBUG:root:end <function term at 0x7a3cc5d51620>
DEBUG:root:end <function expression at 0x7a3cc5d51760>
DEBUG:root:getsym: ident arg
DEBUG:root:condition operator eql ident
DEBUG:root:start <function expression at 0x7a3cc5d51760>
DEBUG:root:start <function term at 0x7a3cc5d51620>
DEBUG:root:start <function factor at 0x7a3cc5d514e0>
DEBUG:root:accepting ident == ident
DEBUG:root:getsym: thensym then
DEBUG:root:Looking up arg
DEBUG:root:Looking up in parent
DEBUG:root:Looking up arg
DEBUG:root:end <function factor at 0x7a3cc5d514e0>
DEBUG:root:end <function term at 0x7a3cc5d51620>
DEBUG:root:end <function expression at 0x7a3cc5d51760>
DEBUG:root:end <function condition at 0x7a3cc5d518a0>
DEBUG:root:expecting thensym
DEBUG:root:accepting thensym == thensym
DEBUG:root:getsym: beginsym begin
DEBUG:root:start <function statement at 0x7a3cc5d519e0>
DEBUG:root:accepting ident == beginsym
DEBUG:root:accepting callsym == beginsym
DEBUG:root:accepting beginsym == beginsym
DEBUG:root:getsym: ident ret
DEBUG:root:StatList : new 134401435649184
DEBUG:root:start <function statement at 0x7a3cc5d519e0>
DEBUG:root:accepting ident == ident
DEBUG:root:getsym: becomes :=
DEBUG:root:Looking up ret
DEBUG:root:Looking up in parent
DEBUG:root:Looking up ret
DEBUG:root:expecting becomes
DEBUG:root:accepting becomes == becomes
DEBUG:root:getsym: number 0
DEBUG:root:start <function expression at 0x7a3cc5d51760>
DEBUG:root:start <function term at 0x7a3cc5d51620>
DEBUG:root:start <function factor at 0x7a3cc5d514e0>
DEBUG:root:accepting ident == number
DEBUG:root:accepting number == number
DEBUG:root:getsym: semicolon ;
DEBUG:root:end <function factor at 0x7a3cc5d514e0>
DEBUG:root:end <function term at 0x7a3cc5d51620>
DEBUG:root:end <function expression at 0x7a3cc5d51760>
DEBUG:root:end <function statement at 0x7a3cc5d519e0>
DEBUG:root:StatList: appending 134401435649328 of type <class 'ir2.AssignStat'> to 134401435649184
DEBUG:root:accepting semicolon == semicolon
DEBUG:root:getsym: ident i
DEBUG:root:start <function statement at 0x7a3cc5d519e0>
DEBUG:root:accepting ident == ident
DEBUG:root:getsym: becomes :=
DEBUG:root:Looking up i
DEBUG:root:expecting becomes
DEBUG:root:accepting becomes == becomes
DEBUG:root:getsym: ident arg
DEBUG:root:start <function expression at 0x7a3cc5d51760>
DEBUG:root:start <function term at 0x7a3cc5d51620>
DEBUG:root:start <function factor at 0x7a3cc5d514e0>
DEBUG:root:accepting ident == ident
DEBUG:root:getsym: semicolon ;
DEBUG:root:Looking up arg
DEBUG:root:Looking up in parent
DEBUG:root:Looking up arg
DEBUG:root:end <function factor at 0x7a3cc5d514e0>
DEBUG:root:end <function term at 0x7a3cc5d51620>
DEBUG:root:end <function expression at 0x7a3cc5d51760>
DEBUG:root:end <function statement at 0x7a3cc5d519e0>
DEBUG:root:StatList: appending 134401435649424 of type <class 'ir2.AssignStat'> to 134401435649184
DEBUG:root:accepting semicolon == semicolon
DEBUG:root:getsym: endsym end
DEBUG:root:start <function statement at 0x7a3cc5d519e0>
DEBUG:root:accepting ident == endsym
DEBUG:root:accepting callsym == endsym
DEBUG:root:accepting beginsym == endsym
DEBUG:root:accepting ifsym == endsym
DEBUG:root:accepting whilesym == endsym
DEBUG:root:accepting print == endsym
DEBUG:root:end <function statement at 0x7a3cc5d519e0>
DEBUG:root:
*********************************************
	Starting debug with standard test program
*********************************************

DEBUG:root:start <function program at 0x73bc3d4a2200>
DEBUG:root:getsym: constsym const
DEBUG:root:start <function block at 0x73bc3d4a20c0>
DEBUG:root:accepting constsym == constsym
DEBUG:root:getsym: ident max
DEBUG:root:expecting ident
DEBUG:root:accepting ident == ident
DEBUG:root:getsym: eql =
DEBUG:root:expecting eql
DEBUG:root:accepting eql == eql
DEBUG:root:getsym: number 100
DEBUG:root:expecting number
DEBUG:root:accepting number == number
DEBUG:root:getsym: semicolon ;
DEBUG:root:accepting comma == semicolon
DEBUG:root:expecting semicolon
DEBUG:root:accepting semicolon == semicolon
DEBUG:root:getsym: varsym var
DEBUG:root:accepting varsym == varsym
DEBUG:root:getsym: ident arg
DEBUG:root:expecting ident
DEBUG:root:accepting ident == ident
DEBUG:root:getsym: comma ,
DEBUG:root:accepting comma == comma
DEBUG:root:getsym: ident ret
DEBUG:root:expecting ident
DEBUG:root:accepting ident == ident
DEBUG:root:getsym: semicolon ;
DEBUG:root:accepting comma == semicolon
DEBUG:root:expecting semicolon
DEBUG:root:accepting semicolon == semicolon
DEBUG:root:getsym: procsym procedure
DEBUG:root:accepting procsym == procsym
DEBUG:root:getsym: ident isprime
DEBUG:root:expecting ident
DEBUG:root:accepting ident == ident
DEBUG:root:getsym: semicolon ;
DEBUG:root:expecting semicolon
DEBUG:root:accepting semicolon == semicolon
DEBUG:root:getsym: varsym var
DEBUG:root:start <function block at 0x73bc3d4a20c0>
DEBUG:root:accepting constsym == varsym
DEBUG:root:accepting varsym == varsym
DEBUG:root:getsym: ident i
DEBUG:root:expecting ident
DEBUG:root:accepting ident == ident
DEBUG:root:getsym: semicolon ;
DEBUG:root:accepting comma == semicolon
DEBUG:root:expecting semicolon
DEBUG:root:accepting semicolon == semicolon
DEBUG:root:getsym: beginsym begin
DEBUG:root:accepting procsym == beginsym
DEBUG:root:start <function statement at 0x73bc3d4a1f80>
DEBUG:root:accepting ident == beginsym
DEBUG:root:accepting callsym == beginsym
DEBUG:root:accepting beginsym == beginsym
DEBUG:root:getsym: ident ret
DEBUG:root:StatList : new 127252319342512
DEBUG:root:start <function statement at 0x73bc3d4a1f80>
DEBUG:root:accepting ident == ident
DEBUG:root:getsym: becomes :=
DEBUG:root:Looking up ret
DEBUG:root:Looking up in parent
DEBUG:root:Looking up ret
DEBUG:root:expecting becomes
DEBUG:root:accepting becomes == becomes
DEBUG:root:getsym: number 1
DEBUG:root:start <function expression at 0x73bc3d4a1d00>
DEBUG:root:start <function term at 0x73bc3d4a1bc0>
DEBUG:root:start <function factor at 0x73bc3d4a1a80>
DEBUG:root:accepting ident == number
DEBUG:root:accepting number == number
DEBUG:root:getsym: semicolon ;
DEBUG:root:end <function factor at 0x73bc3d4a1a80>
DEBUG:root:end <function term at 0x73bc3d4a1bc0>
DEBUG:root:end <function expression at 0x73bc3d4a1d00>
DEBUG:root:end <function statement at 0x73bc3d4a1f80>
DEBUG:root:StatList: appending 127252319342944 of type <class 'ir2.AssignStat'> to 127252319342512
DEBUG:root:accepting semicolon == semicolon
DEBUG:root:getsym: ident i
DEBUG:root:start <function statement at 0x73bc3d4a1f80>
DEBUG:root:accepting ident == ident
DEBUG:root:getsym: becomes :=
DEBUG:root:Looking up i
DEBUG:root:expecting becomes
DEBUG:root:accepting becomes == becomes
DEBUG:root:getsym: number 2
DEBUG:root:start <function expression at 0x73bc3d4a1d00>
DEBUG:root:start <function term at 0x73bc3d4a1bc0>
DEBUG:root:start <function factor at 0x73bc3d4a1a80>
DEBUG:root:accepting ident == number
DEBUG:root:accepting number == number
DEBUG:root:getsym: semicolon ;
DEBUG:root:end <function factor at 0x73bc3d4a1a80>
DEBUG:root:end <function term at 0x73bc3d4a1bc0>
DEBUG:root:end <function expression at 0x73bc3d4a1d00>
DEBUG:root:end <function statement at 0x73bc3d4a1f80>
DEBUG:root:StatList: appending 127252319343136 of type <class 'ir2.AssignStat'> to 127252319342512
DEBUG:root:accepting semicolon == semicolon
DEBUG:root:getsym: whilesym while
DEBUG:root:start <function statement at 0x73bc3d4a1f80>
DEBUG:root:accepting ident == whilesym
DEBUG:root:accepting callsym == whilesym
DEBUG:root:accepting beginsym == whilesym
DEBUG:root:accepting ifsym == whilesym
DEBUG:root:accepting whilesym == whilesym
DEBUG:root:getsym: ident i
DEBUG:root:start <function condition at 0x73bc3d4a1e40>
DEBUG:root:accepting oddsym == ident
DEBUG:root:start <function expression at 0x73bc3d4a1d00>
DEBUG:root:start <function term at 0x73bc3d4a1bc0>
DEBUG:root:start <function factor at 0x73bc3d4a1a80>
DEBUG:root:accepting ident == ident
DEBUG:root:getsym: lss <
DEBUG:root:Looking up i
DEBUG:root:end <function factor at 0x73bc3d4a1a80>
DEBUG:root:end <function term at 0x73bc3d4a1bc0>
DEBUG:root:end <function expression at 0x73bc3d4a1d00>
DEBUG:root:getsym: ident arg
DEBUG:root:condition operator lss ident
DEBUG:root:start <function expression at 0x73bc3d4a1d00>
DEBUG:root:start <function term at 0x73bc3d4a1bc0>
DEBUG:root:start <function factor at 0x73bc3d4a1a80>
DEBUG:root:accepting ident == ident
DEBUG:root:getsym: dosym do
DEBUG:root:Looking up arg
DEBUG:root:Looking up in parent
DEBUG:root:Looking up arg
DEBUG:root:end <function factor at 0x73bc3d4a1a80>
DEBUG:root:end <function term at 0x73bc3d4a1bc0>
DEBUG:root:end <function expression at 0x73bc3d4a1d00>
DEBUG:root:end <function condition at 0x73bc3d4a1e40>
DEBUG:root:expecting dosym
DEBUG:root:accepting dosym == dosym
DEBUG:root:getsym: beginsym begin
DEBUG:root:start <function statement at 0x73bc3d4a1f80>
DEBUG:root:accepting ident == beginsym
DEBUG:root:accepting callsym == beginsym
DEBUG:root:accepting beginsym == beginsym
DEBUG:root:getsym: ifsym if
DEBUG:root:StatList : new 127252319343232
DEBUG:root:start <function statement at 0x73bc3d4a1f80>
DEBUG:root:accepting ident == ifsym
DEBUG:root:accepting callsym == ifsym
DEBUG:root:accepting beginsym == ifsym
DEBUG:root:accepting ifsym == ifsym
DEBUG:root:getsym: ident arg
DEBUG:root:start <function condition at 0x73bc3d4a1e40>
DEBUG:root:accepting oddsym == ident
DEBUG:root:start <function expression at 0x73bc3d4a1d00>
DEBUG:root:start <function term at 0x73bc3d4a1bc0>
DEBUG:root:start <function factor at 0x73bc3d4a1a80>
DEBUG:root:accepting ident == ident
DEBUG:root:getsym: slash /
DEBUG:root:Looking up arg
DEBUG:root:Looking up in parent
DEBUG:root:Looking up arg
DEBUG:root:end <function factor at 0x73bc3d4a1a80>
DEBUG:root:getsym: ident i
DEBUG:root:start <function factor at 0x73bc3d4a1a80>
DEBUG:root:accepting ident == ident
DEBUG:root:getsym: times *
DEBUG:root:Looking up i
DEBUG:root:end <function factor at 0x73bc3d4a1a80>
DEBUG:root:getsym: ident i
DEBUG:root:start <function factor at 0x73bc3d4a1a80>
DEBUG:root:accepting ident == ident
DEBUG:root:getsym: eql =
DEBUG:root:Looking up i
DEBUG:root:end <function factor at 0x73bc3d4a1a80>
DEBUG:root:end <function term at 0x73bc3d4a1bc0>
DEBUG:root:end <function expression at 0x73bc3d4a1d00>
DEBUG:root:getsym: ident arg
DEBUG:root:condition operator eql ident
DEBUG:root:start <function expression at 0x73bc3d4a1d00>
DEBUG:root:start <function term at 0x73bc3d4a1bc0>
DEBUG:root:start <function factor at 0x73bc3d4a1a80>
DEBUG:root:accepting ident == ident
DEBUG:root:getsym: thensym then
DEBUG:root:Looking up arg
DEBUG:root:Looking up in parent
DEBUG:root:Looking up arg
DEBUG:root:end <function factor at 0x73bc3d4a1a80>
DEBUG:root:end <function term at 0x73bc3d4a1bc0>
DEBUG:root:end <function expression at 0x73bc3d4a1d00>
DEBUG:root:end <function condition at 0x73bc3d4a1e40>
DEBUG:root:expecting thensym
DEBUG:root:accepting thensym == thensym
DEBUG:root:getsym: beginsym begin
DEBUG:root:start <function statement at 0x73bc3d4a1f80>
DEBUG:root:accepting ident == beginsym
DEBUG:root:accepting callsym == beginsym
DEBUG:root:accepting beginsym == beginsym
DEBUG:root:getsym: ident ret
DEBUG:root:StatList : new 127252319343808
DEBUG:root:start <function statement at 0x73bc3d4a1f80>
DEBUG:root:accepting ident == ident
DEBUG:root:getsym: becomes :=
DEBUG:root:Looking up ret
DEBUG:root:Looking up in parent
DEBUG:root:Looking up ret
DEBUG:root:expecting becomes
DEBUG:root:accepting becomes == becomes
DEBUG:root:getsym: number 0
DEBUG:root:start <function expression at 0x73bc3d4a1d00>
DEBUG:root:start <function term at 0x73bc3d4a1bc0>
DEBUG:root:start <function factor at 0x73bc3d4a1a80>
DEBUG:root:accepting ident == number
DEBUG:root:accepting number == number
DEBUG:root:getsym: semicolon ;
DEBUG:root:end <function factor at 0x73bc3d4a1a80>
DEBUG:root:end <function term at 0x73bc3d4a1bc0>
DEBUG:root:end <function expression at 0x73bc3d4a1d00>
DEBUG:root:end <function statement at 0x73bc3d4a1f80>
DEBUG:root:StatList: appending 127252319344096 of type <class 'ir2.AssignStat'> to 127252319343808
DEBUG:root:accepting semicolon == semicolon
DEBUG:root:getsym: ident i
DEBUG:root:start <function statement at 0x73bc3d4a1f80>
DEBUG:root:accepting ident == ident
DEBUG:root:getsym: becomes :=
DEBUG:root:Looking up i
DEBUG:root:expecting becomes
DEBUG:root:accepting becomes == becomes
DEBUG:root:getsym: ident arg
DEBUG:root:start <function expression at 0x73bc3d4a1d00>
DEBUG:root:start <function term at 0x73bc3d4a1bc0>
DEBUG:root:start <function factor at 0x73bc3d4a1a80>
DEBUG:root:accepting ident == ident
DEBUG:root:getsym: semicolon ;
DEBUG:root:Looking up arg
DEBUG:root:Looking up in parent
DEBUG:root:Looking up arg
DEBUG:root:end <function factor at 0x73bc3d4a1a80>
DEBUG:root:end <function term at 0x73bc3d4a1bc0>
DEBUG:root:end <function expression at 0x73bc3d4a1d00>
DEBUG:root:end <function statement at 0x73bc3d4a1f80>
DEBUG:root:StatList: appending 127252319344240 of type <class 'ir2.AssignStat'> to 127252319343808
DEBUG:root:accepting semicolon == semicolon
DEBUG:root:getsym: endsym end
DEBUG:root:start <function statement at 0x73bc3d4a1f80>
DEBUG:root:accepting ident == endsym
DEBUG:root:accepting callsym == endsym
DEBUG:root:accepting beginsym == endsym
DEBUG:root:accepting ifsym == endsym
DEBUG:root:accepting whilesym == endsym
DEBUG:root:accepting print == endsym
DEBUG:root:end <function statement at 0x73bc3d4a1f80>
DEBUG:root:
*********************************************
	Starting debug with standard test program
*********************************************

DEBUG:root:start <function program at 0x7bab94aa2200>
DEBUG:root:getsym: constsym const
DEBUG:root:start <function block at 0x7bab94aa20c0>
DEBUG:root:accepting constsym == constsym
DEBUG:root:getsym: ident max
DEBUG:root:expecting ident
DEBUG:root:accepting ident == ident
DEBUG:root:getsym: eql =
DEBUG:root:expecting eql
DEBUG:root:accepting eql == eql
DEBUG:root:getsym: number 100
DEBUG:root:expecting number
DEBUG:root:accepting number == number
DEBUG:root:getsym: semicolon ;
DEBUG:root:accepting comma == semicolon
DEBUG:root:expecting semicolon
DEBUG:root:accepting semicolon == semicolon
DEBUG:root:getsym: varsym var
DEBUG:root:accepting varsym == varsym
DEBUG:root:getsym: ident arg
DEBUG:root:expecting ident
DEBUG:root:accepting ident == ident
DEBUG:root:getsym: comma ,
DEBUG:root:accepting comma == comma
DEBUG:root:getsym: ident ret
DEBUG:root:expecting ident
DEBUG:root:accepting ident == ident
DEBUG:root:getsym: semicolon ;
DEBUG:root:accepting comma == semicolon
DEBUG:root:expecting semicolon
DEBUG:root:accepting semicolon == semicolon
DEBUG:root:getsym: procsym procedure
DEBUG:root:accepting procsym == procsym
DEBUG:root:getsym: ident isprime
DEBUG:root:expecting ident
DEBUG:root:accepting ident == ident
DEBUG:root:getsym: semicolon ;
DEBUG:root:expecting semicolon
DEBUG:root:accepting semicolon == semicolon
DEBUG:root:getsym: varsym var
DEBUG:root:start <function block at 0x7bab94aa20c0>
DEBUG:root:accepting constsym == varsym
DEBUG:root:accepting varsym == varsym
DEBUG:root:getsym: ident i
DEBUG:root:expecting ident
DEBUG:root:accepting ident == ident
DEBUG:root:getsym: semicolon ;
DEBUG:root:accepting comma == semicolon
DEBUG:root:expecting semicolon
DEBUG:root:accepting semicolon == semicolon
DEBUG:root:getsym: beginsym begin
DEBUG:root:accepting procsym == beginsym
DEBUG:root:start <function statement at 0x7bab94aa1f80>
DEBUG:root:accepting ident == beginsym
DEBUG:root:accepting callsym == beginsym
DEBUG:root:accepting beginsym == beginsym
DEBUG:root:getsym: ident ret
DEBUG:root:StatList : new 135976863829936
DEBUG:root:start <function statement at 0x7bab94aa1f80>
DEBUG:root:accepting ident == ident
DEBUG:root:getsym: becomes :=
DEBUG:root:Looking up ret
DEBUG:root:Looking up in parent
DEBUG:root:Looking up ret
DEBUG:root:expecting becomes
DEBUG:root:accepting becomes == becomes
DEBUG:root:getsym: number 1
DEBUG:root:start <function expression at 0x7bab94aa1d00>
DEBUG:root:start <function term at 0x7bab94aa1bc0>
DEBUG:root:start <function factor at 0x7bab94aa1a80>
DEBUG:root:accepting ident == number
DEBUG:root:accepting number == number
DEBUG:root:getsym: semicolon ;
DEBUG:root:end <function factor at 0x7bab94aa1a80>
DEBUG:root:end <function term at 0x7bab94aa1bc0>
DEBUG:root:end <function expression at 0x7bab94aa1d00>
DEBUG:root:end <function statement at 0x7bab94aa1f80>
DEBUG:root:StatList: appending 135976863830368 of type <class 'ir2.AssignStat'> to 135976863829936
DEBUG:root:accepting semicolon == semicolon
DEBUG:root:getsym: ident i
DEBUG:root:start <function statement at 0x7bab94aa1f80>
DEBUG:root:accepting ident == ident
DEBUG:root:getsym: becomes :=
DEBUG:root:Looking up i
DEBUG:root:expecting becomes
DEBUG:root:accepting becomes == becomes
DEBUG:root:getsym: number 2
DEBUG:root:start <function expression at 0x7bab94aa1d00>
DEBUG:root:start <function term at 0x7bab94aa1bc0>
DEBUG:root:start <function factor at 0x7bab94aa1a80>
DEBUG:root:accepting ident == number
DEBUG:root:accepting number == number
DEBUG:root:getsym: semicolon ;
DEBUG:root:end <function factor at 0x7bab94aa1a80>
DEBUG:root:end <function term at 0x7bab94aa1bc0>
DEBUG:root:end <function expression at 0x7bab94aa1d00>
DEBUG:root:end <function statement at 0x7bab94aa1f80>
DEBUG:root:StatList: appending 135976863830560 of type <class 'ir2.AssignStat'> to 135976863829936
DEBUG:root:accepting semicolon == semicolon
DEBUG:root:getsym: whilesym while
DEBUG:root:start <function statement at 0x7bab94aa1f80>
DEBUG:root:accepting ident == whilesym
DEBUG:root:accepting callsym == whilesym
DEBUG:root:accepting beginsym == whilesym
DEBUG:root:accepting ifsym == whilesym
DEBUG:root:accepting whilesym == whilesym
DEBUG:root:getsym: ident i
DEBUG:root:start <function condition at 0x7bab94aa1e40>
DEBUG:root:accepting oddsym == ident
DEBUG:root:start <function expression at 0x7bab94aa1d00>
DEBUG:root:start <function term at 0x7bab94aa1bc0>
DEBUG:root:start <function factor at 0x7bab94aa1a80>
DEBUG:root:accepting ident == ident
DEBUG:root:getsym: lss <
DEBUG:root:Looking up i
DEBUG:root:end <function factor at 0x7bab94aa1a80>
DEBUG:root:end <function term at 0x7bab94aa1bc0>
DEBUG:root:end <function expression at 0x7bab94aa1d00>
DEBUG:root:getsym: ident arg
DEBUG:root:condition operator lss ident
DEBUG:root:start <function expression at 0x7bab94aa1d00>
DEBUG:root:start <function term at 0x7bab94aa1bc0>
DEBUG:root:start <function factor at 0x7bab94aa1a80>
DEBUG:root:accepting ident == ident
DEBUG:root:getsym: dosym do
DEBUG:root:Looking up arg
DEBUG:root:Looking up in parent
DEBUG:root:Looking up arg
DEBUG:root:end <function factor at 0x7bab94aa1a80>
DEBUG:root:end <function term at 0x7bab94aa1bc0>
DEBUG:root:end <function expression at 0x7bab94aa1d00>
DEBUG:root:end <function condition at 0x7bab94aa1e40>
DEBUG:root:expecting dosym
DEBUG:root:accepting dosym == dosym
DEBUG:root:getsym: beginsym begin
DEBUG:root:start <function statement at 0x7bab94aa1f80>
DEBUG:root:accepting ident == beginsym
DEBUG:root:accepting callsym == beginsym
DEBUG:root:accepting beginsym == beginsym
DEBUG:root:getsym: ifsym if
DEBUG:root:StatList : new 135976863830656
DEBUG:root:start <function statement at 0x7bab94aa1f80>
DEBUG:root:accepting ident == ifsym
DEBUG:root:accepting callsym == ifsym
DEBUG:root:accepting beginsym == ifsym
DEBUG:root:accepting ifsym == ifsym
DEBUG:root:getsym: ident arg
DEBUG:root:start <function condition at 0x7bab94aa1e40>
DEBUG:root:accepting oddsym == ident
DEBUG:root:start <function expression at 0x7bab94aa1d00>
DEBUG:root:start <function term at 0x7bab94aa1bc0>
DEBUG:root:start <function factor at 0x7bab94aa1a80>
DEBUG:root:accepting ident == ident
DEBUG:root:getsym: slash /
DEBUG:root:Looking up arg
DEBUG:root:Looking up in parent
DEBUG:root:Looking up arg
DEBUG:root:end <function factor at 0x7bab94aa1a80>
DEBUG:root:getsym: ident i
DEBUG:root:start <function factor at 0x7bab94aa1a80>
DEBUG:root:accepting ident == ident
DEBUG:root:getsym: times *
DEBUG:root:Looking up i
DEBUG:root:end <function factor at 0x7bab94aa1a80>
DEBUG:root:getsym: ident i
DEBUG:root:start <function factor at 0x7bab94aa1a80>
DEBUG:root:accepting ident == ident
DEBUG:root:getsym: eql =
DEBUG:root:Looking up i
DEBUG:root:end <function factor at 0x7bab94aa1a80>
DEBUG:root:end <function term at 0x7bab94aa1bc0>
DEBUG:root:end <function expression at 0x7bab94aa1d00>
DEBUG:root:getsym: ident arg
DEBUG:root:condition operator eql ident
DEBUG:root:start <function expression at 0x7bab94aa1d00>
DEBUG:root:start <function term at 0x7bab94aa1bc0>
DEBUG:root:start <function factor at 0x7bab94aa1a80>
DEBUG:root:accepting ident == ident
DEBUG:root:getsym: thensym then
DEBUG:root:Looking up arg
DEBUG:root:Looking up in parent
DEBUG:root:Looking up arg
DEBUG:root:end <function factor at 0x7bab94aa1a80>
DEBUG:root:end <function term at 0x7bab94aa1bc0>
DEBUG:root:end <function expression at 0x7bab94aa1d00>
DEBUG:root:end <function condition at 0x7bab94aa1e40>
DEBUG:root:expecting thensym
DEBUG:root:accepting thensym == thensym
DEBUG:root:getsym: beginsym begin
DEBUG:root:start <function statement at 0x7bab94aa1f80>
DEBUG:root:accepting ident == beginsym
DEBUG:root:accepting callsym == beginsym
DEBUG:root:accepting beginsym == beginsym
DEBUG:root:getsym: ident ret
DEBUG:root:StatList : new 135976863831232
DEBUG:root:start <function statement at 0x7bab94aa1f80>
DEBUG:root:accepting ident == ident
DEBUG:root:getsym: becomes :=
DEBUG:root:Looking up ret
DEBUG:root:Looking up in parent
DEBUG:root:Looking up ret
DEBUG:root:expecting becomes
DEBUG:root:accepting becomes == becomes
DEBUG:root:getsym: number 0
DEBUG:root:start <function expression at 0x7bab94aa1d00>
DEBUG:root:start <function term at 0x7bab94aa1bc0>
DEBUG:root:start <function factor at 0x7bab94aa1a80>
DEBUG:root:accepting ident == number
DEBUG:root:accepting number == number
DEBUG:root:getsym: semicolon ;
DEBUG:root:end <function factor at 0x7bab94aa1a80>
DEBUG:root:end <function term at 0x7bab94aa1bc0>
DEBUG:root:end <function expression at 0x7bab94aa1d00>
DEBUG:root:end <function statement at 0x7bab94aa1f80>
DEBUG:root:StatList: appending 135976863831520 of type <class 'ir2.AssignStat'> to 135976863831232
DEBUG:root:accepting semicolon == semicolon
DEBUG:root:getsym: ident i
DEBUG:root:start <function statement at 0x7bab94aa1f80>
DEBUG:root:accepting ident == ident
DEBUG:root:getsym: becomes :=
DEBUG:root:Looking up i
DEBUG:root:expecting becomes
DEBUG:root:accepting becomes == becomes
DEBUG:root:getsym: ident arg
DEBUG:root:start <function expression at 0x7bab94aa1d00>
DEBUG:root:start <function term at 0x7bab94aa1bc0>
DEBUG:root:start <function factor at 0x7bab94aa1a80>
DEBUG:root:accepting ident == ident
DEBUG:root:getsym: semicolon ;
DEBUG:root:Looking up arg
DEBUG:root:Looking up in parent
DEBUG:root:Looking up arg
DEBUG:root:end <function factor at 0x7bab94aa1a80>
DEBUG:root:end <function term at 0x7bab94aa1bc0>
DEBUG:root:end <function expression at 0x7bab94aa1d00>
DEBUG:root:end <function statement at 0x7bab94aa1f80>
DEBUG:root:StatList: appending 135976863831664 of type <class 'ir2.AssignStat'> to 135976863831232
DEBUG:root:accepting semicolon == semicolon
DEBUG:root:getsym: endsym end
DEBUG:root:start <function statement at 0x7bab94aa1f80>
DEBUG:root:accepting ident == endsym
DEBUG:root:accepting callsym == endsym
DEBUG:root:accepting beginsym == endsym
DEBUG:root:accepting ifsym == endsym
DEBUG:root:accepting whilesym == endsym
DEBUG:root:accepting print == endsym
DEBUG:root:end <function statement at 0x7bab94aa1f80>
DEBUG:root:
*********************************************
	Starting debug with standard test program
*********************************************

DEBUG:root:start <function program at 0x7fe9a01c6a20>
DEBUG:root:getsym: constsym const
DEBUG:root:start <function block at 0x7fe9a01c68e0>
DEBUG:root:accepting constsym == constsym
DEBUG:root:getsym: ident max
DEBUG:root:expecting ident
DEBUG:root:accepting ident == ident
DEBUG:root:getsym: eql =
DEBUG:root:expecting eql
DEBUG:root:accepting eql == eql
DEBUG:root:getsym: number 100
DEBUG:root:expecting number
DEBUG:root:accepting number == number
DEBUG:root:getsym: semicolon ;
DEBUG:root:accepting comma == semicolon
DEBUG:root:expecting semicolon
DEBUG:root:accepting semicolon == semicolon
DEBUG:root:getsym: varsym var
DEBUG:root:accepting varsym == varsym
DEBUG:root:getsym: ident arg
DEBUG:root:expecting ident
DEBUG:root:accepting ident == ident
DEBUG:root:getsym: comma ,
DEBUG:root:accepting comma == comma
DEBUG:root:getsym: ident ret
DEBUG:root:expecting ident
DEBUG:root:accepting ident == ident
DEBUG:root:getsym: semicolon ;
DEBUG:root:accepting comma == semicolon
DEBUG:root:expecting semicolon
DEBUG:root:accepting semicolon == semicolon
DEBUG:root:getsym: procsym procedure
DEBUG:root:accepting procsym == procsym
DEBUG:root:getsym: ident isprime
DEBUG:root:expecting ident
DEBUG:root:accepting ident == ident
DEBUG:root:getsym: semicolon ;
DEBUG:root:expecting semicolon
DEBUG:root:accepting semicolon == semicolon
DEBUG:root:getsym: varsym var
DEBUG:root:start <function block at 0x7fe9a01c68e0>
DEBUG:root:accepting constsym == varsym
DEBUG:root:accepting varsym == varsym
DEBUG:root:getsym: ident i
DEBUG:root:expecting ident
DEBUG:root:accepting ident == ident
DEBUG:root:getsym: semicolon ;
DEBUG:root:accepting comma == semicolon
DEBUG:root:expecting semicolon
DEBUG:root:accepting semicolon == semicolon
DEBUG:root:getsym: beginsym begin
DEBUG:root:accepting procsym == beginsym
DEBUG:root:start <function statement at 0x7fe9a01c67a0>
DEBUG:root:accepting ident == beginsym
DEBUG:root:accepting callsym == beginsym
DEBUG:root:accepting beginsym == beginsym
DEBUG:root:getsym: ident ret
DEBUG:root:StatList : new 140641390145664
DEBUG:root:start <function statement at 0x7fe9a01c67a0>
DEBUG:root:accepting ident == ident
DEBUG:root:getsym: becomes :=
DEBUG:root:Looking up ret
DEBUG:root:Looking up in parent
DEBUG:root:Looking up ret
DEBUG:root:expecting becomes
DEBUG:root:accepting becomes == becomes
DEBUG:root:getsym: number 1
DEBUG:root:start <function expression at 0x7fe9a01c6520>
DEBUG:root:start <function term at 0x7fe9a01c63e0>
DEBUG:root:start <function factor at 0x7fe9a01c62a0>
DEBUG:root:accepting ident == number
DEBUG:root:accepting number == number
DEBUG:root:getsym: semicolon ;
DEBUG:root:end <function factor at 0x7fe9a01c62a0>
DEBUG:root:end <function term at 0x7fe9a01c63e0>
DEBUG:root:end <function expression at 0x7fe9a01c6520>
DEBUG:root:end <function statement at 0x7fe9a01c67a0>
DEBUG:root:StatList: appending 140641390146096 of type <class 'ir2.AssignStat'> to 140641390145664
DEBUG:root:accepting semicolon == semicolon
DEBUG:root:getsym: ident i
DEBUG:root:start <function statement at 0x7fe9a01c67a0>
DEBUG:root:accepting ident == ident
DEBUG:root:getsym: becomes :=
DEBUG:root:Looking up i
DEBUG:root:expecting becomes
DEBUG:root:accepting becomes == becomes
DEBUG:root:getsym: number 2
DEBUG:root:start <function expression at 0x7fe9a01c6520>
DEBUG:root:start <function term at 0x7fe9a01c63e0>
DEBUG:root:start <function factor at 0x7fe9a01c62a0>
DEBUG:root:accepting ident == number
DEBUG:root:accepting number == number
DEBUG:root:getsym: semicolon ;
DEBUG:root:end <function factor at 0x7fe9a01c62a0>
DEBUG:root:end <function term at 0x7fe9a01c63e0>
DEBUG:root:end <function expression at 0x7fe9a01c6520>
DEBUG:root:end <function statement at 0x7fe9a01c67a0>
DEBUG:root:StatList: appending 140641390146288 of type <class 'ir2.AssignStat'> to 140641390145664
DEBUG:root:accepting semicolon == semicolon
DEBUG:root:getsym: whilesym while
DEBUG:root:start <function statement at 0x7fe9a01c67a0>
DEBUG:root:accepting ident == whilesym
DEBUG:root:accepting callsym == whilesym
DEBUG:root:accepting beginsym == whilesym
DEBUG:root:accepting ifsym == whilesym
DEBUG:root:accepting whilesym == whilesym
DEBUG:root:getsym: ident i
DEBUG:root:start <function condition at 0x7fe9a01c6660>
DEBUG:root:accepting oddsym == ident
DEBUG:root:start <function expression at 0x7fe9a01c6520>
DEBUG:root:start <function term at 0x7fe9a01c63e0>
DEBUG:root:start <function factor at 0x7fe9a01c62a0>
DEBUG:root:accepting ident == ident
DEBUG:root:getsym: lss <
DEBUG:root:Looking up i
DEBUG:root:end <function factor at 0x7fe9a01c62a0>
DEBUG:root:end <function term at 0x7fe9a01c63e0>
DEBUG:root:end <function expression at 0x7fe9a01c6520>
DEBUG:root:getsym: ident arg
DEBUG:root:condition operator lss ident
DEBUG:root:start <function expression at 0x7fe9a01c6520>
DEBUG:root:start <function term at 0x7fe9a01c63e0>
DEBUG:root:start <function factor at 0x7fe9a01c62a0>
DEBUG:root:accepting ident == ident
DEBUG:root:getsym: dosym do
DEBUG:root:Looking up arg
DEBUG:root:Looking up in parent
DEBUG:root:Looking up arg
DEBUG:root:end <function factor at 0x7fe9a01c62a0>
DEBUG:root:end <function term at 0x7fe9a01c63e0>
DEBUG:root:end <function expression at 0x7fe9a01c6520>
DEBUG:root:end <function condition at 0x7fe9a01c6660>
DEBUG:root:expecting dosym
DEBUG:root:accepting dosym == dosym
DEBUG:root:getsym: beginsym begin
DEBUG:root:start <function statement at 0x7fe9a01c67a0>
DEBUG:root:accepting ident == beginsym
DEBUG:root:accepting callsym == beginsym
DEBUG:root:accepting beginsym == beginsym
DEBUG:root:getsym: ifsym if
DEBUG:root:StatList : new 140641390146384
DEBUG:root:start <function statement at 0x7fe9a01c67a0>
DEBUG:root:accepting ident == ifsym
DEBUG:root:accepting callsym == ifsym
DEBUG:root:accepting beginsym == ifsym
DEBUG:root:accepting ifsym == ifsym
DEBUG:root:getsym: ident arg
DEBUG:root:start <function condition at 0x7fe9a01c6660>
DEBUG:root:accepting oddsym == ident
DEBUG:root:start <function expression at 0x7fe9a01c6520>
DEBUG:root:start <function term at 0x7fe9a01c63e0>
DEBUG:root:start <function factor at 0x7fe9a01c62a0>
DEBUG:root:accepting ident == ident
DEBUG:root:getsym: slash /
DEBUG:root:Looking up arg
DEBUG:root:Looking up in parent
DEBUG:root:Looking up arg
DEBUG:root:end <function factor at 0x7fe9a01c62a0>
DEBUG:root:getsym: ident i
DEBUG:root:start <function factor at 0x7fe9a01c62a0>
DEBUG:root:accepting ident == ident
DEBUG:root:getsym: times *
DEBUG:root:Looking up i
DEBUG:root:end <function factor at 0x7fe9a01c62a0>
DEBUG:root:getsym: ident i
DEBUG:root:start <function factor at 0x7fe9a01c62a0>
DEBUG:root:accepting ident == ident
DEBUG:root:getsym: eql =
DEBUG:root:Looking up i
DEBUG:root:end <function factor at 0x7fe9a01c62a0>
DEBUG:root:end <function term at 0x7fe9a01c63e0>
DEBUG:root:end <function expression at 0x7fe9a01c6520>
DEBUG:root:getsym: ident arg
DEBUG:root:condition operator eql ident
DEBUG:root:start <function expression at 0x7fe9a01c6520>
DEBUG:root:start <function term at 0x7fe9a01c63e0>
DEBUG:root:start <function factor at 0x7fe9a01c62a0>
DEBUG:root:accepting ident == ident
DEBUG:root:getsym: thensym then
DEBUG:root:Looking up arg
DEBUG:root:Looking up in parent
DEBUG:root:Looking up arg
DEBUG:root:end <function factor at 0x7fe9a01c62a0>
DEBUG:root:end <function term at 0x7fe9a01c63e0>
DEBUG:root:end <function expression at 0x7fe9a01c6520>
DEBUG:root:end <function condition at 0x7fe9a01c6660>
DEBUG:root:expecting thensym
DEBUG:root:accepting thensym == thensym
DEBUG:root:getsym: beginsym begin
DEBUG:root:start <function statement at 0x7fe9a01c67a0>
DEBUG:root:accepting ident == beginsym
DEBUG:root:accepting callsym == beginsym
DEBUG:root:accepting beginsym == beginsym
DEBUG:root:getsym: ident ret
DEBUG:root:StatList : new 140641390146960
DEBUG:root:start <function statement at 0x7fe9a01c67a0>
DEBUG:root:accepting ident == ident
DEBUG:root:getsym: becomes :=
DEBUG:root:Looking up ret
DEBUG:root:Looking up in parent
DEBUG:root:Looking up ret
DEBUG:root:expecting becomes
DEBUG:root:accepting becomes == becomes
DEBUG:root:getsym: number 0
DEBUG:root:start <function expression at 0x7fe9a01c6520>
DEBUG:root:start <function term at 0x7fe9a01c63e0>
DEBUG:root:start <function factor at 0x7fe9a01c62a0>
DEBUG:root:accepting ident == number
DEBUG:root:accepting number == number
DEBUG:root:getsym: semicolon ;
DEBUG:root:end <function factor at 0x7fe9a01c62a0>
DEBUG:root:end <function term at 0x7fe9a01c63e0>
DEBUG:root:end <function expression at 0x7fe9a01c6520>
DEBUG:root:end <function statement at 0x7fe9a01c67a0>
DEBUG:root:StatList: appending 140641390147248 of type <class 'ir2.AssignStat'> to 140641390146960
DEBUG:root:accepting semicolon == semicolon
DEBUG:root:getsym: ident i
DEBUG:root:start <function statement at 0x7fe9a01c67a0>
DEBUG:root:accepting ident == ident
DEBUG:root:getsym: becomes :=
DEBUG:root:Looking up i
DEBUG:root:expecting becomes
DEBUG:root:accepting becomes == becomes
DEBUG:root:getsym: ident arg
DEBUG:root:start <function expression at 0x7fe9a01c6520>
DEBUG:root:start <function term at 0x7fe9a01c63e0>
DEBUG:root:start <function factor at 0x7fe9a01c62a0>
DEBUG:root:accepting ident == ident
DEBUG:root:getsym: semicolon ;
DEBUG:root:Looking up arg
DEBUG:root:Looking up in parent
DEBUG:root:Looking up arg
DEBUG:root:end <function factor at 0x7fe9a01c62a0>
DEBUG:root:end <function term at 0x7fe9a01c63e0>
DEBUG:root:end <function expression at 0x7fe9a01c6520>
DEBUG:root:end <function statement at 0x7fe9a01c67a0>
DEBUG:root:StatList: appending 140641390147392 of type <class 'ir2.AssignStat'> to 140641390146960
DEBUG:root:accepting semicolon == semicolon
DEBUG:root:getsym: endsym end
DEBUG:root:start <function statement at 0x7fe9a01c67a0>
DEBUG:root:accepting ident == endsym
DEBUG:root:accepting callsym == endsym
DEBUG:root:accepting beginsym == endsym
DEBUG:root:accepting ifsym == endsym
DEBUG:root:accepting whilesym == endsym
DEBUG:root:accepting print == endsym
DEBUG:root:end <function statement at 0x7fe9a01c67a0>
DEBUG:root:
*********************************************
	Starting debug with standard test program
*********************************************

DEBUG:root:start <function program at 0x78552679e980>
DEBUG:root:getsym: constsym const
DEBUG:root:start <function block at 0x78552679e840>
DEBUG:root:accepting constsym == constsym
DEBUG:root:getsym: ident max
DEBUG:root:expecting ident
DEBUG:root:accepting ident == ident
DEBUG:root:getsym: eql =
DEBUG:root:expecting eql
DEBUG:root:accepting eql == eql
DEBUG:root:getsym: number 100
DEBUG:root:expecting number
DEBUG:root:accepting number == number
DEBUG:root:getsym: semicolon ;
DEBUG:root:accepting comma == semicolon
DEBUG:root:expecting semicolon
DEBUG:root:accepting semicolon == semicolon
DEBUG:root:getsym: varsym var
DEBUG:root:accepting varsym == varsym
DEBUG:root:getsym: ident arg
DEBUG:root:expecting ident
DEBUG:root:accepting ident == ident
DEBUG:root:getsym: comma ,
DEBUG:root:accepting comma == comma
DEBUG:root:getsym: ident ret
DEBUG:root:expecting ident
DEBUG:root:accepting ident == ident
DEBUG:root:getsym: semicolon ;
DEBUG:root:accepting comma == semicolon
DEBUG:root:expecting semicolon
DEBUG:root:accepting semicolon == semicolon
DEBUG:root:getsym: procsym procedure
DEBUG:root:accepting procsym == procsym
DEBUG:root:getsym: ident isprime
DEBUG:root:expecting ident
DEBUG:root:accepting ident == ident
DEBUG:root:getsym: semicolon ;
DEBUG:root:expecting semicolon
DEBUG:root:accepting semicolon == semicolon
DEBUG:root:getsym: varsym var
DEBUG:root:start <function block at 0x78552679e840>
DEBUG:root:accepting constsym == varsym
DEBUG:root:accepting varsym == varsym
DEBUG:root:getsym: ident i
DEBUG:root:expecting ident
DEBUG:root:accepting ident == ident
DEBUG:root:getsym: semicolon ;
DEBUG:root:accepting comma == semicolon
DEBUG:root:expecting semicolon
DEBUG:root:accepting semicolon == semicolon
DEBUG:root:getsym: beginsym begin
DEBUG:root:accepting procsym == beginsym
DEBUG:root:start <function statement at 0x78552679e700>
DEBUG:root:accepting ident == beginsym
DEBUG:root:accepting callsym == beginsym
DEBUG:root:accepting beginsym == beginsym
DEBUG:root:getsym: ident ret
DEBUG:root:StatList : new 132307113198224
DEBUG:root:start <function statement at 0x78552679e700>
DEBUG:root:accepting ident == ident
DEBUG:root:getsym: becomes :=
DEBUG:root:Looking up ret
DEBUG:root:Looking up in parent
DEBUG:root:Looking up ret
DEBUG:root:expecting becomes
DEBUG:root:accepting becomes == becomes
DEBUG:root:getsym: number 1
DEBUG:root:start <function expression at 0x78552679e480>
DEBUG:root:start <function term at 0x78552679e340>
DEBUG:root:start <function factor at 0x78552679d800>
DEBUG:root:accepting ident == number
DEBUG:root:accepting number == number
DEBUG:root:getsym: semicolon ;
DEBUG:root:end <function factor at 0x78552679d800>
DEBUG:root:end <function term at 0x78552679e340>
DEBUG:root:end <function expression at 0x78552679e480>
DEBUG:root:end <function statement at 0x78552679e700>
DEBUG:root:StatList: appending 132307113198656 of type <class 'ir2.AssignStat'> to 132307113198224
DEBUG:root:accepting semicolon == semicolon
DEBUG:root:getsym: ident i
DEBUG:root:start <function statement at 0x78552679e700>
DEBUG:root:accepting ident == ident
DEBUG:root:getsym: becomes :=
DEBUG:root:Looking up i
DEBUG:root:expecting becomes
DEBUG:root:accepting becomes == becomes
DEBUG:root:getsym: number 2
DEBUG:root:start <function expression at 0x78552679e480>
DEBUG:root:start <function term at 0x78552679e340>
DEBUG:root:start <function factor at 0x78552679d800>
DEBUG:root:accepting ident == number
DEBUG:root:accepting number == number
DEBUG:root:getsym: semicolon ;
DEBUG:root:end <function factor at 0x78552679d800>
DEBUG:root:end <function term at 0x78552679e340>
DEBUG:root:end <function expression at 0x78552679e480>
DEBUG:root:end <function statement at 0x78552679e700>
DEBUG:root:StatList: appending 132307113198848 of type <class 'ir2.AssignStat'> to 132307113198224
DEBUG:root:accepting semicolon == semicolon
DEBUG:root:getsym: whilesym while
DEBUG:root:start <function statement at 0x78552679e700>
DEBUG:root:accepting ident == whilesym
DEBUG:root:accepting callsym == whilesym
DEBUG:root:accepting beginsym == whilesym
DEBUG:root:accepting ifsym == whilesym
DEBUG:root:accepting whilesym == whilesym
DEBUG:root:getsym: ident i
DEBUG:root:start <function condition at 0x78552679e5c0>
DEBUG:root:accepting oddsym == ident
DEBUG:root:start <function expression at 0x78552679e480>
DEBUG:root:start <function term at 0x78552679e340>
DEBUG:root:start <function factor at 0x78552679d800>
DEBUG:root:accepting ident == ident
DEBUG:root:getsym: lss <
DEBUG:root:Looking up i
DEBUG:root:end <function factor at 0x78552679d800>
DEBUG:root:end <function term at 0x78552679e340>
DEBUG:root:end <function expression at 0x78552679e480>
DEBUG:root:getsym: ident arg
DEBUG:root:condition operator lss ident
DEBUG:root:start <function expression at 0x78552679e480>
DEBUG:root:start <function term at 0x78552679e340>
DEBUG:root:start <function factor at 0x78552679d800>
DEBUG:root:accepting ident == ident
DEBUG:root:getsym: dosym do
DEBUG:root:Looking up arg
DEBUG:root:Looking up in parent
DEBUG:root:Looking up arg
DEBUG:root:end <function factor at 0x78552679d800>
DEBUG:root:end <function term at 0x78552679e340>
DEBUG:root:end <function expression at 0x78552679e480>
DEBUG:root:end <function condition at 0x78552679e5c0>
DEBUG:root:expecting dosym
DEBUG:root:accepting dosym == dosym
DEBUG:root:getsym: beginsym begin
DEBUG:root:start <function statement at 0x78552679e700>
DEBUG:root:accepting ident == beginsym
DEBUG:root:accepting callsym == beginsym
DEBUG:root:accepting beginsym == beginsym
DEBUG:root:getsym: ifsym if
DEBUG:root:StatList : new 132307113198944
DEBUG:root:start <function statement at 0x78552679e700>
DEBUG:root:accepting ident == ifsym
DEBUG:root:accepting callsym == ifsym
DEBUG:root:accepting beginsym == ifsym
DEBUG:root:accepting ifsym == ifsym
DEBUG:root:getsym: ident arg
DEBUG:root:start <function condition at 0x78552679e5c0>
DEBUG:root:accepting oddsym == ident
DEBUG:root:start <function expression at 0x78552679e480>
DEBUG:root:start <function term at 0x78552679e340>
DEBUG:root:start <function factor at 0x78552679d800>
DEBUG:root:accepting ident == ident
DEBUG:root:getsym: slash /
DEBUG:root:Looking up arg
DEBUG:root:Looking up in parent
DEBUG:root:Looking up arg
DEBUG:root:end <function factor at 0x78552679d800>
DEBUG:root:getsym: ident i
DEBUG:root:start <function factor at 0x78552679d800>
DEBUG:root:accepting ident == ident
DEBUG:root:getsym: times *
DEBUG:root:Looking up i
DEBUG:root:end <function factor at 0x78552679d800>
DEBUG:root:getsym: ident i
DEBUG:root:start <function factor at 0x78552679d800>
DEBUG:root:accepting ident == ident
DEBUG:root:getsym: eql =
DEBUG:root:Looking up i
DEBUG:root:end <function factor at 0x78552679d800>
DEBUG:root:end <function term at 0x78552679e340>
DEBUG:root:end <function expression at 0x78552679e480>
DEBUG:root:getsym: ident arg
DEBUG:root:condition operator eql ident
DEBUG:root:start <function expression at 0x78552679e480>
DEBUG:root:start <function term at 0x78552679e340>
DEBUG:root:start <function factor at 0x78552679d800>
DEBUG:root:accepting ident == ident
DEBUG:root:getsym: thensym then
DEBUG:root:Looking up arg
DEBUG:root:Looking up in parent
DEBUG:root:Looking up arg
DEBUG:root:end <function factor at 0x78552679d800>
DEBUG:root:end <function term at 0x78552679e340>
DEBUG:root:end <function expression at 0x78552679e480>
DEBUG:root:end <function condition at 0x78552679e5c0>
DEBUG:root:expecting thensym
DEBUG:root:accepting thensym == thensym
DEBUG:root:getsym: beginsym begin
DEBUG:root:start <function statement at 0x78552679e700>
DEBUG:root:accepting ident == beginsym
DEBUG:root:accepting callsym == beginsym
DEBUG:root:accepting beginsym == beginsym
DEBUG:root:getsym: ident ret
DEBUG:root:StatList : new 132307113199568
DEBUG:root:start <function statement at 0x78552679e700>
DEBUG:root:accepting ident == ident
DEBUG:root:getsym: becomes :=
DEBUG:root:Looking up ret
DEBUG:root:Looking up in parent
DEBUG:root:Looking up ret
DEBUG:root:expecting becomes
DEBUG:root:accepting becomes == becomes
DEBUG:root:getsym: number 0
DEBUG:root:start <function expression at 0x78552679e480>
DEBUG:root:start <function term at 0x78552679e340>
DEBUG:root:start <function factor at 0x78552679d800>
DEBUG:root:accepting ident == number
DEBUG:root:accepting number == number
DEBUG:root:getsym: semicolon ;
DEBUG:root:end <function factor at 0x78552679d800>
DEBUG:root:end <function term at 0x78552679e340>
DEBUG:root:end <function expression at 0x78552679e480>
DEBUG:root:end <function statement at 0x78552679e700>
DEBUG:root:StatList: appending 132307113199856 of type <class 'ir2.AssignStat'> to 132307113199568
DEBUG:root:accepting semicolon == semicolon
DEBUG:root:getsym: ident i
DEBUG:root:start <function statement at 0x78552679e700>
DEBUG:root:accepting ident == ident
DEBUG:root:getsym: becomes :=
DEBUG:root:Looking up i
DEBUG:root:expecting becomes
DEBUG:root:accepting becomes == becomes
DEBUG:root:getsym: ident arg
DEBUG:root:start <function expression at 0x78552679e480>
DEBUG:root:start <function term at 0x78552679e340>
DEBUG:root:start <function factor at 0x78552679d800>
DEBUG:root:accepting ident == ident
DEBUG:root:getsym: semicolon ;
DEBUG:root:Looking up arg
DEBUG:root:Looking up in parent
DEBUG:root:Looking up arg
DEBUG:root:end <function factor at 0x78552679d800>
DEBUG:root:end <function term at 0x78552679e340>
DEBUG:root:end <function expression at 0x78552679e480>
DEBUG:root:end <function statement at 0x78552679e700>
DEBUG:root:StatList: appending 132307113200000 of type <class 'ir2.AssignStat'> to 132307113199568
DEBUG:root:accepting semicolon == semicolon
DEBUG:root:getsym: endsym end
DEBUG:root:start <function statement at 0x78552679e700>
DEBUG:root:accepting ident == endsym
DEBUG:root:accepting callsym == endsym
DEBUG:root:accepting beginsym == endsym
DEBUG:root:accepting ifsym == endsym
DEBUG:root:accepting whilesym == endsym
DEBUG:root:accepting print == endsym
DEBUG:root:end <function statement at 0x78552679e700>
DEBUG:root:
*********************************************
	Starting debug with standard test program
*********************************************

DEBUG:root:start <function program at 0x747b42ecaa20>
DEBUG:root:getsym: constsym const
DEBUG:root:start <function block at 0x747b42eca8e0>
DEBUG:root:accepting constsym == constsym
DEBUG:root:getsym: ident max
DEBUG:root:expecting ident
DEBUG:root:accepting ident == ident
DEBUG:root:getsym: eql =
DEBUG:root:expecting eql
DEBUG:root:accepting eql == eql
DEBUG:root:getsym: number 100
DEBUG:root:expecting number
DEBUG:root:accepting number == number
DEBUG:root:getsym: semicolon ;
DEBUG:root:accepting comma == semicolon
DEBUG:root:expecting semicolon
DEBUG:root:accepting semicolon == semicolon
DEBUG:root:getsym: varsym var
DEBUG:root:accepting varsym == varsym
DEBUG:root:getsym: ident arg
DEBUG:root:expecting ident
DEBUG:root:accepting ident == ident
DEBUG:root:getsym: comma ,
DEBUG:root:accepting comma == comma
DEBUG:root:getsym: ident ret
DEBUG:root:expecting ident
DEBUG:root:accepting ident == ident
DEBUG:root:getsym: semicolon ;
DEBUG:root:accepting comma == semicolon
DEBUG:root:expecting semicolon
DEBUG:root:accepting semicolon == semicolon
DEBUG:root:getsym: procsym procedure
DEBUG:root:accepting procsym == procsym
DEBUG:root:getsym: ident isprime
DEBUG:root:expecting ident
DEBUG:root:accepting ident == ident
DEBUG:root:getsym: semicolon ;
DEBUG:root:expecting semicolon
DEBUG:root:accepting semicolon == semicolon
DEBUG:root:getsym: varsym var
DEBUG:root:start <function block at 0x747b42eca8e0>
DEBUG:root:accepting constsym == varsym
DEBUG:root:accepting varsym == varsym
DEBUG:root:getsym: ident i
DEBUG:root:expecting ident
DEBUG:root:accepting ident == ident
DEBUG:root:getsym: semicolon ;
DEBUG:root:accepting comma == semicolon
DEBUG:root:expecting semicolon
DEBUG:root:accepting semicolon == semicolon
DEBUG:root:getsym: beginsym begin
DEBUG:root:accepting procsym == beginsym
DEBUG:root:start <function statement at 0x747b42eca7a0>
DEBUG:root:accepting ident == beginsym
DEBUG:root:accepting callsym == beginsym
DEBUG:root:accepting beginsym == beginsym
DEBUG:root:getsym: ident ret
DEBUG:root:StatList : new 128072752427568
DEBUG:root:start <function statement at 0x747b42eca7a0>
DEBUG:root:accepting ident == ident
DEBUG:root:getsym: becomes :=
DEBUG:root:Looking up ret
DEBUG:root:Looking up in parent
DEBUG:root:Looking up ret
DEBUG:root:expecting becomes
DEBUG:root:accepting becomes == becomes
DEBUG:root:getsym: number 1
DEBUG:root:start <function expression at 0x747b42eca520>
DEBUG:root:start <function term at 0x747b42eca3e0>
DEBUG:root:start <function factor at 0x747b42eca2a0>
DEBUG:root:accepting ident == number
DEBUG:root:accepting number == number
DEBUG:root:getsym: semicolon ;
DEBUG:root:end <function factor at 0x747b42eca2a0>
DEBUG:root:end <function term at 0x747b42eca3e0>
DEBUG:root:end <function expression at 0x747b42eca520>
DEBUG:root:end <function statement at 0x747b42eca7a0>
DEBUG:root:StatList: appending 128072752428000 of type <class 'ir2.AssignStat'> to 128072752427568
DEBUG:root:accepting semicolon == semicolon
DEBUG:root:getsym: ident i
DEBUG:root:start <function statement at 0x747b42eca7a0>
DEBUG:root:accepting ident == ident
DEBUG:root:getsym: becomes :=
DEBUG:root:Looking up i
DEBUG:root:expecting becomes
DEBUG:root:accepting becomes == becomes
DEBUG:root:getsym: number 2
DEBUG:root:start <function expression at 0x747b42eca520>
DEBUG:root:start <function term at 0x747b42eca3e0>
DEBUG:root:start <function factor at 0x747b42eca2a0>
DEBUG:root:accepting ident == number
DEBUG:root:accepting number == number
DEBUG:root:getsym: semicolon ;
DEBUG:root:end <function factor at 0x747b42eca2a0>
DEBUG:root:end <function term at 0x747b42eca3e0>
DEBUG:root:end <function expression at 0x747b42eca520>
DEBUG:root:end <function statement at 0x747b42eca7a0>
DEBUG:root:StatList: appending 128072752428192 of type <class 'ir2.AssignStat'> to 128072752427568
DEBUG:root:accepting semicolon == semicolon
DEBUG:root:getsym: whilesym while
DEBUG:root:start <function statement at 0x747b42eca7a0>
DEBUG:root:accepting ident == whilesym
DEBUG:root:accepting callsym == whilesym
DEBUG:root:accepting beginsym == whilesym
DEBUG:root:accepting ifsym == whilesym
DEBUG:root:accepting whilesym == whilesym
DEBUG:root:getsym: ident i
DEBUG:root:start <function condition at 0x747b42eca660>
DEBUG:root:accepting oddsym == ident
DEBUG:root:start <function expression at 0x747b42eca520>
DEBUG:root:start <function term at 0x747b42eca3e0>
DEBUG:root:start <function factor at 0x747b42eca2a0>
DEBUG:root:accepting ident == ident
DEBUG:root:getsym: lss <
DEBUG:root:Looking up i
DEBUG:root:end <function factor at 0x747b42eca2a0>
DEBUG:root:end <function term at 0x747b42eca3e0>
DEBUG:root:end <function expression at 0x747b42eca520>
DEBUG:root:getsym: ident arg
DEBUG:root:condition operator lss ident
DEBUG:root:start <function expression at 0x747b42eca520>
DEBUG:root:start <function term at 0x747b42eca3e0>
DEBUG:root:start <function factor at 0x747b42eca2a0>
DEBUG:root:accepting ident == ident
DEBUG:root:getsym: dosym do
DEBUG:root:Looking up arg
DEBUG:root:Looking up in parent
DEBUG:root:Looking up arg
DEBUG:root:end <function factor at 0x747b42eca2a0>
DEBUG:root:end <function term at 0x747b42eca3e0>
DEBUG:root:end <function expression at 0x747b42eca520>
DEBUG:root:end <function condition at 0x747b42eca660>
DEBUG:root:expecting dosym
DEBUG:root:accepting dosym == dosym
DEBUG:root:getsym: beginsym begin
DEBUG:root:start <function statement at 0x747b42eca7a0>
DEBUG:root:accepting ident == beginsym
DEBUG:root:accepting callsym == beginsym
DEBUG:root:accepting beginsym == beginsym
DEBUG:root:getsym: ifsym if
DEBUG:root:StatList : new 128072752428288
DEBUG:root:start <function statement at 0x747b42eca7a0>
DEBUG:root:accepting ident == ifsym
DEBUG:root:accepting callsym == ifsym
DEBUG:root:accepting beginsym == ifsym
DEBUG:root:accepting ifsym == ifsym
DEBUG:root:getsym: ident arg
DEBUG:root:start <function condition at 0x747b42eca660>
DEBUG:root:accepting oddsym == ident
DEBUG:root:start <function expression at 0x747b42eca520>
DEBUG:root:start <function term at 0x747b42eca3e0>
DEBUG:root:start <function factor at 0x747b42eca2a0>
DEBUG:root:accepting ident == ident
DEBUG:root:getsym: slash /
DEBUG:root:Looking up arg
DEBUG:root:Looking up in parent
DEBUG:root:Looking up arg
DEBUG:root:end <function factor at 0x747b42eca2a0>
DEBUG:root:getsym: ident i
DEBUG:root:start <function factor at 0x747b42eca2a0>
DEBUG:root:accepting ident == ident
DEBUG:root:getsym: times *
DEBUG:root:Looking up i
DEBUG:root:end <function factor at 0x747b42eca2a0>
DEBUG:root:getsym: ident i
DEBUG:root:start <function factor at 0x747b42eca2a0>
DEBUG:root:accepting ident == ident
DEBUG:root:getsym: eql =
DEBUG:root:Looking up i
DEBUG:root:end <function factor at 0x747b42eca2a0>
DEBUG:root:end <function term at 0x747b42eca3e0>
DEBUG:root:end <function expression at 0x747b42eca520>
DEBUG:root:getsym: ident arg
DEBUG:root:condition operator eql ident
DEBUG:root:start <function expression at 0x747b42eca520>
DEBUG:root:start <function term at 0x747b42eca3e0>
DEBUG:root:start <function factor at 0x747b42eca2a0>
DEBUG:root:accepting ident == ident
DEBUG:root:getsym: thensym then
DEBUG:root:Looking up arg
DEBUG:root:Looking up in parent
DEBUG:root:Looking up arg
DEBUG:root:end <function factor at 0x747b42eca2a0>
DEBUG:root:end <function term at 0x747b42eca3e0>
DEBUG:root:end <function expression at 0x747b42eca520>
DEBUG:root:end <function condition at 0x747b42eca660>
DEBUG:root:expecting thensym
DEBUG:root:accepting thensym == thensym
DEBUG:root:getsym: beginsym begin
DEBUG:root:start <function statement at 0x747b42eca7a0>
DEBUG:root:accepting ident == beginsym
DEBUG:root:accepting callsym == beginsym
DEBUG:root:accepting beginsym == beginsym
DEBUG:root:getsym: ident ret
DEBUG:root:StatList : new 128072752428864
DEBUG:root:start <function statement at 0x747b42eca7a0>
DEBUG:root:accepting ident == ident
DEBUG:root:getsym: becomes :=
DEBUG:root:Looking up ret
DEBUG:root:Looking up in parent
DEBUG:root:Looking up ret
DEBUG:root:expecting becomes
DEBUG:root:accepting becomes == becomes
DEBUG:root:getsym: number 0
DEBUG:root:start <function expression at 0x747b42eca520>
DEBUG:root:start <function term at 0x747b42eca3e0>
DEBUG:root:start <function factor at 0x747b42eca2a0>
DEBUG:root:accepting ident == number
DEBUG:root:accepting number == number
DEBUG:root:getsym: semicolon ;
DEBUG:root:end <function factor at 0x747b42eca2a0>
DEBUG:root:end <function term at 0x747b42eca3e0>
DEBUG:root:end <function expression at 0x747b42eca520>
DEBUG:root:end <function statement at 0x747b42eca7a0>
DEBUG:root:StatList: appending 128072752429152 of type <class 'ir2.AssignStat'> to 128072752428864
DEBUG:root:accepting semicolon == semicolon
DEBUG:root:getsym: ident i
DEBUG:root:start <function statement at 0x747b42eca7a0>
DEBUG:root:accepting ident == ident
DEBUG:root:getsym: becomes :=
DEBUG:root:Looking up i
DEBUG:root:expecting becomes
DEBUG:root:accepting becomes == becomes
DEBUG:root:getsym: ident arg
DEBUG:root:start <function expression at 0x747b42eca520>
DEBUG:root:start <function term at 0x747b42eca3e0>
DEBUG:root:start <function factor at 0x747b42eca2a0>
DEBUG:root:accepting ident == ident
DEBUG:root:getsym: semicolon ;
DEBUG:root:Looking up arg
DEBUG:root:Looking up in parent
DEBUG:root:Looking up arg
DEBUG:root:end <function factor at 0x747b42eca2a0>
DEBUG:root:end <function term at 0x747b42eca3e0>
DEBUG:root:end <function expression at 0x747b42eca520>
DEBUG:root:end <function statement at 0x747b42eca7a0>
DEBUG:root:StatList: appending 128072752429296 of type <class 'ir2.AssignStat'> to 128072752428864
DEBUG:root:accepting semicolon == semicolon
DEBUG:root:getsym: endsym end
DEBUG:root:start <function statement at 0x747b42eca7a0>
DEBUG:root:accepting ident == endsym
DEBUG:root:accepting callsym == endsym
DEBUG:root:accepting beginsym == endsym
DEBUG:root:accepting ifsym == endsym
DEBUG:root:accepting whilesym == endsym
DEBUG:root:accepting print == endsym
DEBUG:root:end <function statement at 0x747b42eca7a0>
DEBUG:root:
*********************************************
	Starting debug with standard test program
*********************************************

DEBUG:root:start <function program at 0x73137b3ae980>
DEBUG:root:getsym: constsym const
DEBUG:root:start <function block at 0x73137b3ae840>
DEBUG:root:accepting constsym == constsym
DEBUG:root:getsym: ident max
DEBUG:root:expecting ident
DEBUG:root:accepting ident == ident
DEBUG:root:getsym: eql =
DEBUG:root:expecting eql
DEBUG:root:accepting eql == eql
DEBUG:root:getsym: number 100
DEBUG:root:expecting number
DEBUG:root:accepting number == number
DEBUG:root:getsym: semicolon ;
DEBUG:root:accepting comma == semicolon
DEBUG:root:expecting semicolon
DEBUG:root:accepting semicolon == semicolon
DEBUG:root:getsym: varsym var
DEBUG:root:accepting varsym == varsym
DEBUG:root:getsym: ident arg
DEBUG:root:expecting ident
DEBUG:root:accepting ident == ident
DEBUG:root:getsym: comma ,
DEBUG:root:accepting comma == comma
DEBUG:root:getsym: ident ret
DEBUG:root:expecting ident
DEBUG:root:accepting ident == ident
DEBUG:root:getsym: semicolon ;
DEBUG:root:accepting comma == semicolon
DEBUG:root:expecting semicolon
DEBUG:root:accepting semicolon == semicolon
DEBUG:root:getsym: procsym procedure
DEBUG:root:accepting procsym == procsym
DEBUG:root:getsym: ident isprime
DEBUG:root:expecting ident
DEBUG:root:accepting ident == ident
DEBUG:root:getsym: semicolon ;
DEBUG:root:expecting semicolon
DEBUG:root:accepting semicolon == semicolon
DEBUG:root:getsym: varsym var
DEBUG:root:start <function block at 0x73137b3ae840>
DEBUG:root:accepting constsym == varsym
DEBUG:root:accepting varsym == varsym
DEBUG:root:getsym: ident i
DEBUG:root:expecting ident
DEBUG:root:accepting ident == ident
DEBUG:root:getsym: semicolon ;
DEBUG:root:accepting comma == semicolon
DEBUG:root:expecting semicolon
DEBUG:root:accepting semicolon == semicolon
DEBUG:root:getsym: beginsym begin
DEBUG:root:accepting procsym == beginsym
DEBUG:root:start <function statement at 0x73137b3ae700>
DEBUG:root:accepting ident == beginsym
DEBUG:root:accepting callsym == beginsym
DEBUG:root:accepting beginsym == beginsym
DEBUG:root:getsym: ident ret
DEBUG:root:StatList : new 126527511449376
DEBUG:root:start <function statement at 0x73137b3ae700>
DEBUG:root:accepting ident == ident
DEBUG:root:getsym: becomes :=
DEBUG:root:Looking up ret
DEBUG:root:Looking up in parent
DEBUG:root:Looking up ret
DEBUG:root:expecting becomes
DEBUG:root:accepting becomes == becomes
DEBUG:root:getsym: number 1
DEBUG:root:start <function expression at 0x73137b3ae480>
DEBUG:root:start <function term at 0x73137b3ae340>
DEBUG:root:start <function factor at 0x73137b3ae200>
DEBUG:root:accepting ident == number
DEBUG:root:accepting number == number
DEBUG:root:getsym: semicolon ;
DEBUG:root:end <function factor at 0x73137b3ae200>
DEBUG:root:end <function term at 0x73137b3ae340>
DEBUG:root:end <function expression at 0x73137b3ae480>
DEBUG:root:end <function statement at 0x73137b3ae700>
DEBUG:root:StatList: appending 126527508971104 of type <class 'ir2.AssignStat'> to 126527511449376
DEBUG:root:accepting semicolon == semicolon
DEBUG:root:getsym: ident i
DEBUG:root:start <function statement at 0x73137b3ae700>
DEBUG:root:accepting ident == ident
DEBUG:root:getsym: becomes :=
DEBUG:root:Looking up i
DEBUG:root:expecting becomes
DEBUG:root:accepting becomes == becomes
DEBUG:root:getsym: number 2
DEBUG:root:start <function expression at 0x73137b3ae480>
DEBUG:root:start <function term at 0x73137b3ae340>
DEBUG:root:start <function factor at 0x73137b3ae200>
DEBUG:root:accepting ident == number
DEBUG:root:accepting number == number
DEBUG:root:getsym: semicolon ;
DEBUG:root:end <function factor at 0x73137b3ae200>
DEBUG:root:end <function term at 0x73137b3ae340>
DEBUG:root:end <function expression at 0x73137b3ae480>
DEBUG:root:end <function statement at 0x73137b3ae700>
DEBUG:root:StatList: appending 126527508971344 of type <class 'ir2.AssignStat'> to 126527511449376
DEBUG:root:accepting semicolon == semicolon
DEBUG:root:getsym: whilesym while
DEBUG:root:start <function statement at 0x73137b3ae700>
DEBUG:root:accepting ident == whilesym
DEBUG:root:accepting callsym == whilesym
DEBUG:root:accepting beginsym == whilesym
DEBUG:root:accepting ifsym == whilesym
DEBUG:root:accepting whilesym == whilesym
DEBUG:root:getsym: ident i
DEBUG:root:start <function condition at 0x73137b3ae5c0>
DEBUG:root:accepting oddsym == ident
DEBUG:root:start <function expression at 0x73137b3ae480>
DEBUG:root:start <function term at 0x73137b3ae340>
DEBUG:root:start <function factor at 0x73137b3ae200>
DEBUG:root:accepting ident == ident
DEBUG:root:getsym: lss <
DEBUG:root:Looking up i
DEBUG:root:end <function factor at 0x73137b3ae200>
DEBUG:root:end <function term at 0x73137b3ae340>
DEBUG:root:end <function expression at 0x73137b3ae480>
DEBUG:root:getsym: ident arg
DEBUG:root:condition operator lss ident
DEBUG:root:start <function expression at 0x73137b3ae480>
DEBUG:root:start <function term at 0x73137b3ae340>
DEBUG:root:start <function factor at 0x73137b3ae200>
DEBUG:root:accepting ident == ident
DEBUG:root:getsym: dosym do
DEBUG:root:Looking up arg
DEBUG:root:Looking up in parent
DEBUG:root:Looking up arg
DEBUG:root:end <function factor at 0x73137b3ae200>
DEBUG:root:end <function term at 0x73137b3ae340>
DEBUG:root:end <function expression at 0x73137b3ae480>
DEBUG:root:end <function condition at 0x73137b3ae5c0>
DEBUG:root:expecting dosym
DEBUG:root:accepting dosym == dosym
DEBUG:root:getsym: beginsym begin
DEBUG:root:start <function statement at 0x73137b3ae700>
DEBUG:root:accepting ident == beginsym
DEBUG:root:accepting callsym == beginsym
DEBUG:root:accepting beginsym == beginsym
DEBUG:root:getsym: ifsym if
DEBUG:root:StatList : new 126527509064944
DEBUG:root:start <function statement at 0x73137b3ae700>
DEBUG:root:accepting ident == ifsym
DEBUG:root:accepting callsym == ifsym
DEBUG:root:accepting beginsym == ifsym
DEBUG:root:accepting ifsym == ifsym
DEBUG:root:getsym: ident arg
DEBUG:root:start <function condition at 0x73137b3ae5c0>
DEBUG:root:accepting oddsym == ident
DEBUG:root:start <function expression at 0x73137b3ae480>
DEBUG:root:start <function term at 0x73137b3ae340>
DEBUG:root:start <function factor at 0x73137b3ae200>
DEBUG:root:accepting ident == ident
DEBUG:root:getsym: slash /
DEBUG:root:Looking up arg
DEBUG:root:Looking up in parent
DEBUG:root:Looking up arg
DEBUG:root:end <function factor at 0x73137b3ae200>
DEBUG:root:getsym: ident i
DEBUG:root:start <function factor at 0x73137b3ae200>
DEBUG:root:accepting ident == ident
DEBUG:root:getsym: times *
DEBUG:root:Looking up i
DEBUG:root:end <function factor at 0x73137b3ae200>
DEBUG:root:getsym: ident i
DEBUG:root:start <function factor at 0x73137b3ae200>
DEBUG:root:accepting ident == ident
DEBUG:root:getsym: eql =
DEBUG:root:Looking up i
DEBUG:root:end <function factor at 0x73137b3ae200>
DEBUG:root:end <function term at 0x73137b3ae340>
DEBUG:root:end <function expression at 0x73137b3ae480>
DEBUG:root:getsym: ident arg
DEBUG:root:condition operator eql ident
DEBUG:root:start <function expression at 0x73137b3ae480>
DEBUG:root:start <function term at 0x73137b3ae340>
DEBUG:root:start <function factor at 0x73137b3ae200>
DEBUG:root:accepting ident == ident
DEBUG:root:getsym: thensym then
DEBUG:root:Looking up arg
DEBUG:root:Looking up in parent
DEBUG:root:Looking up arg
DEBUG:root:end <function factor at 0x73137b3ae200>
DEBUG:root:end <function term at 0x73137b3ae340>
DEBUG:root:end <function expression at 0x73137b3ae480>
DEBUG:root:end <function condition at 0x73137b3ae5c0>
DEBUG:root:expecting thensym
DEBUG:root:accepting thensym == thensym
DEBUG:root:getsym: beginsym begin
DEBUG:root:start <function statement at 0x73137b3ae700>
DEBUG:root:accepting ident == beginsym
DEBUG:root:accepting callsym == beginsym
DEBUG:root:accepting beginsym == beginsym
DEBUG:root:getsym: ident ret
DEBUG:root:StatList : new 126527509053568
DEBUG:root:start <function statement at 0x73137b3ae700>
DEBUG:root:accepting ident == ident
DEBUG:root:getsym: becomes :=
DEBUG:root:Looking up ret
DEBUG:root:Looking up in parent
DEBUG:root:Looking up ret
DEBUG:root:expecting becomes
DEBUG:root:accepting becomes == becomes
DEBUG:root:getsym: number 0
DEBUG:root:start <function expression at 0x73137b3ae480>
DEBUG:root:start <function term at 0x73137b3ae340>
DEBUG:root:start <function factor at 0x73137b3ae200>
DEBUG:root:accepting ident == number
DEBUG:root:accepting number == number
DEBUG:root:getsym: semicolon ;
DEBUG:root:end <function factor at 0x73137b3ae200>
DEBUG:root:end <function term at 0x73137b3ae340>
DEBUG:root:end <function expression at 0x73137b3ae480>
DEBUG:root:end <function statement at 0x73137b3ae700>
DEBUG:root:StatList: appending 126527509053856 of type <class 'ir2.AssignStat'> to 126527509053568
DEBUG:root:accepting semicolon == semicolon
DEBUG:root:getsym: ident i
DEBUG:root:start <function statement at 0x73137b3ae700>
DEBUG:root:accepting ident == ident
DEBUG:root:getsym: becomes :=
DEBUG:root:Looking up i
DEBUG:root:expecting becomes
DEBUG:root:accepting becomes == becomes
DEBUG:root:getsym: ident arg
DEBUG:root:start <function expression at 0x73137b3ae480>
DEBUG:root:start <function term at 0x73137b3ae340>
DEBUG:root:start <function factor at 0x73137b3ae200>
DEBUG:root:accepting ident == ident
DEBUG:root:getsym: semicolon ;
DEBUG:root:Looking up arg
DEBUG:root:Looking up in parent
DEBUG:root:Looking up arg
DEBUG:root:end <function factor at 0x73137b3ae200>
DEBUG:root:end <function term at 0x73137b3ae340>
DEBUG:root:end <function expression at 0x73137b3ae480>
DEBUG:root:end <function statement at 0x73137b3ae700>
DEBUG:root:StatList: appending 126527509054000 of type <class 'ir2.AssignStat'> to 126527509053568
DEBUG:root:accepting semicolon == semicolon
DEBUG:root:getsym: endsym end
DEBUG:root:start <function statement at 0x73137b3ae700>
DEBUG:root:accepting ident == endsym
DEBUG:root:accepting callsym == endsym
DEBUG:root:accepting beginsym == endsym
DEBUG:root:accepting ifsym == endsym
DEBUG:root:accepting whilesym == endsym
DEBUG:root:accepting print == endsym
DEBUG:root:end <function statement at 0x73137b3ae700>
DEBUG:root:
*********************************************
	Starting debug with standard test program
*********************************************

DEBUG:root:start <function program at 0x738286db6a20>
DEBUG:root:getsym: constsym const
DEBUG:root:start <function block at 0x738286db68e0>
DEBUG:root:accepting constsym == constsym
DEBUG:root:getsym: ident max
DEBUG:root:expecting ident
DEBUG:root:accepting ident == ident
DEBUG:root:getsym: eql =
DEBUG:root:expecting eql
DEBUG:root:accepting eql == eql
DEBUG:root:getsym: number 100
DEBUG:root:expecting number
DEBUG:root:accepting number == number
DEBUG:root:getsym: semicolon ;
DEBUG:root:accepting comma == semicolon
DEBUG:root:expecting semicolon
DEBUG:root:accepting semicolon == semicolon
DEBUG:root:getsym: varsym var
DEBUG:root:accepting varsym == varsym
DEBUG:root:getsym: ident arg
DEBUG:root:expecting ident
DEBUG:root:accepting ident == ident
DEBUG:root:getsym: comma ,
DEBUG:root:accepting comma == comma
DEBUG:root:getsym: ident ret
DEBUG:root:expecting ident
DEBUG:root:accepting ident == ident
DEBUG:root:getsym: semicolon ;
DEBUG:root:accepting comma == semicolon
DEBUG:root:expecting semicolon
DEBUG:root:accepting semicolon == semicolon
DEBUG:root:getsym: procsym procedure
DEBUG:root:accepting procsym == procsym
DEBUG:root:getsym: ident isprime
DEBUG:root:expecting ident
DEBUG:root:accepting ident == ident
DEBUG:root:getsym: semicolon ;
DEBUG:root:expecting semicolon
DEBUG:root:accepting semicolon == semicolon
DEBUG:root:getsym: varsym var
DEBUG:root:start <function block at 0x738286db68e0>
DEBUG:root:accepting constsym == varsym
DEBUG:root:accepting varsym == varsym
DEBUG:root:getsym: ident i
DEBUG:root:expecting ident
DEBUG:root:accepting ident == ident
DEBUG:root:getsym: semicolon ;
DEBUG:root:accepting comma == semicolon
DEBUG:root:expecting semicolon
DEBUG:root:accepting semicolon == semicolon
DEBUG:root:getsym: beginsym begin
DEBUG:root:accepting procsym == beginsym
DEBUG:root:start <function statement at 0x738286db67a0>
DEBUG:root:accepting ident == beginsym
DEBUG:root:accepting callsym == beginsym
DEBUG:root:accepting beginsym == beginsym
DEBUG:root:getsym: ident ret
DEBUG:root:StatList : new 127004447854368
DEBUG:root:start <function statement at 0x738286db67a0>
DEBUG:root:accepting ident == ident
DEBUG:root:getsym: becomes :=
DEBUG:root:Looking up ret
DEBUG:root:Looking up in parent
DEBUG:root:Looking up ret
DEBUG:root:expecting becomes
DEBUG:root:accepting becomes == becomes
DEBUG:root:getsym: number 1
DEBUG:root:start <function expression at 0x738286db6520>
DEBUG:root:start <function term at 0x738286db63e0>
DEBUG:root:start <function factor at 0x738286db62a0>
DEBUG:root:accepting ident == number
DEBUG:root:accepting number == number
DEBUG:root:getsym: semicolon ;
DEBUG:root:end <function factor at 0x738286db62a0>
DEBUG:root:end <function term at 0x738286db63e0>
DEBUG:root:end <function expression at 0x738286db6520>
DEBUG:root:end <function statement at 0x738286db67a0>
DEBUG:root:StatList: appending 127004445357648 of type <class 'ir2.AssignStat'> to 127004447854368
DEBUG:root:accepting semicolon == semicolon
DEBUG:root:getsym: ident i
DEBUG:root:start <function statement at 0x738286db67a0>
DEBUG:root:accepting ident == ident
DEBUG:root:getsym: becomes :=
DEBUG:root:Looking up i
DEBUG:root:expecting becomes
DEBUG:root:accepting becomes == becomes
DEBUG:root:getsym: number 2
DEBUG:root:start <function expression at 0x738286db6520>
DEBUG:root:start <function term at 0x738286db63e0>
DEBUG:root:start <function factor at 0x738286db62a0>
DEBUG:root:accepting ident == number
DEBUG:root:accepting number == number
DEBUG:root:getsym: semicolon ;
DEBUG:root:end <function factor at 0x738286db62a0>
DEBUG:root:end <function term at 0x738286db63e0>
DEBUG:root:end <function expression at 0x738286db6520>
DEBUG:root:end <function statement at 0x738286db67a0>
DEBUG:root:StatList: appending 127004445357744 of type <class 'ir2.AssignStat'> to 127004447854368
DEBUG:root:accepting semicolon == semicolon
DEBUG:root:getsym: whilesym while
DEBUG:root:start <function statement at 0x738286db67a0>
DEBUG:root:accepting ident == whilesym
DEBUG:root:accepting callsym == whilesym
DEBUG:root:accepting beginsym == whilesym
DEBUG:root:accepting ifsym == whilesym
DEBUG:root:accepting whilesym == whilesym
DEBUG:root:getsym: ident i
DEBUG:root:start <function condition at 0x738286db6660>
DEBUG:root:accepting oddsym == ident
DEBUG:root:start <function expression at 0x738286db6520>
DEBUG:root:start <function term at 0x738286db63e0>
DEBUG:root:start <function factor at 0x738286db62a0>
DEBUG:root:accepting ident == ident
DEBUG:root:getsym: lss <
DEBUG:root:Looking up i
DEBUG:root:end <function factor at 0x738286db62a0>
DEBUG:root:end <function term at 0x738286db63e0>
DEBUG:root:end <function expression at 0x738286db6520>
DEBUG:root:getsym: ident arg
DEBUG:root:condition operator lss ident
DEBUG:root:start <function expression at 0x738286db6520>
DEBUG:root:start <function term at 0x738286db63e0>
DEBUG:root:start <function factor at 0x738286db62a0>
DEBUG:root:accepting ident == ident
DEBUG:root:getsym: dosym do
DEBUG:root:Looking up arg
DEBUG:root:Looking up in parent
DEBUG:root:Looking up arg
DEBUG:root:end <function factor at 0x738286db62a0>
DEBUG:root:end <function term at 0x738286db63e0>
DEBUG:root:end <function expression at 0x738286db6520>
DEBUG:root:end <function condition at 0x738286db6660>
DEBUG:root:expecting dosym
DEBUG:root:accepting dosym == dosym
DEBUG:root:getsym: beginsym begin
DEBUG:root:start <function statement at 0x738286db67a0>
DEBUG:root:accepting ident == beginsym
DEBUG:root:accepting callsym == beginsym
DEBUG:root:accepting beginsym == beginsym
DEBUG:root:getsym: ifsym if
DEBUG:root:StatList : new 127004445357888
DEBUG:root:start <function statement at 0x738286db67a0>
DEBUG:root:accepting ident == ifsym
DEBUG:root:accepting callsym == ifsym
DEBUG:root:accepting beginsym == ifsym
DEBUG:root:accepting ifsym == ifsym
DEBUG:root:getsym: ident arg
DEBUG:root:start <function condition at 0x738286db6660>
DEBUG:root:accepting oddsym == ident
DEBUG:root:start <function expression at 0x738286db6520>
DEBUG:root:start <function term at 0x738286db63e0>
DEBUG:root:start <function factor at 0x738286db62a0>
DEBUG:root:accepting ident == ident
DEBUG:root:getsym: slash /
DEBUG:root:Looking up arg
DEBUG:root:Looking up in parent
DEBUG:root:Looking up arg
DEBUG:root:end <function factor at 0x738286db62a0>
DEBUG:root:getsym: ident i
DEBUG:root:start <function factor at 0x738286db62a0>
DEBUG:root:accepting ident == ident
DEBUG:root:getsym: times *
DEBUG:root:Looking up i
DEBUG:root:end <function factor at 0x738286db62a0>
DEBUG:root:getsym: ident i
DEBUG:root:start <function factor at 0x738286db62a0>
DEBUG:root:accepting ident == ident
DEBUG:root:getsym: eql =
DEBUG:root:Looking up i
DEBUG:root:end <function factor at 0x738286db62a0>
DEBUG:root:end <function term at 0x738286db63e0>
DEBUG:root:end <function expression at 0x738286db6520>
DEBUG:root:getsym: ident arg
DEBUG:root:condition operator eql ident
DEBUG:root:start <function expression at 0x738286db6520>
DEBUG:root:start <function term at 0x738286db63e0>
DEBUG:root:start <function factor at 0x738286db62a0>
DEBUG:root:accepting ident == ident
DEBUG:root:getsym: thensym then
DEBUG:root:Looking up arg
DEBUG:root:Looking up in parent
DEBUG:root:Looking up arg
DEBUG:root:end <function factor at 0x738286db62a0>
DEBUG:root:end <function term at 0x738286db63e0>
DEBUG:root:end <function expression at 0x738286db6520>
DEBUG:root:end <function condition at 0x738286db6660>
DEBUG:root:expecting thensym
DEBUG:root:accepting thensym == thensym
DEBUG:root:getsym: beginsym begin
DEBUG:root:start <function statement at 0x738286db67a0>
DEBUG:root:accepting ident == beginsym
DEBUG:root:accepting callsym == beginsym
DEBUG:root:accepting beginsym == beginsym
DEBUG:root:getsym: ident ret
DEBUG:root:StatList : new 127004445358512
DEBUG:root:start <function statement at 0x738286db67a0>
DEBUG:root:accepting ident == ident
DEBUG:root:getsym: becomes :=
DEBUG:root:Looking up ret
DEBUG:root:Looking up in parent
DEBUG:root:Looking up ret
DEBUG:root:expecting becomes
DEBUG:root:accepting becomes == becomes
DEBUG:root:getsym: number 0
DEBUG:root:start <function expression at 0x738286db6520>
DEBUG:root:start <function term at 0x738286db63e0>
DEBUG:root:start <function factor at 0x738286db62a0>
DEBUG:root:accepting ident == number
DEBUG:root:accepting number == number
DEBUG:root:getsym: semicolon ;
DEBUG:root:end <function factor at 0x738286db62a0>
DEBUG:root:end <function term at 0x738286db63e0>
DEBUG:root:end <function expression at 0x738286db6520>
DEBUG:root:end <function statement at 0x738286db67a0>
DEBUG:root:StatList: appending 127004445358800 of type <class 'ir2.AssignStat'> to 127004445358512
DEBUG:root:accepting semicolon == semicolon
DEBUG:root:getsym: ident i
DEBUG:root:start <function statement at 0x738286db67a0>
DEBUG:root:accepting ident == ident
DEBUG:root:getsym: becomes :=
DEBUG:root:Looking up i
DEBUG:root:expecting becomes
DEBUG:root:accepting becomes == becomes
DEBUG:root:getsym: ident arg
DEBUG:root:start <function expression at 0x738286db6520>
DEBUG:root:start <function term at 0x738286db63e0>
DEBUG:root:start <function factor at 0x738286db62a0>
DEBUG:root:accepting ident == ident
DEBUG:root:getsym: semicolon ;
DEBUG:root:Looking up arg
DEBUG:root:Looking up in parent
DEBUG:root:Looking up arg
DEBUG:root:end <function factor at 0x738286db62a0>
DEBUG:root:end <function term at 0x738286db63e0>
DEBUG:root:end <function expression at 0x738286db6520>
DEBUG:root:end <function statement at 0x738286db67a0>
DEBUG:root:StatList: appending 127004445358896 of type <class 'ir2.AssignStat'> to 127004445358512
DEBUG:root:accepting semicolon == semicolon
DEBUG:root:getsym: endsym end
DEBUG:root:start <function statement at 0x738286db67a0>
DEBUG:root:accepting ident == endsym
DEBUG:root:accepting callsym == endsym
DEBUG:root:accepting beginsym == endsym
DEBUG:root:accepting ifsym == endsym
DEBUG:root:accepting whilesym == endsym
DEBUG:root:accepting print == endsym
DEBUG:root:end <function statement at 0x738286db67a0>
DEBUG:root:
*********************************************
	Starting debug with standard test program
*********************************************

DEBUG:root:start <function program at 0x7485589b6a20>
DEBUG:root:getsym: constsym const
DEBUG:root:start <function block at 0x7485589b68e0>
DEBUG:root:accepting constsym == constsym
DEBUG:root:getsym: ident max
DEBUG:root:expecting ident
DEBUG:root:accepting ident == ident
DEBUG:root:getsym: eql =
DEBUG:root:expecting eql
DEBUG:root:accepting eql == eql
DEBUG:root:getsym: number 100
DEBUG:root:expecting number
DEBUG:root:accepting number == number
DEBUG:root:getsym: semicolon ;
DEBUG:root:accepting comma == semicolon
DEBUG:root:expecting semicolon
DEBUG:root:accepting semicolon == semicolon
DEBUG:root:getsym: varsym var
DEBUG:root:accepting varsym == varsym
DEBUG:root:getsym: ident arg
DEBUG:root:expecting ident
DEBUG:root:accepting ident == ident
DEBUG:root:getsym: comma ,
DEBUG:root:accepting comma == comma
DEBUG:root:getsym: ident ret
DEBUG:root:expecting ident
DEBUG:root:accepting ident == ident
DEBUG:root:getsym: semicolon ;
DEBUG:root:accepting comma == semicolon
DEBUG:root:expecting semicolon
DEBUG:root:accepting semicolon == semicolon
DEBUG:root:getsym: procsym procedure
DEBUG:root:accepting procsym == procsym
DEBUG:root:getsym: ident isprime
DEBUG:root:expecting ident
DEBUG:root:accepting ident == ident
DEBUG:root:getsym: semicolon ;
DEBUG:root:expecting semicolon
DEBUG:root:accepting semicolon == semicolon
DEBUG:root:getsym: varsym var
DEBUG:root:start <function block at 0x7485589b68e0>
DEBUG:root:accepting constsym == varsym
DEBUG:root:accepting varsym == varsym
DEBUG:root:getsym: ident i
DEBUG:root:expecting ident
DEBUG:root:accepting ident == ident
DEBUG:root:getsym: semicolon ;
DEBUG:root:accepting comma == semicolon
DEBUG:root:expecting semicolon
DEBUG:root:accepting semicolon == semicolon
DEBUG:root:getsym: beginsym begin
DEBUG:root:accepting procsym == beginsym
DEBUG:root:start <function statement at 0x7485589b67a0>
DEBUG:root:accepting ident == beginsym
DEBUG:root:accepting callsym == beginsym
DEBUG:root:accepting beginsym == beginsym
DEBUG:root:getsym: ident ret
DEBUG:root:StatList : new 128116068437792
DEBUG:root:start <function statement at 0x7485589b67a0>
DEBUG:root:accepting ident == ident
DEBUG:root:getsym: becomes :=
DEBUG:root:Looking up ret
DEBUG:root:Looking up in parent
DEBUG:root:Looking up ret
DEBUG:root:expecting becomes
DEBUG:root:accepting becomes == becomes
DEBUG:root:getsym: number 1
DEBUG:root:start <function expression at 0x7485589b6520>
DEBUG:root:start <function term at 0x7485589b63e0>
DEBUG:root:start <function factor at 0x7485589b62a0>
DEBUG:root:accepting ident == number
DEBUG:root:accepting number == number
DEBUG:root:getsym: semicolon ;
DEBUG:root:end <function factor at 0x7485589b62a0>
DEBUG:root:end <function term at 0x7485589b63e0>
DEBUG:root:end <function expression at 0x7485589b6520>
DEBUG:root:end <function statement at 0x7485589b67a0>
DEBUG:root:StatList: appending 128116065941072 of type <class 'ir2.AssignStat'> to 128116068437792
DEBUG:root:accepting semicolon == semicolon
DEBUG:root:getsym: ident i
DEBUG:root:start <function statement at 0x7485589b67a0>
DEBUG:root:accepting ident == ident
DEBUG:root:getsym: becomes :=
DEBUG:root:Looking up i
DEBUG:root:expecting becomes
DEBUG:root:accepting becomes == becomes
DEBUG:root:getsym: number 2
DEBUG:root:start <function expression at 0x7485589b6520>
DEBUG:root:start <function term at 0x7485589b63e0>
DEBUG:root:start <function factor at 0x7485589b62a0>
DEBUG:root:accepting ident == number
DEBUG:root:accepting number == number
DEBUG:root:getsym: semicolon ;
DEBUG:root:end <function factor at 0x7485589b62a0>
DEBUG:root:end <function term at 0x7485589b63e0>
DEBUG:root:end <function expression at 0x7485589b6520>
DEBUG:root:end <function statement at 0x7485589b67a0>
DEBUG:root:StatList: appending 128116065941168 of type <class 'ir2.AssignStat'> to 128116068437792
DEBUG:root:accepting semicolon == semicolon
DEBUG:root:getsym: whilesym while
DEBUG:root:start <function statement at 0x7485589b67a0>
DEBUG:root:accepting ident == whilesym
DEBUG:root:accepting callsym == whilesym
DEBUG:root:accepting beginsym == whilesym
DEBUG:root:accepting ifsym == whilesym
DEBUG:root:accepting whilesym == whilesym
DEBUG:root:getsym: ident i
DEBUG:root:start <function condition at 0x7485589b6660>
DEBUG:root:accepting oddsym == ident
DEBUG:root:start <function expression at 0x7485589b6520>
DEBUG:root:start <function term at 0x7485589b63e0>
DEBUG:root:start <function factor at 0x7485589b62a0>
DEBUG:root:accepting ident == ident
DEBUG:root:getsym: lss <
DEBUG:root:Looking up i
DEBUG:root:end <function factor at 0x7485589b62a0>
DEBUG:root:end <function term at 0x7485589b63e0>
DEBUG:root:end <function expression at 0x7485589b6520>
DEBUG:root:getsym: ident arg
DEBUG:root:condition operator lss ident
DEBUG:root:start <function expression at 0x7485589b6520>
DEBUG:root:start <function term at 0x7485589b63e0>
DEBUG:root:start <function factor at 0x7485589b62a0>
DEBUG:root:accepting ident == ident
DEBUG:root:getsym: dosym do
DEBUG:root:Looking up arg
DEBUG:root:Looking up in parent
DEBUG:root:Looking up arg
DEBUG:root:end <function factor at 0x7485589b62a0>
DEBUG:root:end <function term at 0x7485589b63e0>
DEBUG:root:end <function expression at 0x7485589b6520>
DEBUG:root:end <function condition at 0x7485589b6660>
DEBUG:root:expecting dosym
DEBUG:root:accepting dosym == dosym
DEBUG:root:getsym: beginsym begin
DEBUG:root:start <function statement at 0x7485589b67a0>
DEBUG:root:accepting ident == beginsym
DEBUG:root:accepting callsym == beginsym
DEBUG:root:accepting beginsym == beginsym
DEBUG:root:getsym: ifsym if
DEBUG:root:StatList : new 128116065941312
DEBUG:root:start <function statement at 0x7485589b67a0>
DEBUG:root:accepting ident == ifsym
DEBUG:root:accepting callsym == ifsym
DEBUG:root:accepting beginsym == ifsym
DEBUG:root:accepting ifsym == ifsym
DEBUG:root:getsym: ident arg
DEBUG:root:start <function condition at 0x7485589b6660>
DEBUG:root:accepting oddsym == ident
DEBUG:root:start <function expression at 0x7485589b6520>
DEBUG:root:start <function term at 0x7485589b63e0>
DEBUG:root:start <function factor at 0x7485589b62a0>
DEBUG:root:accepting ident == ident
DEBUG:root:getsym: slash /
DEBUG:root:Looking up arg
DEBUG:root:Looking up in parent
DEBUG:root:Looking up arg
DEBUG:root:end <function factor at 0x7485589b62a0>
DEBUG:root:getsym: ident i
DEBUG:root:start <function factor at 0x7485589b62a0>
DEBUG:root:accepting ident == ident
DEBUG:root:getsym: times *
DEBUG:root:Looking up i
DEBUG:root:end <function factor at 0x7485589b62a0>
DEBUG:root:getsym: ident i
DEBUG:root:start <function factor at 0x7485589b62a0>
DEBUG:root:accepting ident == ident
DEBUG:root:getsym: eql =
DEBUG:root:Looking up i
DEBUG:root:end <function factor at 0x7485589b62a0>
DEBUG:root:end <function term at 0x7485589b63e0>
DEBUG:root:end <function expression at 0x7485589b6520>
DEBUG:root:getsym: ident arg
DEBUG:root:condition operator eql ident
DEBUG:root:start <function expression at 0x7485589b6520>
DEBUG:root:start <function term at 0x7485589b63e0>
DEBUG:root:start <function factor at 0x7485589b62a0>
DEBUG:root:accepting ident == ident
DEBUG:root:getsym: thensym then
DEBUG:root:Looking up arg
DEBUG:root:Looking up in parent
DEBUG:root:Looking up arg
DEBUG:root:end <function factor at 0x7485589b62a0>
DEBUG:root:end <function term at 0x7485589b63e0>
DEBUG:root:end <function expression at 0x7485589b6520>
DEBUG:root:end <function condition at 0x7485589b6660>
DEBUG:root:expecting thensym
DEBUG:root:accepting thensym == thensym
DEBUG:root:getsym: beginsym begin
DEBUG:root:start <function statement at 0x7485589b67a0>
DEBUG:root:accepting ident == beginsym
DEBUG:root:accepting callsym == beginsym
DEBUG:root:accepting beginsym == beginsym
DEBUG:root:getsym: ident ret
DEBUG:root:StatList : new 128116065941936
DEBUG:root:start <function statement at 0x7485589b67a0>
DEBUG:root:accepting ident == ident
DEBUG:root:getsym: becomes :=
DEBUG:root:Looking up ret
DEBUG:root:Looking up in parent
DEBUG:root:Looking up ret
DEBUG:root:expecting becomes
DEBUG:root:accepting becomes == becomes
DEBUG:root:getsym: number 0
DEBUG:root:start <function expression at 0x7485589b6520>
DEBUG:root:start <function term at 0x7485589b63e0>
DEBUG:root:start <function factor at 0x7485589b62a0>
DEBUG:root:accepting ident == number
DEBUG:root:accepting number == number
DEBUG:root:getsym: semicolon ;
DEBUG:root:end <function factor at 0x7485589b62a0>
DEBUG:root:end <function term at 0x7485589b63e0>
DEBUG:root:end <function expression at 0x7485589b6520>
DEBUG:root:end <function statement at 0x7485589b67a0>
DEBUG:root:StatList: appending 128116065942224 of type <class 'ir2.AssignStat'> to 128116065941936
DEBUG:root:accepting semicolon == semicolon
DEBUG:root:getsym: ident i
DEBUG:root:start <function statement at 0x7485589b67a0>
DEBUG:root:accepting ident == ident
DEBUG:root:getsym: becomes :=
DEBUG:root:Looking up i
DEBUG:root:expecting becomes
DEBUG:root:accepting becomes == becomes
DEBUG:root:getsym: ident arg
DEBUG:root:start <function expression at 0x7485589b6520>
DEBUG:root:start <function term at 0x7485589b63e0>
DEBUG:root:start <function factor at 0x7485589b62a0>
DEBUG:root:accepting ident == ident
DEBUG:root:getsym: semicolon ;
DEBUG:root:Looking up arg
DEBUG:root:Looking up in parent
DEBUG:root:Looking up arg
DEBUG:root:end <function factor at 0x7485589b62a0>
DEBUG:root:end <function term at 0x7485589b63e0>
DEBUG:root:end <function expression at 0x7485589b6520>
DEBUG:root:end <function statement at 0x7485589b67a0>
DEBUG:root:StatList: appending 128116065942320 of type <class 'ir2.AssignStat'> to 128116065941936
DEBUG:root:accepting semicolon == semicolon
DEBUG:root:getsym: endsym end
DEBUG:root:start <function statement at 0x7485589b67a0>
DEBUG:root:accepting ident == endsym
DEBUG:root:accepting callsym == endsym
DEBUG:root:accepting beginsym == endsym
DEBUG:root:accepting ifsym == endsym
DEBUG:root:accepting whilesym == endsym
DEBUG:root:accepting print == endsym
DEBUG:root:end <function statement at 0x7485589b67a0>
DEBUG:root:
*********************************************
	Starting debug with standard test program
*********************************************

DEBUG:root:start <function program at 0x7147b32a6200>
DEBUG:root:getsym: constsym const
DEBUG:root:start <function block at 0x7147b32a60c0>
DEBUG:root:accepting constsym == constsym
DEBUG:root:getsym: ident max
DEBUG:root:expecting ident
DEBUG:root:accepting ident == ident
DEBUG:root:getsym: eql =
DEBUG:root:expecting eql
DEBUG:root:accepting eql == eql
DEBUG:root:getsym: number 100
DEBUG:root:expecting number
DEBUG:root:accepting number == number
DEBUG:root:getsym: semicolon ;
DEBUG:root:accepting comma == semicolon
DEBUG:root:expecting semicolon
DEBUG:root:accepting semicolon == semicolon
DEBUG:root:getsym: varsym var
DEBUG:root:accepting varsym == varsym
DEBUG:root:getsym: ident arg
DEBUG:root:expecting ident
DEBUG:root:accepting ident == ident
DEBUG:root:getsym: comma ,
DEBUG:root:accepting comma == comma
DEBUG:root:getsym: ident ret
DEBUG:root:expecting ident
DEBUG:root:accepting ident == ident
DEBUG:root:getsym: semicolon ;
DEBUG:root:accepting comma == semicolon
DEBUG:root:expecting semicolon
DEBUG:root:accepting semicolon == semicolon
DEBUG:root:getsym: procsym procedure
DEBUG:root:accepting procsym == procsym
DEBUG:root:getsym: ident isprime
DEBUG:root:expecting ident
DEBUG:root:accepting ident == ident
DEBUG:root:getsym: semicolon ;
DEBUG:root:expecting semicolon
DEBUG:root:accepting semicolon == semicolon
DEBUG:root:getsym: varsym var
DEBUG:root:start <function block at 0x7147b32a60c0>
DEBUG:root:accepting constsym == varsym
DEBUG:root:accepting varsym == varsym
DEBUG:root:getsym: ident i
DEBUG:root:expecting ident
DEBUG:root:accepting ident == ident
DEBUG:root:getsym: semicolon ;
DEBUG:root:accepting comma == semicolon
DEBUG:root:expecting semicolon
DEBUG:root:accepting semicolon == semicolon
DEBUG:root:getsym: beginsym begin
DEBUG:root:accepting procsym == beginsym
DEBUG:root:start <function statement at 0x7147b32a5f80>
DEBUG:root:accepting ident == beginsym
DEBUG:root:accepting callsym == beginsym
DEBUG:root:accepting beginsym == beginsym
DEBUG:root:getsym: ident ret
DEBUG:root:StatList : new 124552762545008
DEBUG:root:start <function statement at 0x7147b32a5f80>
DEBUG:root:accepting ident == ident
DEBUG:root:getsym: becomes :=
DEBUG:root:Looking up ret
DEBUG:root:Looking up in parent
DEBUG:root:Looking up ret
DEBUG:root:expecting becomes
DEBUG:root:accepting becomes == becomes
DEBUG:root:getsym: number 1
DEBUG:root:start <function expression at 0x7147b32a5d00>
DEBUG:root:start <function term at 0x7147b32a5bc0>
DEBUG:root:start <function factor at 0x7147b32a5a80>
DEBUG:root:accepting ident == number
DEBUG:root:accepting number == number
DEBUG:root:getsym: semicolon ;
DEBUG:root:end <function factor at 0x7147b32a5a80>
DEBUG:root:end <function term at 0x7147b32a5bc0>
DEBUG:root:end <function expression at 0x7147b32a5d00>
DEBUG:root:end <function statement at 0x7147b32a5f80>
DEBUG:root:StatList: appending 124552762545440 of type <class 'ir2.AssignStat'> to 124552762545008
DEBUG:root:accepting semicolon == semicolon
DEBUG:root:getsym: ident i
DEBUG:root:start <function statement at 0x7147b32a5f80>
DEBUG:root:accepting ident == ident
DEBUG:root:getsym: becomes :=
DEBUG:root:Looking up i
DEBUG:root:expecting becomes
DEBUG:root:accepting becomes == becomes
DEBUG:root:getsym: number 2
DEBUG:root:start <function expression at 0x7147b32a5d00>
DEBUG:root:start <function term at 0x7147b32a5bc0>
DEBUG:root:start <function factor at 0x7147b32a5a80>
DEBUG:root:accepting ident == number
DEBUG:root:accepting number == number
DEBUG:root:getsym: semicolon ;
DEBUG:root:end <function factor at 0x7147b32a5a80>
DEBUG:root:end <function term at 0x7147b32a5bc0>
DEBUG:root:end <function expression at 0x7147b32a5d00>
DEBUG:root:end <function statement at 0x7147b32a5f80>
DEBUG:root:StatList: appending 124552762545536 of type <class 'ir2.AssignStat'> to 124552762545008
DEBUG:root:accepting semicolon == semicolon
DEBUG:root:getsym: whilesym while
DEBUG:root:start <function statement at 0x7147b32a5f80>
DEBUG:root:accepting ident == whilesym
DEBUG:root:accepting callsym == whilesym
DEBUG:root:accepting beginsym == whilesym
DEBUG:root:accepting ifsym == whilesym
DEBUG:root:accepting whilesym == whilesym
DEBUG:root:getsym: ident i
DEBUG:root:start <function condition at 0x7147b32a5e40>
DEBUG:root:accepting oddsym == ident
DEBUG:root:start <function expression at 0x7147b32a5d00>
DEBUG:root:start <function term at 0x7147b32a5bc0>
DEBUG:root:start <function factor at 0x7147b32a5a80>
DEBUG:root:accepting ident == ident
DEBUG:root:getsym: lss <
DEBUG:root:Looking up i
DEBUG:root:end <function factor at 0x7147b32a5a80>
DEBUG:root:end <function term at 0x7147b32a5bc0>
DEBUG:root:end <function expression at 0x7147b32a5d00>
DEBUG:root:getsym: ident arg
DEBUG:root:condition operator lss ident
DEBUG:root:start <function expression at 0x7147b32a5d00>
DEBUG:root:start <function term at 0x7147b32a5bc0>
DEBUG:root:start <function factor at 0x7147b32a5a80>
DEBUG:root:accepting ident == ident
DEBUG:root:getsym: dosym do
DEBUG:root:Looking up arg
DEBUG:root:Looking up in parent
DEBUG:root:Looking up arg
DEBUG:root:end <function factor at 0x7147b32a5a80>
DEBUG:root:end <function term at 0x7147b32a5bc0>
DEBUG:root:end <function expression at 0x7147b32a5d00>
DEBUG:root:end <function condition at 0x7147b32a5e40>
DEBUG:root:expecting dosym
DEBUG:root:accepting dosym == dosym
DEBUG:root:getsym: beginsym begin
DEBUG:root:start <function statement at 0x7147b32a5f80>
DEBUG:root:accepting ident == beginsym
DEBUG:root:accepting callsym == beginsym
DEBUG:root:accepting beginsym == beginsym
DEBUG:root:getsym: ifsym if
DEBUG:root:StatList : new 124552762545776
DEBUG:root:start <function statement at 0x7147b32a5f80>
DEBUG:root:accepting ident == ifsym
DEBUG:root:accepting callsym == ifsym
DEBUG:root:accepting beginsym == ifsym
DEBUG:root:accepting ifsym == ifsym
DEBUG:root:getsym: ident arg
DEBUG:root:start <function condition at 0x7147b32a5e40>
DEBUG:root:accepting oddsym == ident
DEBUG:root:start <function expression at 0x7147b32a5d00>
DEBUG:root:start <function term at 0x7147b32a5bc0>
DEBUG:root:start <function factor at 0x7147b32a5a80>
DEBUG:root:accepting ident == ident
DEBUG:root:getsym: slash /
DEBUG:root:Looking up arg
DEBUG:root:Looking up in parent
DEBUG:root:Looking up arg
DEBUG:root:end <function factor at 0x7147b32a5a80>
DEBUG:root:getsym: ident i
DEBUG:root:start <function factor at 0x7147b32a5a80>
DEBUG:root:accepting ident == ident
DEBUG:root:getsym: times *
DEBUG:root:Looking up i
DEBUG:root:end <function factor at 0x7147b32a5a80>
DEBUG:root:getsym: ident i
DEBUG:root:start <function factor at 0x7147b32a5a80>
DEBUG:root:accepting ident == ident
DEBUG:root:getsym: eql =
DEBUG:root:Looking up i
DEBUG:root:end <function factor at 0x7147b32a5a80>
DEBUG:root:end <function term at 0x7147b32a5bc0>
DEBUG:root:end <function expression at 0x7147b32a5d00>
DEBUG:root:getsym: ident arg
DEBUG:root:condition operator eql ident
DEBUG:root:start <function expression at 0x7147b32a5d00>
DEBUG:root:start <function term at 0x7147b32a5bc0>
DEBUG:root:start <function factor at 0x7147b32a5a80>
DEBUG:root:accepting ident == ident
DEBUG:root:getsym: thensym then
DEBUG:root:Looking up arg
DEBUG:root:Looking up in parent
DEBUG:root:Looking up arg
DEBUG:root:end <function factor at 0x7147b32a5a80>
DEBUG:root:end <function term at 0x7147b32a5bc0>
DEBUG:root:end <function expression at 0x7147b32a5d00>
DEBUG:root:end <function condition at 0x7147b32a5e40>
DEBUG:root:expecting thensym
DEBUG:root:accepting thensym == thensym
DEBUG:root:getsym: beginsym begin
DEBUG:root:start <function statement at 0x7147b32a5f80>
DEBUG:root:accepting ident == beginsym
DEBUG:root:accepting callsym == beginsym
DEBUG:root:accepting beginsym == beginsym
DEBUG:root:getsym: ident ret
DEBUG:root:StatList : new 124552762546304
DEBUG:root:start <function statement at 0x7147b32a5f80>
DEBUG:root:accepting ident == ident
DEBUG:root:getsym: becomes :=
DEBUG:root:Looking up ret
DEBUG:root:Looking up in parent
DEBUG:root:Looking up ret
DEBUG:root:expecting becomes
DEBUG:root:accepting becomes == becomes
DEBUG:root:getsym: number 0
DEBUG:root:start <function expression at 0x7147b32a5d00>
DEBUG:root:start <function term at 0x7147b32a5bc0>
DEBUG:root:start <function factor at 0x7147b32a5a80>
DEBUG:root:accepting ident == number
DEBUG:root:accepting number == number
DEBUG:root:getsym: semicolon ;
DEBUG:root:end <function factor at 0x7147b32a5a80>
DEBUG:root:end <function term at 0x7147b32a5bc0>
DEBUG:root:end <function expression at 0x7147b32a5d00>
DEBUG:root:end <function statement at 0x7147b32a5f80>
DEBUG:root:StatList: appending 124552762546592 of type <class 'ir2.AssignStat'> to 124552762546304
DEBUG:root:accepting semicolon == semicolon
DEBUG:root:getsym: ident i
DEBUG:root:start <function statement at 0x7147b32a5f80>
DEBUG:root:accepting ident == ident
DEBUG:root:getsym: becomes :=
DEBUG:root:Looking up i
DEBUG:root:expecting becomes
DEBUG:root:accepting becomes == becomes
DEBUG:root:getsym: ident arg
DEBUG:root:start <function expression at 0x7147b32a5d00>
DEBUG:root:start <function term at 0x7147b32a5bc0>
DEBUG:root:start <function factor at 0x7147b32a5a80>
DEBUG:root:accepting ident == ident
DEBUG:root:getsym: semicolon ;
DEBUG:root:Looking up arg
DEBUG:root:Looking up in parent
DEBUG:root:Looking up arg
DEBUG:root:end <function factor at 0x7147b32a5a80>
DEBUG:root:end <function term at 0x7147b32a5bc0>
DEBUG:root:end <function expression at 0x7147b32a5d00>
DEBUG:root:end <function statement at 0x7147b32a5f80>
DEBUG:root:StatList: appending 124552762546688 of type <class 'ir2.AssignStat'> to 124552762546304
DEBUG:root:accepting semicolon == semicolon
DEBUG:root:getsym: endsym end
DEBUG:root:start <function statement at 0x7147b32a5f80>
DEBUG:root:accepting ident == endsym
DEBUG:root:accepting callsym == endsym
DEBUG:root:accepting beginsym == endsym
DEBUG:root:accepting ifsym == endsym
DEBUG:root:accepting whilesym == endsym
DEBUG:root:accepting print == endsym
DEBUG:root:end <function statement at 0x7147b32a5f80>
DEBUG:root:
*********************************************
	Starting debug with standard test program
*********************************************

DEBUG:root:start <function program at 0x7d43758a2200>
DEBUG:root:getsym: constsym const
DEBUG:root:start <function block at 0x7d43758a20c0>
DEBUG:root:accepting constsym == constsym
DEBUG:root:getsym: ident max
DEBUG:root:expecting ident
DEBUG:root:accepting ident == ident
DEBUG:root:getsym: eql =
DEBUG:root:expecting eql
DEBUG:root:accepting eql == eql
DEBUG:root:getsym: number 100
DEBUG:root:expecting number
DEBUG:root:accepting number == number
DEBUG:root:getsym: semicolon ;
DEBUG:root:accepting comma == semicolon
DEBUG:root:expecting semicolon
DEBUG:root:accepting semicolon == semicolon
DEBUG:root:getsym: varsym var
DEBUG:root:accepting varsym == varsym
DEBUG:root:getsym: ident arg
DEBUG:root:expecting ident
DEBUG:root:accepting ident == ident
DEBUG:root:getsym: comma ,
DEBUG:root:accepting comma == comma
DEBUG:root:getsym: ident ret
DEBUG:root:expecting ident
DEBUG:root:accepting ident == ident
DEBUG:root:getsym: semicolon ;
DEBUG:root:accepting comma == semicolon
DEBUG:root:expecting semicolon
DEBUG:root:accepting semicolon == semicolon
DEBUG:root:getsym: procsym procedure
DEBUG:root:accepting procsym == procsym
DEBUG:root:getsym: ident isprime
DEBUG:root:expecting ident
DEBUG:root:accepting ident == ident
DEBUG:root:getsym: semicolon ;
DEBUG:root:expecting semicolon
DEBUG:root:accepting semicolon == semicolon
DEBUG:root:getsym: varsym var
DEBUG:root:start <function block at 0x7d43758a20c0>
DEBUG:root:accepting constsym == varsym
DEBUG:root:accepting varsym == varsym
DEBUG:root:getsym: ident i
DEBUG:root:expecting ident
DEBUG:root:accepting ident == ident
DEBUG:root:getsym: semicolon ;
DEBUG:root:accepting comma == semicolon
DEBUG:root:expecting semicolon
DEBUG:root:accepting semicolon == semicolon
DEBUG:root:getsym: beginsym begin
DEBUG:root:accepting procsym == beginsym
DEBUG:root:start <function statement at 0x7d43758a1f80>
DEBUG:root:accepting ident == beginsym
DEBUG:root:accepting callsym == beginsym
DEBUG:root:accepting beginsym == beginsym
DEBUG:root:getsym: ident ret
DEBUG:root:StatList : new 137728699813664
DEBUG:root:start <function statement at 0x7d43758a1f80>
DEBUG:root:accepting ident == ident
DEBUG:root:getsym: becomes :=
DEBUG:root:Looking up ret
DEBUG:root:Looking up in parent
DEBUG:root:Looking up ret
DEBUG:root:expecting becomes
DEBUG:root:accepting becomes == becomes
DEBUG:root:getsym: number 1
DEBUG:root:start <function expression at 0x7d43758a1d00>
DEBUG:root:start <function term at 0x7d43758a1bc0>
DEBUG:root:start <function factor at 0x7d43758a1a80>
DEBUG:root:accepting ident == number
DEBUG:root:accepting number == number
DEBUG:root:getsym: semicolon ;
DEBUG:root:end <function factor at 0x7d43758a1a80>
DEBUG:root:end <function term at 0x7d43758a1bc0>
DEBUG:root:end <function expression at 0x7d43758a1d00>
DEBUG:root:end <function statement at 0x7d43758a1f80>
DEBUG:root:StatList: appending 137728688281008 of type <class 'ir2.AssignStat'> to 137728699813664
DEBUG:root:accepting semicolon == semicolon
DEBUG:root:getsym: ident i
DEBUG:root:start <function statement at 0x7d43758a1f80>
DEBUG:root:accepting ident == ident
DEBUG:root:getsym: becomes :=
DEBUG:root:Looking up i
DEBUG:root:expecting becomes
DEBUG:root:accepting becomes == becomes
DEBUG:root:getsym: number 2
DEBUG:root:start <function expression at 0x7d43758a1d00>
DEBUG:root:start <function term at 0x7d43758a1bc0>
DEBUG:root:start <function factor at 0x7d43758a1a80>
DEBUG:root:accepting ident == number
DEBUG:root:accepting number == number
DEBUG:root:getsym: semicolon ;
DEBUG:root:end <function factor at 0x7d43758a1a80>
DEBUG:root:end <function term at 0x7d43758a1bc0>
DEBUG:root:end <function expression at 0x7d43758a1d00>
DEBUG:root:end <function statement at 0x7d43758a1f80>
DEBUG:root:StatList: appending 137728688281104 of type <class 'ir2.AssignStat'> to 137728699813664
DEBUG:root:accepting semicolon == semicolon
DEBUG:root:getsym: whilesym while
DEBUG:root:start <function statement at 0x7d43758a1f80>
DEBUG:root:accepting ident == whilesym
DEBUG:root:accepting callsym == whilesym
DEBUG:root:accepting beginsym == whilesym
DEBUG:root:accepting ifsym == whilesym
DEBUG:root:accepting whilesym == whilesym
DEBUG:root:getsym: ident i
DEBUG:root:start <function condition at 0x7d43758a1e40>
DEBUG:root:accepting oddsym == ident
DEBUG:root:start <function expression at 0x7d43758a1d00>
DEBUG:root:start <function term at 0x7d43758a1bc0>
DEBUG:root:start <function factor at 0x7d43758a1a80>
DEBUG:root:accepting ident == ident
DEBUG:root:getsym: lss <
DEBUG:root:Looking up i
DEBUG:root:end <function factor at 0x7d43758a1a80>
DEBUG:root:end <function term at 0x7d43758a1bc0>
DEBUG:root:end <function expression at 0x7d43758a1d00>
DEBUG:root:getsym: ident arg
DEBUG:root:condition operator lss ident
DEBUG:root:start <function expression at 0x7d43758a1d00>
DEBUG:root:start <function term at 0x7d43758a1bc0>
DEBUG:root:start <function factor at 0x7d43758a1a80>
DEBUG:root:accepting ident == ident
DEBUG:root:getsym: dosym do
DEBUG:root:Looking up arg
DEBUG:root:Looking up in parent
DEBUG:root:Looking up arg
DEBUG:root:end <function factor at 0x7d43758a1a80>
DEBUG:root:end <function term at 0x7d43758a1bc0>
DEBUG:root:end <function expression at 0x7d43758a1d00>
DEBUG:root:end <function condition at 0x7d43758a1e40>
DEBUG:root:expecting dosym
DEBUG:root:accepting dosym == dosym
DEBUG:root:getsym: beginsym begin
DEBUG:root:start <function statement at 0x7d43758a1f80>
DEBUG:root:accepting ident == beginsym
DEBUG:root:accepting callsym == beginsym
DEBUG:root:accepting beginsym == beginsym
DEBUG:root:getsym: ifsym if
DEBUG:root:StatList : new 137728688281344
DEBUG:root:start <function statement at 0x7d43758a1f80>
DEBUG:root:accepting ident == ifsym
DEBUG:root:accepting callsym == ifsym
DEBUG:root:accepting beginsym == ifsym
DEBUG:root:accepting ifsym == ifsym
DEBUG:root:getsym: ident arg
DEBUG:root:start <function condition at 0x7d43758a1e40>
DEBUG:root:accepting oddsym == ident
DEBUG:root:start <function expression at 0x7d43758a1d00>
DEBUG:root:start <function term at 0x7d43758a1bc0>
DEBUG:root:start <function factor at 0x7d43758a1a80>
DEBUG:root:accepting ident == ident
DEBUG:root:getsym: slash /
DEBUG:root:Looking up arg
DEBUG:root:Looking up in parent
DEBUG:root:Looking up arg
DEBUG:root:end <function factor at 0x7d43758a1a80>
DEBUG:root:getsym: ident i
DEBUG:root:start <function factor at 0x7d43758a1a80>
DEBUG:root:accepting ident == ident
DEBUG:root:getsym: times *
DEBUG:root:Looking up i
DEBUG:root:end <function factor at 0x7d43758a1a80>
DEBUG:root:getsym: ident i
DEBUG:root:start <function factor at 0x7d43758a1a80>
DEBUG:root:accepting ident == ident
DEBUG:root:getsym: eql =
DEBUG:root:Looking up i
DEBUG:root:end <function factor at 0x7d43758a1a80>
DEBUG:root:end <function term at 0x7d43758a1bc0>
DEBUG:root:end <function expression at 0x7d43758a1d00>
DEBUG:root:getsym: ident arg
DEBUG:root:condition operator eql ident
DEBUG:root:start <function expression at 0x7d43758a1d00>
DEBUG:root:start <function term at 0x7d43758a1bc0>
DEBUG:root:start <function factor at 0x7d43758a1a80>
DEBUG:root:accepting ident == ident
DEBUG:root:getsym: thensym then
DEBUG:root:Looking up arg
DEBUG:root:Looking up in parent
DEBUG:root:Looking up arg
DEBUG:root:end <function factor at 0x7d43758a1a80>
DEBUG:root:end <function term at 0x7d43758a1bc0>
DEBUG:root:end <function expression at 0x7d43758a1d00>
DEBUG:root:end <function condition at 0x7d43758a1e40>
DEBUG:root:expecting thensym
DEBUG:root:accepting thensym == thensym
DEBUG:root:getsym: beginsym begin
DEBUG:root:start <function statement at 0x7d43758a1f80>
DEBUG:root:accepting ident == beginsym
DEBUG:root:accepting callsym == beginsym
DEBUG:root:accepting beginsym == beginsym
DEBUG:root:getsym: ident ret
DEBUG:root:StatList : new 137728688281872
DEBUG:root:start <function statement at 0x7d43758a1f80>
DEBUG:root:accepting ident == ident
DEBUG:root:getsym: becomes :=
DEBUG:root:Looking up ret
DEBUG:root:Looking up in parent
DEBUG:root:Looking up ret
DEBUG:root:expecting becomes
DEBUG:root:accepting becomes == becomes
DEBUG:root:getsym: number 0
DEBUG:root:start <function expression at 0x7d43758a1d00>
DEBUG:root:start <function term at 0x7d43758a1bc0>
DEBUG:root:start <function factor at 0x7d43758a1a80>
DEBUG:root:accepting ident == number
DEBUG:root:accepting number == number
DEBUG:root:getsym: semicolon ;
DEBUG:root:end <function factor at 0x7d43758a1a80>
DEBUG:root:end <function term at 0x7d43758a1bc0>
DEBUG:root:end <function expression at 0x7d43758a1d00>
DEBUG:root:end <function statement at 0x7d43758a1f80>
DEBUG:root:StatList: appending 137728688282160 of type <class 'ir2.AssignStat'> to 137728688281872
DEBUG:root:accepting semicolon == semicolon
DEBUG:root:getsym: ident i
DEBUG:root:start <function statement at 0x7d43758a1f80>
DEBUG:root:accepting ident == ident
DEBUG:root:getsym: becomes :=
DEBUG:root:Looking up i
DEBUG:root:expecting becomes
DEBUG:root:accepting becomes == becomes
DEBUG:root:getsym: ident arg
DEBUG:root:start <function expression at 0x7d43758a1d00>
DEBUG:root:start <function term at 0x7d43758a1bc0>
DEBUG:root:start <function factor at 0x7d43758a1a80>
DEBUG:root:accepting ident == ident
DEBUG:root:getsym: semicolon ;
DEBUG:root:Looking up arg
DEBUG:root:Looking up in parent
DEBUG:root:Looking up arg
DEBUG:root:end <function factor at 0x7d43758a1a80>
DEBUG:root:end <function term at 0x7d43758a1bc0>
DEBUG:root:end <function expression at 0x7d43758a1d00>
DEBUG:root:end <function statement at 0x7d43758a1f80>
DEBUG:root:StatList: appending 137728688282256 of type <class 'ir2.AssignStat'> to 137728688281872
DEBUG:root:accepting semicolon == semicolon
DEBUG:root:getsym: endsym end
DEBUG:root:start <function statement at 0x7d43758a1f80>
DEBUG:root:accepting ident == endsym
DEBUG:root:accepting callsym == endsym
DEBUG:root:accepting beginsym == endsym
DEBUG:root:accepting ifsym == endsym
DEBUG:root:accepting whilesym == endsym
DEBUG:root:accepting print == endsym
DEBUG:root:end <function statement at 0x7d43758a1f80>
DEBUG:root:
*********************************************
	Starting debug with standard test program
*********************************************

DEBUG:root:start <function program at 0x771cff9a2200>
DEBUG:root:getsym: constsym const
DEBUG:root:start <function block at 0x771cff9a20c0>
DEBUG:root:accepting constsym == constsym
DEBUG:root:getsym: ident max
DEBUG:root:expecting ident
DEBUG:root:accepting ident == ident
DEBUG:root:getsym: eql =
DEBUG:root:expecting eql
DEBUG:root:accepting eql == eql
DEBUG:root:getsym: number 100
DEBUG:root:expecting number
DEBUG:root:accepting number == number
DEBUG:root:getsym: semicolon ;
DEBUG:root:accepting comma == semicolon
DEBUG:root:expecting semicolon
DEBUG:root:accepting semicolon == semicolon
DEBUG:root:getsym: varsym var
DEBUG:root:accepting varsym == varsym
DEBUG:root:getsym: ident arg
DEBUG:root:expecting ident
DEBUG:root:accepting ident == ident
DEBUG:root:getsym: comma ,
DEBUG:root:accepting comma == comma
DEBUG:root:getsym: ident ret
DEBUG:root:expecting ident
DEBUG:root:accepting ident == ident
DEBUG:root:getsym: semicolon ;
DEBUG:root:accepting comma == semicolon
DEBUG:root:expecting semicolon
DEBUG:root:accepting semicolon == semicolon
DEBUG:root:getsym: procsym procedure
DEBUG:root:accepting procsym == procsym
DEBUG:root:getsym: ident isprime
DEBUG:root:expecting ident
DEBUG:root:accepting ident == ident
DEBUG:root:getsym: semicolon ;
DEBUG:root:expecting semicolon
DEBUG:root:accepting semicolon == semicolon
DEBUG:root:getsym: varsym var
DEBUG:root:start <function block at 0x771cff9a20c0>
DEBUG:root:accepting constsym == varsym
DEBUG:root:accepting varsym == varsym
DEBUG:root:getsym: ident i
DEBUG:root:expecting ident
DEBUG:root:accepting ident == ident
DEBUG:root:getsym: semicolon ;
DEBUG:root:accepting comma == semicolon
DEBUG:root:expecting semicolon
DEBUG:root:accepting semicolon == semicolon
DEBUG:root:getsym: beginsym begin
DEBUG:root:accepting procsym == beginsym
DEBUG:root:start <function statement at 0x771cff9a1f80>
DEBUG:root:accepting ident == beginsym
DEBUG:root:accepting callsym == beginsym
DEBUG:root:accepting beginsym == beginsym
DEBUG:root:getsym: ident ret
DEBUG:root:StatList : new 130966433550112
DEBUG:root:start <function statement at 0x771cff9a1f80>
DEBUG:root:accepting ident == ident
DEBUG:root:getsym: becomes :=
DEBUG:root:Looking up ret
DEBUG:root:Looking up in parent
DEBUG:root:Looking up ret
DEBUG:root:expecting becomes
DEBUG:root:accepting becomes == becomes
DEBUG:root:getsym: number 1
DEBUG:root:start <function expression at 0x771cff9a1d00>
DEBUG:root:start <function term at 0x771cff9a1bc0>
DEBUG:root:start <function factor at 0x771cff9a1a80>
DEBUG:root:accepting ident == number
DEBUG:root:accepting number == number
DEBUG:root:getsym: semicolon ;
DEBUG:root:end <function factor at 0x771cff9a1a80>
DEBUG:root:end <function term at 0x771cff9a1bc0>
DEBUG:root:end <function expression at 0x771cff9a1d00>
DEBUG:root:end <function statement at 0x771cff9a1f80>
DEBUG:root:StatList: appending 130966431110336 of type <class 'ir2.AssignStat'> to 130966433550112
DEBUG:root:accepting semicolon == semicolon
DEBUG:root:getsym: ident i
DEBUG:root:start <function statement at 0x771cff9a1f80>
DEBUG:root:accepting ident == ident
DEBUG:root:getsym: becomes :=
DEBUG:root:Looking up i
DEBUG:root:expecting becomes
DEBUG:root:accepting becomes == becomes
DEBUG:root:getsym: number 2
DEBUG:root:start <function expression at 0x771cff9a1d00>
DEBUG:root:start <function term at 0x771cff9a1bc0>
DEBUG:root:start <function factor at 0x771cff9a1a80>
DEBUG:root:accepting ident == number
DEBUG:root:accepting number == number
DEBUG:root:getsym: semicolon ;
DEBUG:root:end <function factor at 0x771cff9a1a80>
DEBUG:root:end <function term at 0x771cff9a1bc0>
DEBUG:root:end <function expression at 0x771cff9a1d00>
DEBUG:root:end <function statement at 0x771cff9a1f80>
DEBUG:root:StatList: appending 130966431110432 of type <class 'ir2.AssignStat'> to 130966433550112
DEBUG:root:accepting semicolon == semicolon
DEBUG:root:getsym: whilesym while
DEBUG:root:start <function statement at 0x771cff9a1f80>
DEBUG:root:accepting ident == whilesym
DEBUG:root:accepting callsym == whilesym
DEBUG:root:accepting beginsym == whilesym
DEBUG:root:accepting ifsym == whilesym
DEBUG:root:accepting whilesym == whilesym
DEBUG:root:getsym: ident i
DEBUG:root:start <function condition at 0x771cff9a1e40>
DEBUG:root:accepting oddsym == ident
DEBUG:root:start <function expression at 0x771cff9a1d00>
DEBUG:root:start <function term at 0x771cff9a1bc0>
DEBUG:root:start <function factor at 0x771cff9a1a80>
DEBUG:root:accepting ident == ident
DEBUG:root:getsym: lss <
DEBUG:root:Looking up i
DEBUG:root:end <function factor at 0x771cff9a1a80>
DEBUG:root:end <function term at 0x771cff9a1bc0>
DEBUG:root:end <function expression at 0x771cff9a1d00>
DEBUG:root:getsym: ident arg
DEBUG:root:condition operator lss ident
DEBUG:root:start <function expression at 0x771cff9a1d00>
DEBUG:root:start <function term at 0x771cff9a1bc0>
DEBUG:root:start <function factor at 0x771cff9a1a80>
DEBUG:root:accepting ident == ident
DEBUG:root:getsym: dosym do
DEBUG:root:Looking up arg
DEBUG:root:Looking up in parent
DEBUG:root:Looking up arg
DEBUG:root:end <function factor at 0x771cff9a1a80>
DEBUG:root:end <function term at 0x771cff9a1bc0>
DEBUG:root:end <function expression at 0x771cff9a1d00>
DEBUG:root:end <function condition at 0x771cff9a1e40>
DEBUG:root:expecting dosym
DEBUG:root:accepting dosym == dosym
DEBUG:root:getsym: beginsym begin
DEBUG:root:start <function statement at 0x771cff9a1f80>
DEBUG:root:accepting ident == beginsym
DEBUG:root:accepting callsym == beginsym
DEBUG:root:accepting beginsym == beginsym
DEBUG:root:getsym: ifsym if
DEBUG:root:StatList : new 130966431110672
DEBUG:root:start <function statement at 0x771cff9a1f80>
DEBUG:root:accepting ident == ifsym
DEBUG:root:accepting callsym == ifsym
DEBUG:root:accepting beginsym == ifsym
DEBUG:root:accepting ifsym == ifsym
DEBUG:root:getsym: ident arg
DEBUG:root:start <function condition at 0x771cff9a1e40>
DEBUG:root:accepting oddsym == ident
DEBUG:root:start <function expression at 0x771cff9a1d00>
DEBUG:root:start <function term at 0x771cff9a1bc0>
DEBUG:root:start <function factor at 0x771cff9a1a80>
DEBUG:root:accepting ident == ident
DEBUG:root:getsym: slash /
DEBUG:root:Looking up arg
DEBUG:root:Looking up in parent
DEBUG:root:Looking up arg
DEBUG:root:end <function factor at 0x771cff9a1a80>
DEBUG:root:getsym: ident i
DEBUG:root:start <function factor at 0x771cff9a1a80>
DEBUG:root:accepting ident == ident
DEBUG:root:getsym: times *
DEBUG:root:Looking up i
DEBUG:root:end <function factor at 0x771cff9a1a80>
DEBUG:root:getsym: ident i
DEBUG:root:start <function factor at 0x771cff9a1a80>
DEBUG:root:accepting ident == ident
DEBUG:root:getsym: eql =
DEBUG:root:Looking up i
DEBUG:root:end <function factor at 0x771cff9a1a80>
DEBUG:root:end <function term at 0x771cff9a1bc0>
DEBUG:root:end <function expression at 0x771cff9a1d00>
DEBUG:root:getsym: ident arg
DEBUG:root:condition operator eql ident
DEBUG:root:start <function expression at 0x771cff9a1d00>
DEBUG:root:start <function term at 0x771cff9a1bc0>
DEBUG:root:start <function factor at 0x771cff9a1a80>
DEBUG:root:accepting ident == ident
DEBUG:root:getsym: thensym then
DEBUG:root:Looking up arg
DEBUG:root:Looking up in parent
DEBUG:root:Looking up arg
DEBUG:root:end <function factor at 0x771cff9a1a80>
DEBUG:root:end <function term at 0x771cff9a1bc0>
DEBUG:root:end <function expression at 0x771cff9a1d00>
DEBUG:root:end <function condition at 0x771cff9a1e40>
DEBUG:root:expecting thensym
DEBUG:root:accepting thensym == thensym
DEBUG:root:getsym: beginsym begin
DEBUG:root:start <function statement at 0x771cff9a1f80>
DEBUG:root:accepting ident == beginsym
DEBUG:root:accepting callsym == beginsym
DEBUG:root:accepting beginsym == beginsym
DEBUG:root:getsym: ident ret
DEBUG:root:StatList : new 130966431111200
DEBUG:root:start <function statement at 0x771cff9a1f80>
DEBUG:root:accepting ident == ident
DEBUG:root:getsym: becomes :=
DEBUG:root:Looking up ret
DEBUG:root:Looking up in parent
DEBUG:root:Looking up ret
DEBUG:root:expecting becomes
DEBUG:root:accepting becomes == becomes
DEBUG:root:getsym: number 0
DEBUG:root:start <function expression at 0x771cff9a1d00>
DEBUG:root:start <function term at 0x771cff9a1bc0>
DEBUG:root:start <function factor at 0x771cff9a1a80>
DEBUG:root:accepting ident == number
DEBUG:root:accepting number == number
DEBUG:root:getsym: semicolon ;
DEBUG:root:end <function factor at 0x771cff9a1a80>
DEBUG:root:end <function term at 0x771cff9a1bc0>
DEBUG:root:end <function expression at 0x771cff9a1d00>
DEBUG:root:end <function statement at 0x771cff9a1f80>
DEBUG:root:StatList: appending 130966431111488 of type <class 'ir2.AssignStat'> to 130966431111200
DEBUG:root:accepting semicolon == semicolon
DEBUG:root:getsym: ident i
DEBUG:root:start <function statement at 0x771cff9a1f80>
DEBUG:root:accepting ident == ident
DEBUG:root:getsym: becomes :=
DEBUG:root:Looking up i
DEBUG:root:expecting becomes
DEBUG:root:accepting becomes == becomes
DEBUG:root:getsym: ident arg
DEBUG:root:start <function expression at 0x771cff9a1d00>
DEBUG:root:start <function term at 0x771cff9a1bc0>
DEBUG:root:start <function factor at 0x771cff9a1a80>
DEBUG:root:accepting ident == ident
DEBUG:root:getsym: semicolon ;
DEBUG:root:Looking up arg
DEBUG:root:Looking up in parent
DEBUG:root:Looking up arg
DEBUG:root:end <function factor at 0x771cff9a1a80>
DEBUG:root:end <function term at 0x771cff9a1bc0>
DEBUG:root:end <function expression at 0x771cff9a1d00>
DEBUG:root:end <function statement at 0x771cff9a1f80>
DEBUG:root:StatList: appending 130966431111584 of type <class 'ir2.AssignStat'> to 130966431111200
DEBUG:root:accepting semicolon == semicolon
DEBUG:root:getsym: endsym end
DEBUG:root:start <function statement at 0x771cff9a1f80>
DEBUG:root:accepting ident == endsym
DEBUG:root:accepting callsym == endsym
DEBUG:root:accepting beginsym == endsym
DEBUG:root:accepting ifsym == endsym
DEBUG:root:accepting whilesym == endsym
DEBUG:root:accepting print == endsym
DEBUG:root:end <function statement at 0x771cff9a1f80>
DEBUG:root:
*********************************************
	Starting debug with standard test program
*********************************************

DEBUG:root:start <function program at 0x72dda79a2a20>
DEBUG:root:getsym: constsym const
DEBUG:root:start <function block at 0x72dda79a28e0>
DEBUG:root:accepting constsym == constsym
DEBUG:root:getsym: ident max
DEBUG:root:expecting ident
DEBUG:root:accepting ident == ident
DEBUG:root:getsym: eql =
DEBUG:root:expecting eql
DEBUG:root:accepting eql == eql
DEBUG:root:getsym: number 100
DEBUG:root:expecting number
DEBUG:root:accepting number == number
DEBUG:root:getsym: semicolon ;
DEBUG:root:accepting comma == semicolon
DEBUG:root:expecting semicolon
DEBUG:root:accepting semicolon == semicolon
DEBUG:root:getsym: varsym var
DEBUG:root:accepting varsym == varsym
DEBUG:root:getsym: ident arg
DEBUG:root:expecting ident
DEBUG:root:accepting ident == ident
DEBUG:root:getsym: comma ,
DEBUG:root:accepting comma == comma
DEBUG:root:getsym: ident ret
DEBUG:root:expecting ident
DEBUG:root:accepting ident == ident
DEBUG:root:getsym: semicolon ;
DEBUG:root:accepting comma == semicolon
DEBUG:root:expecting semicolon
DEBUG:root:accepting semicolon == semicolon
DEBUG:root:getsym: procsym procedure
DEBUG:root:accepting procsym == procsym
DEBUG:root:getsym: ident isprime
DEBUG:root:expecting ident
DEBUG:root:accepting ident == ident
DEBUG:root:getsym: semicolon ;
DEBUG:root:expecting semicolon
DEBUG:root:accepting semicolon == semicolon
DEBUG:root:getsym: varsym var
DEBUG:root:start <function block at 0x72dda79a28e0>
DEBUG:root:accepting constsym == varsym
DEBUG:root:accepting varsym == varsym
DEBUG:root:getsym: ident i
DEBUG:root:expecting ident
DEBUG:root:accepting ident == ident
DEBUG:root:getsym: semicolon ;
DEBUG:root:accepting comma == semicolon
DEBUG:root:expecting semicolon
DEBUG:root:accepting semicolon == semicolon
DEBUG:root:getsym: beginsym begin
DEBUG:root:accepting procsym == beginsym
DEBUG:root:start <function statement at 0x72dda79a27a0>
DEBUG:root:accepting ident == beginsym
DEBUG:root:accepting callsym == beginsym
DEBUG:root:accepting beginsym == beginsym
DEBUG:root:getsym: ident ret
DEBUG:root:StatList : new 126296326425440
DEBUG:root:start <function statement at 0x72dda79a27a0>
DEBUG:root:accepting ident == ident
DEBUG:root:getsym: becomes :=
DEBUG:root:Looking up ret
DEBUG:root:Looking up in parent
DEBUG:root:Looking up ret
DEBUG:root:expecting becomes
DEBUG:root:accepting becomes == becomes
DEBUG:root:getsym: number 1
DEBUG:root:start <function expression at 0x72dda79a2520>
DEBUG:root:start <function term at 0x72dda79a23e0>
DEBUG:root:start <function factor at 0x72dda79a22a0>
DEBUG:root:accepting ident == number
DEBUG:root:accepting number == number
DEBUG:root:getsym: semicolon ;
DEBUG:root:end <function factor at 0x72dda79a22a0>
DEBUG:root:end <function term at 0x72dda79a23e0>
DEBUG:root:end <function expression at 0x72dda79a2520>
DEBUG:root:end <function statement at 0x72dda79a27a0>
DEBUG:root:StatList: appending 126296325344048 of type <class 'ir2.AssignStat'> to 126296326425440
DEBUG:root:accepting semicolon == semicolon
DEBUG:root:getsym: ident i
DEBUG:root:start <function statement at 0x72dda79a27a0>
DEBUG:root:accepting ident == ident
DEBUG:root:getsym: becomes :=
DEBUG:root:Looking up i
DEBUG:root:expecting becomes
DEBUG:root:accepting becomes == becomes
DEBUG:root:getsym: number 2
DEBUG:root:start <function expression at 0x72dda79a2520>
DEBUG:root:start <function term at 0x72dda79a23e0>
DEBUG:root:start <function factor at 0x72dda79a22a0>
DEBUG:root:accepting ident == number
DEBUG:root:accepting number == number
DEBUG:root:getsym: semicolon ;
DEBUG:root:end <function factor at 0x72dda79a22a0>
DEBUG:root:end <function term at 0x72dda79a23e0>
DEBUG:root:end <function expression at 0x72dda79a2520>
DEBUG:root:end <function statement at 0x72dda79a27a0>
DEBUG:root:StatList: appending 126296325344144 of type <class 'ir2.AssignStat'> to 126296326425440
DEBUG:root:accepting semicolon == semicolon
DEBUG:root:getsym: whilesym while
DEBUG:root:start <function statement at 0x72dda79a27a0>
DEBUG:root:accepting ident == whilesym
DEBUG:root:accepting callsym == whilesym
DEBUG:root:accepting beginsym == whilesym
DEBUG:root:accepting ifsym == whilesym
DEBUG:root:accepting whilesym == whilesym
DEBUG:root:getsym: ident i
DEBUG:root:start <function condition at 0x72dda79a2660>
DEBUG:root:accepting oddsym == ident
DEBUG:root:start <function expression at 0x72dda79a2520>
DEBUG:root:start <function term at 0x72dda79a23e0>
DEBUG:root:start <function factor at 0x72dda79a22a0>
DEBUG:root:accepting ident == ident
DEBUG:root:getsym: lss <
DEBUG:root:Looking up i
DEBUG:root:end <function factor at 0x72dda79a22a0>
DEBUG:root:end <function term at 0x72dda79a23e0>
DEBUG:root:end <function expression at 0x72dda79a2520>
DEBUG:root:getsym: ident arg
DEBUG:root:condition operator lss ident
DEBUG:root:start <function expression at 0x72dda79a2520>
DEBUG:root:start <function term at 0x72dda79a23e0>
DEBUG:root:start <function factor at 0x72dda79a22a0>
DEBUG:root:accepting ident == ident
DEBUG:root:getsym: dosym do
DEBUG:root:Looking up arg
DEBUG:root:Looking up in parent
DEBUG:root:Looking up arg
DEBUG:root:end <function factor at 0x72dda79a22a0>
DEBUG:root:end <function term at 0x72dda79a23e0>
DEBUG:root:end <function expression at 0x72dda79a2520>
DEBUG:root:end <function condition at 0x72dda79a2660>
DEBUG:root:expecting dosym
DEBUG:root:accepting dosym == dosym
DEBUG:root:getsym: beginsym begin
DEBUG:root:start <function statement at 0x72dda79a27a0>
DEBUG:root:accepting ident == beginsym
DEBUG:root:accepting callsym == beginsym
DEBUG:root:accepting beginsym == beginsym
DEBUG:root:getsym: ifsym if
DEBUG:root:StatList : new 126296325344432
DEBUG:root:start <function statement at 0x72dda79a27a0>
DEBUG:root:accepting ident == ifsym
DEBUG:root:accepting callsym == ifsym
DEBUG:root:accepting beginsym == ifsym
DEBUG:root:accepting ifsym == ifsym
DEBUG:root:getsym: ident arg
DEBUG:root:start <function condition at 0x72dda79a2660>
DEBUG:root:accepting oddsym == ident
DEBUG:root:start <function expression at 0x72dda79a2520>
DEBUG:root:start <function term at 0x72dda79a23e0>
DEBUG:root:start <function factor at 0x72dda79a22a0>
DEBUG:root:accepting ident == ident
DEBUG:root:getsym: slash /
DEBUG:root:Looking up arg
DEBUG:root:Looking up in parent
DEBUG:root:Looking up arg
DEBUG:root:end <function factor at 0x72dda79a22a0>
DEBUG:root:getsym: ident i
DEBUG:root:start <function factor at 0x72dda79a22a0>
DEBUG:root:accepting ident == ident
DEBUG:root:getsym: times *
DEBUG:root:Looking up i
DEBUG:root:end <function factor at 0x72dda79a22a0>
DEBUG:root:getsym: ident i
DEBUG:root:start <function factor at 0x72dda79a22a0>
DEBUG:root:accepting ident == ident
DEBUG:root:getsym: eql =
DEBUG:root:Looking up i
DEBUG:root:end <function factor at 0x72dda79a22a0>
DEBUG:root:end <function term at 0x72dda79a23e0>
DEBUG:root:end <function expression at 0x72dda79a2520>
DEBUG:root:getsym: ident arg
DEBUG:root:condition operator eql ident
DEBUG:root:start <function expression at 0x72dda79a2520>
DEBUG:root:start <function term at 0x72dda79a23e0>
DEBUG:root:start <function factor at 0x72dda79a22a0>
DEBUG:root:accepting ident == ident
DEBUG:root:getsym: thensym then
DEBUG:root:Looking up arg
DEBUG:root:Looking up in parent
DEBUG:root:Looking up arg
DEBUG:root:end <function factor at 0x72dda79a22a0>
DEBUG:root:end <function term at 0x72dda79a23e0>
DEBUG:root:end <function expression at 0x72dda79a2520>
DEBUG:root:end <function condition at 0x72dda79a2660>
DEBUG:root:expecting thensym
DEBUG:root:accepting thensym == thensym
DEBUG:root:getsym: beginsym begin
DEBUG:root:start <function statement at 0x72dda79a27a0>
DEBUG:root:accepting ident == beginsym
DEBUG:root:accepting callsym == beginsym
DEBUG:root:accepting beginsym == beginsym
DEBUG:root:getsym: ident ret
DEBUG:root:StatList : new 126296325344912
DEBUG:root:start <function statement at 0x72dda79a27a0>
DEBUG:root:accepting ident == ident
DEBUG:root:getsym: becomes :=
DEBUG:root:Looking up ret
DEBUG:root:Looking up in parent
DEBUG:root:Looking up ret
DEBUG:root:expecting becomes
DEBUG:root:accepting becomes == becomes
DEBUG:root:getsym: number 0
DEBUG:root:start <function expression at 0x72dda79a2520>
DEBUG:root:start <function term at 0x72dda79a23e0>
DEBUG:root:start <function factor at 0x72dda79a22a0>
DEBUG:root:accepting ident == number
DEBUG:root:accepting number == number
DEBUG:root:getsym: semicolon ;
DEBUG:root:end <function factor at 0x72dda79a22a0>
DEBUG:root:end <function term at 0x72dda79a23e0>
DEBUG:root:end <function expression at 0x72dda79a2520>
DEBUG:root:end <function statement at 0x72dda79a27a0>
DEBUG:root:StatList: appending 126296325345200 of type <class 'ir2.AssignStat'> to 126296325344912
DEBUG:root:accepting semicolon == semicolon
DEBUG:root:getsym: ident i
DEBUG:root:start <function statement at 0x72dda79a27a0>
DEBUG:root:accepting ident == ident
DEBUG:root:getsym: becomes :=
DEBUG:root:Looking up i
DEBUG:root:expecting becomes
DEBUG:root:accepting becomes == becomes
DEBUG:root:getsym: ident arg
DEBUG:root:start <function expression at 0x72dda79a2520>
DEBUG:root:start <function term at 0x72dda79a23e0>
DEBUG:root:start <function factor at 0x72dda79a22a0>
DEBUG:root:accepting ident == ident
DEBUG:root:getsym: semicolon ;
DEBUG:root:Looking up arg
DEBUG:root:Looking up in parent
DEBUG:root:Looking up arg
DEBUG:root:end <function factor at 0x72dda79a22a0>
DEBUG:root:end <function term at 0x72dda79a23e0>
DEBUG:root:end <function expression at 0x72dda79a2520>
DEBUG:root:end <function statement at 0x72dda79a27a0>
DEBUG:root:StatList: appending 126296325345296 of type <class 'ir2.AssignStat'> to 126296325344912
DEBUG:root:accepting semicolon == semicolon
DEBUG:root:getsym: endsym end
DEBUG:root:start <function statement at 0x72dda79a27a0>
DEBUG:root:accepting ident == endsym
DEBUG:root:accepting callsym == endsym
DEBUG:root:accepting beginsym == endsym
DEBUG:root:accepting ifsym == endsym
DEBUG:root:accepting whilesym == endsym
DEBUG:root:accepting print == endsym
DEBUG:root:end <function statement at 0x72dda79a27a0>
